device_id_a,state_id_a,round_id_a,challenge_id_a,device_id_b,state_id_b,round_id_b,challenge_id_b,group,score,source
F01,S0,A,C01,F01,S0,A,C02,same_device_same_state_diff_challenge,-0.0028315098107218,frozen_lifecycle
F01,S0,A,C01,F01,S0,A,C03,same_device_same_state_diff_challenge,-0.1028292958379079,frozen_lifecycle
F01,S0,A,C01,F01,S0,A,C04,same_device_same_state_diff_challenge,-0.1308021653521494,frozen_lifecycle
F01,S0,A,C01,F01,S0,A,C05,same_device_same_state_diff_challenge,-0.198260151351005,frozen_lifecycle
F01,S0,A,C01,F01,S0,A,C06,same_device_same_state_diff_challenge,-0.2554760985839032,frozen_lifecycle
F01,S0,A,C01,F01,S0,A,C07,same_device_same_state_diff_challenge,-0.1725920320516909,frozen_lifecycle
F01,S0,A,C01,F01,S0,A,C08,same_device_same_state_diff_challenge,-0.2563077690075667,frozen_lifecycle
F01,S0,A,C01,F01,S0,B,C01,same_device_same_state_same_challenge,0.8507126084718877,frozen_lifecycle
F01,S0,A,C01,F01,S2,A,C01,same_device_diff_state_same_challenge,-0.0048068198097848,frozen_lifecycle
F01,S0,A,C01,F02,S0,A,C01,diff_device_same_challenge,-0.0061896644330822,frozen_lifecycle
F01,S0,A,C01,F03,S0,A,C01,diff_device_same_challenge,0.0021364859327297,frozen_lifecycle
F01,S0,A,C01,F04,S0,A,C01,diff_device_same_challenge,0.0008711969282614,frozen_lifecycle
F01,S0,A,C01,F05,S0,A,C01,diff_device_same_challenge,-0.0024554209568043,frozen_lifecycle
F01,S0,A,C01,F06,S0,A,C01,diff_device_same_challenge,0.0032101480191362,frozen_lifecycle
F01,S0,A,C01,F07,S0,A,C01,diff_device_same_challenge,-0.0008030420090812,frozen_lifecycle
F01,S0,A,C01,F08,S0,A,C01,diff_device_same_challenge,-0.0031318630182208,frozen_lifecycle
F01,S0,A,C01,F09,S0,A,C01,diff_device_same_challenge,-0.0024069016997611,frozen_lifecycle
F01,S0,A,C01,F10,S0,A,C01,diff_device_same_challenge,0.0018256895238353,frozen_lifecycle
F01,S0,A,C01,F11,S0,A,C01,diff_device_same_challenge,0.000100041223185,frozen_lifecycle
F01,S0,A,C01,F12,S0,A,C01,diff_device_same_challenge,-0.0013398547272666,frozen_lifecycle
F01,S0,A,C01,F13,S0,A,C01,diff_device_same_challenge,-0.0068595408781506,frozen_lifecycle
F01,S0,A,C01,F14,S0,A,C01,diff_device_same_challenge,0.0005043959595365,frozen_lifecycle
F01,S0,A,C01,F15,S0,A,C01,diff_device_same_challenge,0.0036774779286106,frozen_lifecycle
F01,S0,A,C02,F01,S0,A,C03,same_device_same_state_diff_challenge,-0.1056606113989125,frozen_lifecycle
F01,S0,A,C02,F01,S0,A,C04,same_device_same_state_diff_challenge,-0.0583370299929527,frozen_lifecycle
F01,S0,A,C02,F01,S0,A,C05,same_device_same_state_diff_challenge,-0.1905268991352567,frozen_lifecycle
F01,S0,A,C02,F01,S0,A,C06,same_device_same_state_diff_challenge,-0.1921828215061618,frozen_lifecycle
F01,S0,A,C02,F01,S0,A,C07,same_device_same_state_diff_challenge,-0.2074440820955148,frozen_lifecycle
F01,S0,A,C02,F01,S0,A,C08,same_device_same_state_diff_challenge,-0.2639703443027099,frozen_lifecycle
F01,S0,A,C02,F01,S0,B,C02,same_device_same_state_same_challenge,0.7254312084241541,frozen_lifecycle
F01,S0,A,C02,F01,S2,A,C02,same_device_diff_state_same_challenge,0.0048055360031224,frozen_lifecycle
F01,S0,A,C02,F02,S0,A,C02,diff_device_same_challenge,-0.0055498341336887,frozen_lifecycle
F01,S0,A,C02,F03,S0,A,C02,diff_device_same_challenge,-0.003339946751432,frozen_lifecycle
F01,S0,A,C02,F04,S0,A,C02,diff_device_same_challenge,0.0022283631760405,frozen_lifecycle
F01,S0,A,C02,F05,S0,A,C02,diff_device_same_challenge,-0.0023092422927145,frozen_lifecycle
F01,S0,A,C02,F06,S0,A,C02,diff_device_same_challenge,0.0011216912543209,frozen_lifecycle
F01,S0,A,C02,F07,S0,A,C02,diff_device_same_challenge,-0.0021745314465852,frozen_lifecycle
F01,S0,A,C02,F08,S0,A,C02,diff_device_same_challenge,0.0007110074766007,frozen_lifecycle
F01,S0,A,C02,F09,S0,A,C02,diff_device_same_challenge,-0.0010908486116823,frozen_lifecycle
F01,S0,A,C02,F10,S0,A,C02,diff_device_same_challenge,0.005300772950881,frozen_lifecycle
F01,S0,A,C02,F11,S0,A,C02,diff_device_same_challenge,-0.0016324844772265,frozen_lifecycle
F01,S0,A,C02,F12,S0,A,C02,diff_device_same_challenge,-0.0030937632138994,frozen_lifecycle
F01,S0,A,C02,F13,S0,A,C02,diff_device_same_challenge,-0.0035301327633271,frozen_lifecycle
F01,S0,A,C02,F14,S0,A,C02,diff_device_same_challenge,-0.0100931883337373,frozen_lifecycle
F01,S0,A,C02,F15,S0,A,C02,diff_device_same_challenge,-0.0037606289925075,frozen_lifecycle
F01,S0,A,C03,F01,S0,A,C04,same_device_same_state_diff_challenge,-0.1556395329154442,frozen_lifecycle
F01,S0,A,C03,F01,S0,A,C05,same_device_same_state_diff_challenge,-0.0814030401358701,frozen_lifecycle
F01,S0,A,C03,F01,S0,A,C06,same_device_same_state_diff_challenge,-0.1477757406200807,frozen_lifecycle
F01,S0,A,C03,F01,S0,A,C07,same_device_same_state_diff_challenge,-0.1613080314248382,frozen_lifecycle
F01,S0,A,C03,F01,S0,A,C08,same_device_same_state_diff_challenge,-0.1895525819921948,frozen_lifecycle
F01,S0,A,C03,F01,S0,B,C03,same_device_same_state_same_challenge,0.871578772410336,frozen_lifecycle
F01,S0,A,C03,F01,S2,A,C03,same_device_diff_state_same_challenge,0.0012896040349019,frozen_lifecycle
F01,S0,A,C03,F02,S0,A,C03,diff_device_same_challenge,-0.0039651731075329,frozen_lifecycle
F01,S0,A,C03,F03,S0,A,C03,diff_device_same_challenge,-0.001378252467142,frozen_lifecycle
F01,S0,A,C03,F04,S0,A,C03,diff_device_same_challenge,0.0011161233463271,frozen_lifecycle
F01,S0,A,C03,F05,S0,A,C03,diff_device_same_challenge,-0.0083787815275057,frozen_lifecycle
F01,S0,A,C03,F06,S0,A,C03,diff_device_same_challenge,-0.0042805774655572,frozen_lifecycle
F01,S0,A,C03,F07,S0,A,C03,diff_device_same_challenge,-0.0007808276629327,frozen_lifecycle
F01,S0,A,C03,F08,S0,A,C03,diff_device_same_challenge,0.003248434237551,frozen_lifecycle
F01,S0,A,C03,F09,S0,A,C03,diff_device_same_challenge,-0.0046443399950988,frozen_lifecycle
F01,S0,A,C03,F10,S0,A,C03,diff_device_same_challenge,-0.0037364592309593,frozen_lifecycle
F01,S0,A,C03,F11,S0,A,C03,diff_device_same_challenge,-0.0004943553287012,frozen_lifecycle
F01,S0,A,C03,F12,S0,A,C03,diff_device_same_challenge,0.0081447023287338,frozen_lifecycle
F01,S0,A,C03,F13,S0,A,C03,diff_device_same_challenge,0.0032707458668566,frozen_lifecycle
F01,S0,A,C03,F14,S0,A,C03,diff_device_same_challenge,0.0002554087922452,frozen_lifecycle
F01,S0,A,C03,F15,S0,A,C03,diff_device_same_challenge,0.0022530726279971,frozen_lifecycle
F01,S0,A,C04,F01,S0,A,C05,same_device_same_state_diff_challenge,-0.1624884961000162,frozen_lifecycle
F01,S0,A,C04,F01,S0,A,C06,same_device_same_state_diff_challenge,-0.136821076002419,frozen_lifecycle
F01,S0,A,C04,F01,S0,A,C07,same_device_same_state_diff_challenge,-0.1228883276298087,frozen_lifecycle
F01,S0,A,C04,F01,S0,A,C08,same_device_same_state_diff_challenge,-0.1806340655082465,frozen_lifecycle
F01,S0,A,C04,F01,S0,B,C04,same_device_same_state_same_challenge,0.6494800504537855,frozen_lifecycle
F01,S0,A,C04,F01,S2,A,C04,same_device_diff_state_same_challenge,0.0009243008556039,frozen_lifecycle
F01,S0,A,C04,F02,S0,A,C04,diff_device_same_challenge,-0.0071758764559187,frozen_lifecycle
F01,S0,A,C04,F03,S0,A,C04,diff_device_same_challenge,-0.0059508968701377,frozen_lifecycle
F01,S0,A,C04,F04,S0,A,C04,diff_device_same_challenge,-0.0019213057378302,frozen_lifecycle
F01,S0,A,C04,F05,S0,A,C04,diff_device_same_challenge,-0.0003400102652003,frozen_lifecycle
F01,S0,A,C04,F06,S0,A,C04,diff_device_same_challenge,-0.0025543233715995,frozen_lifecycle
F01,S0,A,C04,F07,S0,A,C04,diff_device_same_challenge,0.0007675058211063,frozen_lifecycle
F01,S0,A,C04,F08,S0,A,C04,diff_device_same_challenge,0.0018521429942714,frozen_lifecycle
F01,S0,A,C04,F09,S0,A,C04,diff_device_same_challenge,-0.0016659112748,frozen_lifecycle
F01,S0,A,C04,F10,S0,A,C04,diff_device_same_challenge,0.0008213191198854,frozen_lifecycle
F01,S0,A,C04,F11,S0,A,C04,diff_device_same_challenge,-0.0057522460586594,frozen_lifecycle
F01,S0,A,C04,F12,S0,A,C04,diff_device_same_challenge,0.0078902242362082,frozen_lifecycle
F01,S0,A,C04,F13,S0,A,C04,diff_device_same_challenge,0.0035803598781434,frozen_lifecycle
F01,S0,A,C04,F14,S0,A,C04,diff_device_same_challenge,0.0001844856996864,frozen_lifecycle
F01,S0,A,C04,F15,S0,A,C04,diff_device_same_challenge,0.0004012420920751,frozen_lifecycle
F01,S0,A,C05,F01,S0,A,C06,same_device_same_state_diff_challenge,-0.1088209747245251,frozen_lifecycle
F01,S0,A,C05,F01,S0,A,C07,same_device_same_state_diff_challenge,-0.1150566932731186,frozen_lifecycle
F01,S0,A,C05,F01,S0,A,C08,same_device_same_state_diff_challenge,-0.0729489676394368,frozen_lifecycle
F01,S0,A,C05,F01,S0,B,C05,same_device_same_state_same_challenge,0.8501476389904942,frozen_lifecycle
F01,S0,A,C05,F01,S2,A,C05,same_device_diff_state_same_challenge,0.0063019290289053,frozen_lifecycle
F01,S0,A,C05,F02,S0,A,C05,diff_device_same_challenge,-0.0005485624060484,frozen_lifecycle
F01,S0,A,C05,F03,S0,A,C05,diff_device_same_challenge,-0.0036214132559696,frozen_lifecycle
F01,S0,A,C05,F04,S0,A,C05,diff_device_same_challenge,-0.0011565626402892,frozen_lifecycle
F01,S0,A,C05,F05,S0,A,C05,diff_device_same_challenge,0.0004592128301347,frozen_lifecycle
F01,S0,A,C05,F06,S0,A,C05,diff_device_same_challenge,0.003508326167736,frozen_lifecycle
F01,S0,A,C05,F07,S0,A,C05,diff_device_same_challenge,0.0008907808268497,frozen_lifecycle
F01,S0,A,C05,F08,S0,A,C05,diff_device_same_challenge,0.0023142344552514,frozen_lifecycle
F01,S0,A,C05,F09,S0,A,C05,diff_device_same_challenge,0.003057262749482,frozen_lifecycle
F01,S0,A,C05,F10,S0,A,C05,diff_device_same_challenge,-0.0064114538241811,frozen_lifecycle
F01,S0,A,C05,F11,S0,A,C05,diff_device_same_challenge,0.0035776612702831,frozen_lifecycle
F01,S0,A,C05,F12,S0,A,C05,diff_device_same_challenge,0.0011647396563925,frozen_lifecycle
F01,S0,A,C05,F13,S0,A,C05,diff_device_same_challenge,-0.0031507682725773,frozen_lifecycle
F01,S0,A,C05,F14,S0,A,C05,diff_device_same_challenge,-0.001363709520229,frozen_lifecycle
F01,S0,A,C05,F15,S0,A,C05,diff_device_same_challenge,0.0018657776668539,frozen_lifecycle
F01,S0,A,C06,F01,S0,A,C07,same_device_same_state_diff_challenge,-0.1543649448864703,frozen_lifecycle
F01,S0,A,C06,F01,S0,A,C08,same_device_same_state_diff_challenge,-0.0139999557445602,frozen_lifecycle
F01,S0,A,C06,F01,S0,B,C06,same_device_same_state_same_challenge,0.8464615281952013,frozen_lifecycle
F01,S0,A,C06,F01,S2,A,C06,same_device_diff_state_same_challenge,0.0003279191232349,frozen_lifecycle
F01,S0,A,C06,F02,S0,A,C06,diff_device_same_challenge,-0.0049791254633945,frozen_lifecycle
F01,S0,A,C06,F03,S0,A,C06,diff_device_same_challenge,0.0031090400382315,frozen_lifecycle
F01,S0,A,C06,F04,S0,A,C06,diff_device_same_challenge,-0.0060286004620181,frozen_lifecycle
F01,S0,A,C06,F05,S0,A,C06,diff_device_same_challenge,-0.008299817311634,frozen_lifecycle
F01,S0,A,C06,F06,S0,A,C06,diff_device_same_challenge,0.0013392364276974,frozen_lifecycle
F01,S0,A,C06,F07,S0,A,C06,diff_device_same_challenge,-0.0021495232511736,frozen_lifecycle
F01,S0,A,C06,F08,S0,A,C06,diff_device_same_challenge,-0.0033343457090257,frozen_lifecycle
F01,S0,A,C06,F09,S0,A,C06,diff_device_same_challenge,0.0006482139692113,frozen_lifecycle
F01,S0,A,C06,F10,S0,A,C06,diff_device_same_challenge,-0.0086591746683772,frozen_lifecycle
F01,S0,A,C06,F11,S0,A,C06,diff_device_same_challenge,-0.0019847524262102,frozen_lifecycle
F01,S0,A,C06,F12,S0,A,C06,diff_device_same_challenge,-0.0048960869631987,frozen_lifecycle
F01,S0,A,C06,F13,S0,A,C06,diff_device_same_challenge,0.0045736668897731,frozen_lifecycle
F01,S0,A,C06,F14,S0,A,C06,diff_device_same_challenge,-0.0002064428360362,frozen_lifecycle
F01,S0,A,C06,F15,S0,A,C06,diff_device_same_challenge,0.0047028023005465,frozen_lifecycle
F01,S0,A,C07,F01,S0,A,C08,same_device_same_state_diff_challenge,-0.047349619596814,frozen_lifecycle
F01,S0,A,C07,F01,S0,B,C07,same_device_same_state_same_challenge,0.8676229920939524,frozen_lifecycle
F01,S0,A,C07,F01,S2,A,C07,same_device_diff_state_same_challenge,0.0030341840510168,frozen_lifecycle
F01,S0,A,C07,F02,S0,A,C07,diff_device_same_challenge,0.0003754931809033,frozen_lifecycle
F01,S0,A,C07,F03,S0,A,C07,diff_device_same_challenge,-0.0042385719039967,frozen_lifecycle
F01,S0,A,C07,F04,S0,A,C07,diff_device_same_challenge,-0.0034783613135654,frozen_lifecycle
F01,S0,A,C07,F05,S0,A,C07,diff_device_same_challenge,0.0054055354688213,frozen_lifecycle
F01,S0,A,C07,F06,S0,A,C07,diff_device_same_challenge,0.0009422922935686,frozen_lifecycle
F01,S0,A,C07,F07,S0,A,C07,diff_device_same_challenge,-0.0026587307491723,frozen_lifecycle
F01,S0,A,C07,F08,S0,A,C07,diff_device_same_challenge,-0.0055234689921536,frozen_lifecycle
F01,S0,A,C07,F09,S0,A,C07,diff_device_same_challenge,0.004494226307619,frozen_lifecycle
F01,S0,A,C07,F10,S0,A,C07,diff_device_same_challenge,0.0013041299530099,frozen_lifecycle
F01,S0,A,C07,F11,S0,A,C07,diff_device_same_challenge,-0.0012078949516151,frozen_lifecycle
F01,S0,A,C07,F12,S0,A,C07,diff_device_same_challenge,-0.0013004011247399,frozen_lifecycle
F01,S0,A,C07,F13,S0,A,C07,diff_device_same_challenge,-0.0009976575729875,frozen_lifecycle
F01,S0,A,C07,F14,S0,A,C07,diff_device_same_challenge,0.0032837818484467,frozen_lifecycle
F01,S0,A,C07,F15,S0,A,C07,diff_device_same_challenge,0.0045402630830897,frozen_lifecycle
F01,S0,A,C08,F01,S0,B,C08,same_device_same_state_same_challenge,0.8974279552331231,frozen_lifecycle
F01,S0,A,C08,F01,S2,A,C08,same_device_diff_state_same_challenge,0.0021100153839328,frozen_lifecycle
F01,S0,A,C08,F02,S0,A,C08,diff_device_same_challenge,-0.0023287078230908,frozen_lifecycle
F01,S0,A,C08,F03,S0,A,C08,diff_device_same_challenge,0.0006478658722775,frozen_lifecycle
F01,S0,A,C08,F04,S0,A,C08,diff_device_same_challenge,-0.0066545778834595,frozen_lifecycle
F01,S0,A,C08,F05,S0,A,C08,diff_device_same_challenge,-0.0040291020171318,frozen_lifecycle
F01,S0,A,C08,F06,S0,A,C08,diff_device_same_challenge,0.0055997825026639,frozen_lifecycle
F01,S0,A,C08,F07,S0,A,C08,diff_device_same_challenge,0.0044811713333571,frozen_lifecycle
F01,S0,A,C08,F08,S0,A,C08,diff_device_same_challenge,0.0083967774464495,frozen_lifecycle
F01,S0,A,C08,F09,S0,A,C08,diff_device_same_challenge,0.0011163186996437,frozen_lifecycle
F01,S0,A,C08,F10,S0,A,C08,diff_device_same_challenge,-0.0035654195652556,frozen_lifecycle
F01,S0,A,C08,F11,S0,A,C08,diff_device_same_challenge,-0.0041263208647486,frozen_lifecycle
F01,S0,A,C08,F12,S0,A,C08,diff_device_same_challenge,-0.0008098370840606,frozen_lifecycle
F01,S0,A,C08,F13,S0,A,C08,diff_device_same_challenge,-0.001987345429993,frozen_lifecycle
F01,S0,A,C08,F14,S0,A,C08,diff_device_same_challenge,-0.0042783583283703,frozen_lifecycle
F01,S0,A,C08,F15,S0,A,C08,diff_device_same_challenge,-0.0046765512254917,frozen_lifecycle
F01,S0,B,C01,F01,S0,B,C02,same_device_same_state_diff_challenge,0.0609015374356347,frozen_lifecycle
F01,S0,B,C01,F01,S0,B,C03,same_device_same_state_diff_challenge,-0.1194617274205801,frozen_lifecycle
F01,S0,B,C01,F01,S0,B,C04,same_device_same_state_diff_challenge,-0.2360501478726568,frozen_lifecycle
F01,S0,B,C01,F01,S0,B,C05,same_device_same_state_diff_challenge,-0.2188120014437218,frozen_lifecycle
F01,S0,B,C01,F01,S0,B,C06,same_device_same_state_diff_challenge,-0.2454221932121598,frozen_lifecycle
F01,S0,B,C01,F01,S0,B,C07,same_device_same_state_diff_challenge,-0.1847946652463328,frozen_lifecycle
F01,S0,B,C01,F01,S0,B,C08,same_device_same_state_diff_challenge,-0.2591009676679829,frozen_lifecycle
F01,S0,B,C01,F01,S2,B,C01,same_device_diff_state_same_challenge,0.0022957853841049,frozen_lifecycle
F01,S0,B,C01,F02,S0,B,C01,diff_device_same_challenge,-0.0060198374693566,frozen_lifecycle
F01,S0,B,C01,F03,S0,B,C01,diff_device_same_challenge,0.0049816340737986,frozen_lifecycle
F01,S0,B,C01,F04,S0,B,C01,diff_device_same_challenge,0.003626121254649,frozen_lifecycle
F01,S0,B,C01,F05,S0,B,C01,diff_device_same_challenge,0.0008492532848748,frozen_lifecycle
F01,S0,B,C01,F06,S0,B,C01,diff_device_same_challenge,0.0030863864644811,frozen_lifecycle
F01,S0,B,C01,F07,S0,B,C01,diff_device_same_challenge,-0.0032857678465119,frozen_lifecycle
F01,S0,B,C01,F08,S0,B,C01,diff_device_same_challenge,-0.0051967639003606,frozen_lifecycle
F01,S0,B,C01,F09,S0,B,C01,diff_device_same_challenge,0.000404794169622,frozen_lifecycle
F01,S0,B,C01,F10,S0,B,C01,diff_device_same_challenge,0.0041324018766434,frozen_lifecycle
F01,S0,B,C01,F11,S0,B,C01,diff_device_same_challenge,-0.0014166309859325,frozen_lifecycle
F01,S0,B,C01,F12,S0,B,C01,diff_device_same_challenge,-0.0006721529386294,frozen_lifecycle
F01,S0,B,C01,F13,S0,B,C01,diff_device_same_challenge,-0.0011475927556555,frozen_lifecycle
F01,S0,B,C01,F14,S0,B,C01,diff_device_same_challenge,0.0009890733582395,frozen_lifecycle
F01,S0,B,C01,F15,S0,B,C01,diff_device_same_challenge,0.0006157449544439,frozen_lifecycle
F01,S0,B,C02,F01,S0,B,C03,same_device_same_state_diff_challenge,-0.0711720000419207,frozen_lifecycle
F01,S0,B,C02,F01,S0,B,C04,same_device_same_state_diff_challenge,-0.1924294441890142,frozen_lifecycle
F01,S0,B,C02,F01,S0,B,C05,same_device_same_state_diff_challenge,-0.1845615070292683,frozen_lifecycle
F01,S0,B,C02,F01,S0,B,C06,same_device_same_state_diff_challenge,-0.2309595589355127,frozen_lifecycle
F01,S0,B,C02,F01,S0,B,C07,same_device_same_state_diff_challenge,-0.1777615669276954,frozen_lifecycle
F01,S0,B,C02,F01,S0,B,C08,same_device_same_state_diff_challenge,-0.2660550540375352,frozen_lifecycle
F01,S0,B,C02,F01,S2,B,C02,same_device_diff_state_same_challenge,0.0047882051303663,frozen_lifecycle
F01,S0,B,C02,F02,S0,B,C02,diff_device_same_challenge,-0.0018678110835589,frozen_lifecycle
F01,S0,B,C02,F03,S0,B,C02,diff_device_same_challenge,-0.0049172268710051,frozen_lifecycle
F01,S0,B,C02,F04,S0,B,C02,diff_device_same_challenge,0.0005048102587924,frozen_lifecycle
F01,S0,B,C02,F05,S0,B,C02,diff_device_same_challenge,0.0003995901553021,frozen_lifecycle
F01,S0,B,C02,F06,S0,B,C02,diff_device_same_challenge,-0.0024171527283133,frozen_lifecycle
F01,S0,B,C02,F07,S0,B,C02,diff_device_same_challenge,0.0052329142278016,frozen_lifecycle
F01,S0,B,C02,F08,S0,B,C02,diff_device_same_challenge,0.0004500150252634,frozen_lifecycle
F01,S0,B,C02,F09,S0,B,C02,diff_device_same_challenge,0.0033965371473664,frozen_lifecycle
F01,S0,B,C02,F10,S0,B,C02,diff_device_same_challenge,0.0027243671470065,frozen_lifecycle
F01,S0,B,C02,F11,S0,B,C02,diff_device_same_challenge,0.0013554528475064,frozen_lifecycle
F01,S0,B,C02,F12,S0,B,C02,diff_device_same_challenge,0.0040026145714893,frozen_lifecycle
F01,S0,B,C02,F13,S0,B,C02,diff_device_same_challenge,-0.0015760700922713,frozen_lifecycle
F01,S0,B,C02,F14,S0,B,C02,diff_device_same_challenge,-0.000442401996482,frozen_lifecycle
F01,S0,B,C02,F15,S0,B,C02,diff_device_same_challenge,-0.0018946540053277,frozen_lifecycle
F01,S0,B,C03,F01,S0,B,C04,same_device_same_state_diff_challenge,-0.1591617708825578,frozen_lifecycle
F01,S0,B,C03,F01,S0,B,C05,same_device_same_state_diff_challenge,-0.0824115007484841,frozen_lifecycle
F01,S0,B,C03,F01,S0,B,C06,same_device_same_state_diff_challenge,-0.13980573739301,frozen_lifecycle
F01,S0,B,C03,F01,S0,B,C07,same_device_same_state_diff_challenge,-0.1708275710907738,frozen_lifecycle
F01,S0,B,C03,F01,S0,B,C08,same_device_same_state_diff_challenge,-0.1975214625706282,frozen_lifecycle
F01,S0,B,C03,F01,S2,B,C03,same_device_diff_state_same_challenge,-0.0045764544730104,frozen_lifecycle
F01,S0,B,C03,F02,S0,B,C03,diff_device_same_challenge,-0.0030928193369306,frozen_lifecycle
F01,S0,B,C03,F03,S0,B,C03,diff_device_same_challenge,0.0019675941024336,frozen_lifecycle
F01,S0,B,C03,F04,S0,B,C03,diff_device_same_challenge,9.659104131763796e-05,frozen_lifecycle
F01,S0,B,C03,F05,S0,B,C03,diff_device_same_challenge,-0.0081533793299226,frozen_lifecycle
F01,S0,B,C03,F06,S0,B,C03,diff_device_same_challenge,0.0012843829287531,frozen_lifecycle
F01,S0,B,C03,F07,S0,B,C03,diff_device_same_challenge,0.0003036953789016,frozen_lifecycle
F01,S0,B,C03,F08,S0,B,C03,diff_device_same_challenge,0.0040910775747882,frozen_lifecycle
F01,S0,B,C03,F09,S0,B,C03,diff_device_same_challenge,-0.0034783956801462,frozen_lifecycle
F01,S0,B,C03,F10,S0,B,C03,diff_device_same_challenge,-0.0003590425904024,frozen_lifecycle
F01,S0,B,C03,F11,S0,B,C03,diff_device_same_challenge,0.0012218352428839,frozen_lifecycle
F01,S0,B,C03,F12,S0,B,C03,diff_device_same_challenge,0.0051492794610118,frozen_lifecycle
F01,S0,B,C03,F13,S0,B,C03,diff_device_same_challenge,0.0004554902571256,frozen_lifecycle
F01,S0,B,C03,F14,S0,B,C03,diff_device_same_challenge,0.0018055437347381,frozen_lifecycle
F01,S0,B,C03,F15,S0,B,C03,diff_device_same_challenge,0.0026232759961549,frozen_lifecycle
F01,S0,B,C04,F01,S0,B,C05,same_device_same_state_diff_challenge,-0.1011050606452856,frozen_lifecycle
F01,S0,B,C04,F01,S0,B,C06,same_device_same_state_diff_challenge,-0.0150187270627673,frozen_lifecycle
F01,S0,B,C04,F01,S0,B,C07,same_device_same_state_diff_challenge,-0.1441254979627866,frozen_lifecycle
F01,S0,B,C04,F01,S0,B,C08,same_device_same_state_diff_challenge,-0.0950513324353614,frozen_lifecycle
F01,S0,B,C04,F01,S2,B,C04,same_device_diff_state_same_challenge,0.0037529686257191,frozen_lifecycle
F01,S0,B,C04,F02,S0,B,C04,diff_device_same_challenge,0.0029576075368588,frozen_lifecycle
F01,S0,B,C04,F03,S0,B,C04,diff_device_same_challenge,-0.0024320743940156,frozen_lifecycle
F01,S0,B,C04,F04,S0,B,C04,diff_device_same_challenge,0.0010401672441986,frozen_lifecycle
F01,S0,B,C04,F05,S0,B,C04,diff_device_same_challenge,0.0021805187287897,frozen_lifecycle
F01,S0,B,C04,F06,S0,B,C04,diff_device_same_challenge,-0.0010766135012326,frozen_lifecycle
F01,S0,B,C04,F07,S0,B,C04,diff_device_same_challenge,0.0004325619172947,frozen_lifecycle
F01,S0,B,C04,F08,S0,B,C04,diff_device_same_challenge,0.0041173526234022,frozen_lifecycle
F01,S0,B,C04,F09,S0,B,C04,diff_device_same_challenge,0.0055679735058951,frozen_lifecycle
F01,S0,B,C04,F10,S0,B,C04,diff_device_same_challenge,-0.0016925639871197,frozen_lifecycle
F01,S0,B,C04,F11,S0,B,C04,diff_device_same_challenge,5.8182233357018055e-05,frozen_lifecycle
F01,S0,B,C04,F12,S0,B,C04,diff_device_same_challenge,0.006026154424654,frozen_lifecycle
F01,S0,B,C04,F13,S0,B,C04,diff_device_same_challenge,0.0050005498610378,frozen_lifecycle
F01,S0,B,C04,F14,S0,B,C04,diff_device_same_challenge,0.0032902488598482,frozen_lifecycle
F01,S0,B,C04,F15,S0,B,C04,diff_device_same_challenge,-0.0023100797584942,frozen_lifecycle
F01,S0,B,C05,F01,S0,B,C06,same_device_same_state_diff_challenge,-0.1254430179240254,frozen_lifecycle
F01,S0,B,C05,F01,S0,B,C07,same_device_same_state_diff_challenge,-0.1451325073286387,frozen_lifecycle
F01,S0,B,C05,F01,S0,B,C08,same_device_same_state_diff_challenge,-0.0649587057737104,frozen_lifecycle
F01,S0,B,C05,F01,S2,B,C05,same_device_diff_state_same_challenge,0.00619321368086,frozen_lifecycle
F01,S0,B,C05,F02,S0,B,C05,diff_device_same_challenge,-0.003834368795815,frozen_lifecycle
F01,S0,B,C05,F03,S0,B,C05,diff_device_same_challenge,-0.0020464632493872,frozen_lifecycle
F01,S0,B,C05,F04,S0,B,C05,diff_device_same_challenge,0.0007798710647242,frozen_lifecycle
F01,S0,B,C05,F05,S0,B,C05,diff_device_same_challenge,-0.0001290746443284,frozen_lifecycle
F01,S0,B,C05,F06,S0,B,C05,diff_device_same_challenge,0.0067989730295412,frozen_lifecycle
F01,S0,B,C05,F07,S0,B,C05,diff_device_same_challenge,-0.0029142371347067,frozen_lifecycle
F01,S0,B,C05,F08,S0,B,C05,diff_device_same_challenge,0.0009763247801907,frozen_lifecycle
F01,S0,B,C05,F09,S0,B,C05,diff_device_same_challenge,0.0042412796938546,frozen_lifecycle
F01,S0,B,C05,F10,S0,B,C05,diff_device_same_challenge,-0.005235900126089,frozen_lifecycle
F01,S0,B,C05,F11,S0,B,C05,diff_device_same_challenge,0.0077013292344882,frozen_lifecycle
F01,S0,B,C05,F12,S0,B,C05,diff_device_same_challenge,0.0009648638987955,frozen_lifecycle
F01,S0,B,C05,F13,S0,B,C05,diff_device_same_challenge,0.0021351372008723,frozen_lifecycle
F01,S0,B,C05,F14,S0,B,C05,diff_device_same_challenge,-0.0006061833023373,frozen_lifecycle
F01,S0,B,C05,F15,S0,B,C05,diff_device_same_challenge,-0.0006798160412702,frozen_lifecycle
F01,S0,B,C06,F01,S0,B,C07,same_device_same_state_diff_challenge,-0.116039452727679,frozen_lifecycle
F01,S0,B,C06,F01,S0,B,C08,same_device_same_state_diff_challenge,-0.0551166794335989,frozen_lifecycle
F01,S0,B,C06,F01,S2,B,C06,same_device_diff_state_same_challenge,0.0004493183084972,frozen_lifecycle
F01,S0,B,C06,F02,S0,B,C06,diff_device_same_challenge,-0.0047191787409547,frozen_lifecycle
F01,S0,B,C06,F03,S0,B,C06,diff_device_same_challenge,0.0050054809238789,frozen_lifecycle
F01,S0,B,C06,F04,S0,B,C06,diff_device_same_challenge,-0.0082010203851279,frozen_lifecycle
F01,S0,B,C06,F05,S0,B,C06,diff_device_same_challenge,-0.0034618791463286,frozen_lifecycle
F01,S0,B,C06,F06,S0,B,C06,diff_device_same_challenge,0.0008698494747282,frozen_lifecycle
F01,S0,B,C06,F07,S0,B,C06,diff_device_same_challenge,0.0036527081759031,frozen_lifecycle
F01,S0,B,C06,F08,S0,B,C06,diff_device_same_challenge,-0.0045416411019536,frozen_lifecycle
F01,S0,B,C06,F09,S0,B,C06,diff_device_same_challenge,-0.000181687757176,frozen_lifecycle
F01,S0,B,C06,F10,S0,B,C06,diff_device_same_challenge,-0.0029360370506167,frozen_lifecycle
F01,S0,B,C06,F11,S0,B,C06,diff_device_same_challenge,-0.0022260919881868,frozen_lifecycle
F01,S0,B,C06,F12,S0,B,C06,diff_device_same_challenge,-0.00240105078274,frozen_lifecycle
F01,S0,B,C06,F13,S0,B,C06,diff_device_same_challenge,0.0018525839483119,frozen_lifecycle
F01,S0,B,C06,F14,S0,B,C06,diff_device_same_challenge,-0.000223057814986,frozen_lifecycle
F01,S0,B,C06,F15,S0,B,C06,diff_device_same_challenge,0.0048528666388402,frozen_lifecycle
F01,S0,B,C07,F01,S0,B,C08,same_device_same_state_diff_challenge,-0.0390821322294624,frozen_lifecycle
F01,S0,B,C07,F01,S2,B,C07,same_device_diff_state_same_challenge,0.0054580728691094,frozen_lifecycle
F01,S0,B,C07,F02,S0,B,C07,diff_device_same_challenge,-0.0039925822692746,frozen_lifecycle
F01,S0,B,C07,F03,S0,B,C07,diff_device_same_challenge,-0.003776234776455,frozen_lifecycle
F01,S0,B,C07,F04,S0,B,C07,diff_device_same_challenge,0.0009194844909686,frozen_lifecycle
F01,S0,B,C07,F05,S0,B,C07,diff_device_same_challenge,0.0014986295250768,frozen_lifecycle
F01,S0,B,C07,F06,S0,B,C07,diff_device_same_challenge,-0.0051277848726901,frozen_lifecycle
F01,S0,B,C07,F07,S0,B,C07,diff_device_same_challenge,-0.0034243513578909,frozen_lifecycle
F01,S0,B,C07,F08,S0,B,C07,diff_device_same_challenge,-0.0005509812772068,frozen_lifecycle
F01,S0,B,C07,F09,S0,B,C07,diff_device_same_challenge,-0.0041486387968621,frozen_lifecycle
F01,S0,B,C07,F10,S0,B,C07,diff_device_same_challenge,0.0054901861873147,frozen_lifecycle
F01,S0,B,C07,F11,S0,B,C07,diff_device_same_challenge,-0.0010521463684057,frozen_lifecycle
F01,S0,B,C07,F12,S0,B,C07,diff_device_same_challenge,0.0005880389787833,frozen_lifecycle
F01,S0,B,C07,F13,S0,B,C07,diff_device_same_challenge,-0.0010759888711167,frozen_lifecycle
F01,S0,B,C07,F14,S0,B,C07,diff_device_same_challenge,0.0016994013886656,frozen_lifecycle
F01,S0,B,C07,F15,S0,B,C07,diff_device_same_challenge,0.0028595306352183,frozen_lifecycle
F01,S0,B,C08,F01,S2,B,C08,same_device_diff_state_same_challenge,-0.0009910347037866,frozen_lifecycle
F01,S0,B,C08,F02,S0,B,C08,diff_device_same_challenge,-0.0045837981465452,frozen_lifecycle
F01,S0,B,C08,F03,S0,B,C08,diff_device_same_challenge,0.0019841351660985,frozen_lifecycle
F01,S0,B,C08,F04,S0,B,C08,diff_device_same_challenge,-0.0043266672562686,frozen_lifecycle
F01,S0,B,C08,F05,S0,B,C08,diff_device_same_challenge,-0.0059164354703724,frozen_lifecycle
F01,S0,B,C08,F06,S0,B,C08,diff_device_same_challenge,0.0026108942386426,frozen_lifecycle
F01,S0,B,C08,F07,S0,B,C08,diff_device_same_challenge,0.005255976807211,frozen_lifecycle
F01,S0,B,C08,F08,S0,B,C08,diff_device_same_challenge,0.0068816319058934,frozen_lifecycle
F01,S0,B,C08,F09,S0,B,C08,diff_device_same_challenge,8.706122582769176e-05,frozen_lifecycle
F01,S0,B,C08,F10,S0,B,C08,diff_device_same_challenge,-0.0036512619007457,frozen_lifecycle
F01,S0,B,C08,F11,S0,B,C08,diff_device_same_challenge,-0.0025601606771169,frozen_lifecycle
F01,S0,B,C08,F12,S0,B,C08,diff_device_same_challenge,-0.0057426576553461,frozen_lifecycle
F01,S0,B,C08,F13,S0,B,C08,diff_device_same_challenge,0.0033682488752645,frozen_lifecycle
F01,S0,B,C08,F14,S0,B,C08,diff_device_same_challenge,-0.0039593182702714,frozen_lifecycle
F01,S0,B,C08,F15,S0,B,C08,diff_device_same_challenge,-0.0020811009376772,frozen_lifecycle
F01,S2,A,C01,F01,S2,A,C02,same_device_same_state_diff_challenge,-0.0258473894804282,frozen_lifecycle
F01,S2,A,C01,F01,S2,A,C03,same_device_same_state_diff_challenge,-0.0606318938813551,frozen_lifecycle
F01,S2,A,C01,F01,S2,A,C04,same_device_same_state_diff_challenge,-0.1336247530060705,frozen_lifecycle
F01,S2,A,C01,F01,S2,A,C05,same_device_same_state_diff_challenge,-0.2192856734313782,frozen_lifecycle
F01,S2,A,C01,F01,S2,A,C06,same_device_same_state_diff_challenge,-0.230901779359284,frozen_lifecycle
F01,S2,A,C01,F01,S2,A,C07,same_device_same_state_diff_challenge,-0.2300758078844672,frozen_lifecycle
F01,S2,A,C01,F01,S2,A,C08,same_device_same_state_diff_challenge,-0.1712998602461174,frozen_lifecycle
F01,S2,A,C01,F01,S2,B,C01,same_device_same_state_same_challenge,0.2121302633867715,frozen_lifecycle
F01,S2,A,C01,F02,S2,A,C01,diff_device_same_challenge,-0.0025272127394029,frozen_lifecycle
F01,S2,A,C01,F03,S2,A,C01,diff_device_same_challenge,0.0025162636053766,frozen_lifecycle
F01,S2,A,C01,F04,S2,A,C01,diff_device_same_challenge,-0.0004702356988969,frozen_lifecycle
F01,S2,A,C01,F05,S2,A,C01,diff_device_same_challenge,0.0041671168132627,frozen_lifecycle
F01,S2,A,C01,F06,S2,A,C01,diff_device_same_challenge,0.0057031546998945,frozen_lifecycle
F01,S2,A,C01,F07,S2,A,C01,diff_device_same_challenge,-0.002270919561954,frozen_lifecycle
F01,S2,A,C01,F08,S2,A,C01,diff_device_same_challenge,0.0061662847113551,frozen_lifecycle
F01,S2,A,C01,F09,S2,A,C01,diff_device_same_challenge,-0.0068010630976888,frozen_lifecycle
F01,S2,A,C01,F10,S2,A,C01,diff_device_same_challenge,0.0017924101389027,frozen_lifecycle
F01,S2,A,C01,F11,S2,A,C01,diff_device_same_challenge,-0.0013972963673973,frozen_lifecycle
F01,S2,A,C01,F12,S2,A,C01,diff_device_same_challenge,-0.0026253021081332,frozen_lifecycle
F01,S2,A,C01,F13,S2,A,C01,diff_device_same_challenge,-0.0069825878789908,frozen_lifecycle
F01,S2,A,C01,F14,S2,A,C01,diff_device_same_challenge,-0.0002766676940662,frozen_lifecycle
F01,S2,A,C01,F15,S2,A,C01,diff_device_same_challenge,-0.0009830097477544,frozen_lifecycle
F01,S2,A,C02,F01,S2,A,C03,same_device_same_state_diff_challenge,-0.0246008362009492,frozen_lifecycle
F01,S2,A,C02,F01,S2,A,C04,same_device_same_state_diff_challenge,-0.1532736865188376,frozen_lifecycle
F01,S2,A,C02,F01,S2,A,C05,same_device_same_state_diff_challenge,-0.2313749722468017,frozen_lifecycle
F01,S2,A,C02,F01,S2,A,C06,same_device_same_state_diff_challenge,-0.2484667167753329,frozen_lifecycle
F01,S2,A,C02,F01,S2,A,C07,same_device_same_state_diff_challenge,-0.240611436089565,frozen_lifecycle
F01,S2,A,C02,F01,S2,A,C08,same_device_same_state_diff_challenge,-0.1917517762366341,frozen_lifecycle
F01,S2,A,C02,F01,S2,B,C02,same_device_same_state_same_challenge,0.4932586726041363,frozen_lifecycle
F01,S2,A,C02,F02,S2,A,C02,diff_device_same_challenge,0.0013341202050109,frozen_lifecycle
F01,S2,A,C02,F03,S2,A,C02,diff_device_same_challenge,0.0030686171896842,frozen_lifecycle
F01,S2,A,C02,F04,S2,A,C02,diff_device_same_challenge,-0.0050194501558953,frozen_lifecycle
F01,S2,A,C02,F05,S2,A,C02,diff_device_same_challenge,-0.0071122465612812,frozen_lifecycle
F01,S2,A,C02,F06,S2,A,C02,diff_device_same_challenge,-0.0050619184086685,frozen_lifecycle
F01,S2,A,C02,F07,S2,A,C02,diff_device_same_challenge,-0.0001169090345312,frozen_lifecycle
F01,S2,A,C02,F08,S2,A,C02,diff_device_same_challenge,-0.002271138357092,frozen_lifecycle
F01,S2,A,C02,F09,S2,A,C02,diff_device_same_challenge,-0.0010827869341099,frozen_lifecycle
F01,S2,A,C02,F10,S2,A,C02,diff_device_same_challenge,0.0043241534433451,frozen_lifecycle
F01,S2,A,C02,F11,S2,A,C02,diff_device_same_challenge,-0.0003776283240043,frozen_lifecycle
F01,S2,A,C02,F12,S2,A,C02,diff_device_same_challenge,0.0066981802235671,frozen_lifecycle
F01,S2,A,C02,F13,S2,A,C02,diff_device_same_challenge,0.0046811091348558,frozen_lifecycle
F01,S2,A,C02,F14,S2,A,C02,diff_device_same_challenge,-0.0055077245464335,frozen_lifecycle
F01,S2,A,C02,F15,S2,A,C02,diff_device_same_challenge,0.0036361306234451,frozen_lifecycle
F01,S2,A,C03,F01,S2,A,C04,same_device_same_state_diff_challenge,-0.0693936271868718,frozen_lifecycle
F01,S2,A,C03,F01,S2,A,C05,same_device_same_state_diff_challenge,-0.2317941481009078,frozen_lifecycle
F01,S2,A,C03,F01,S2,A,C06,same_device_same_state_diff_challenge,-0.2590650797654757,frozen_lifecycle
F01,S2,A,C03,F01,S2,A,C07,same_device_same_state_diff_challenge,-0.2736891562090153,frozen_lifecycle
F01,S2,A,C03,F01,S2,A,C08,same_device_same_state_diff_challenge,-0.2098973457093446,frozen_lifecycle
F01,S2,A,C03,F01,S2,B,C03,same_device_same_state_same_challenge,0.6490576381904886,frozen_lifecycle
F01,S2,A,C03,F02,S2,A,C03,diff_device_same_challenge,-0.005332379259798,frozen_lifecycle
F01,S2,A,C03,F03,S2,A,C03,diff_device_same_challenge,0.0053639023644477,frozen_lifecycle
F01,S2,A,C03,F04,S2,A,C03,diff_device_same_challenge,-0.0005306502134414,frozen_lifecycle
F01,S2,A,C03,F05,S2,A,C03,diff_device_same_challenge,-0.0027946276223059,frozen_lifecycle
F01,S2,A,C03,F06,S2,A,C03,diff_device_same_challenge,-0.0002426391933805,frozen_lifecycle
F01,S2,A,C03,F07,S2,A,C03,diff_device_same_challenge,0.0014413827667973,frozen_lifecycle
F01,S2,A,C03,F08,S2,A,C03,diff_device_same_challenge,0.0022318112604577,frozen_lifecycle
F01,S2,A,C03,F09,S2,A,C03,diff_device_same_challenge,-0.0027945498152719,frozen_lifecycle
F01,S2,A,C03,F10,S2,A,C03,diff_device_same_challenge,-0.0035286384259652,frozen_lifecycle
F01,S2,A,C03,F11,S2,A,C03,diff_device_same_challenge,0.0017487522124727,frozen_lifecycle
F01,S2,A,C03,F12,S2,A,C03,diff_device_same_challenge,0.0048799612669562,frozen_lifecycle
F01,S2,A,C03,F13,S2,A,C03,diff_device_same_challenge,-0.0023229862103914,frozen_lifecycle
F01,S2,A,C03,F14,S2,A,C03,diff_device_same_challenge,-0.0009162514224569,frozen_lifecycle
F01,S2,A,C03,F15,S2,A,C03,diff_device_same_challenge,-0.0117484574211184,frozen_lifecycle
F01,S2,A,C04,F01,S2,A,C05,same_device_same_state_diff_challenge,-0.0040770197043496,frozen_lifecycle
F01,S2,A,C04,F01,S2,A,C06,same_device_same_state_diff_challenge,-0.1584637572861207,frozen_lifecycle
F01,S2,A,C04,F01,S2,A,C07,same_device_same_state_diff_challenge,-0.2270747119098055,frozen_lifecycle
F01,S2,A,C04,F01,S2,A,C08,same_device_same_state_diff_challenge,-0.2325889851850496,frozen_lifecycle
F01,S2,A,C04,F01,S2,B,C04,same_device_same_state_same_challenge,0.7897371824573562,frozen_lifecycle
F01,S2,A,C04,F02,S2,A,C04,diff_device_same_challenge,-0.004779461408897,frozen_lifecycle
F01,S2,A,C04,F03,S2,A,C04,diff_device_same_challenge,-0.0043060921422756,frozen_lifecycle
F01,S2,A,C04,F04,S2,A,C04,diff_device_same_challenge,-0.0059198390713003,frozen_lifecycle
F01,S2,A,C04,F05,S2,A,C04,diff_device_same_challenge,0.0025446179290485,frozen_lifecycle
F01,S2,A,C04,F06,S2,A,C04,diff_device_same_challenge,-0.0026753770958183,frozen_lifecycle
F01,S2,A,C04,F07,S2,A,C04,diff_device_same_challenge,0.0010322458068389,frozen_lifecycle
F01,S2,A,C04,F08,S2,A,C04,diff_device_same_challenge,0.0048875805935342,frozen_lifecycle
F01,S2,A,C04,F09,S2,A,C04,diff_device_same_challenge,0.0002810181951699,frozen_lifecycle
F01,S2,A,C04,F10,S2,A,C04,diff_device_same_challenge,-0.0017599871880258,frozen_lifecycle
F01,S2,A,C04,F11,S2,A,C04,diff_device_same_challenge,-0.0022252130230297,frozen_lifecycle
F01,S2,A,C04,F12,S2,A,C04,diff_device_same_challenge,0.001429665709571,frozen_lifecycle
F01,S2,A,C04,F13,S2,A,C04,diff_device_same_challenge,-0.0067405310471754,frozen_lifecycle
F01,S2,A,C04,F14,S2,A,C04,diff_device_same_challenge,-0.001747004542578,frozen_lifecycle
F01,S2,A,C04,F15,S2,A,C04,diff_device_same_challenge,0.003755665560825,frozen_lifecycle
F01,S2,A,C05,F01,S2,A,C06,same_device_same_state_diff_challenge,0.0518982830878984,frozen_lifecycle
F01,S2,A,C05,F01,S2,A,C07,same_device_same_state_diff_challenge,-0.0899917598485124,frozen_lifecycle
F01,S2,A,C05,F01,S2,A,C08,same_device_same_state_diff_challenge,-0.1862373951898797,frozen_lifecycle
F01,S2,A,C05,F01,S2,B,C05,same_device_same_state_same_challenge,0.627414217101072,frozen_lifecycle
F01,S2,A,C05,F02,S2,A,C05,diff_device_same_challenge,-0.0019036187729605,frozen_lifecycle
F01,S2,A,C05,F03,S2,A,C05,diff_device_same_challenge,0.0027972583060406,frozen_lifecycle
F01,S2,A,C05,F04,S2,A,C05,diff_device_same_challenge,0.0019544416119614,frozen_lifecycle
F01,S2,A,C05,F05,S2,A,C05,diff_device_same_challenge,-0.0086641543756779,frozen_lifecycle
F01,S2,A,C05,F06,S2,A,C05,diff_device_same_challenge,-0.0067096781895198,frozen_lifecycle
F01,S2,A,C05,F07,S2,A,C05,diff_device_same_challenge,-0.0064761204082641,frozen_lifecycle
F01,S2,A,C05,F08,S2,A,C05,diff_device_same_challenge,-0.0009296126860684,frozen_lifecycle
F01,S2,A,C05,F09,S2,A,C05,diff_device_same_challenge,0.0024515543478621,frozen_lifecycle
F01,S2,A,C05,F10,S2,A,C05,diff_device_same_challenge,0.003793839274575,frozen_lifecycle
F01,S2,A,C05,F11,S2,A,C05,diff_device_same_challenge,0.0001657048066955,frozen_lifecycle
F01,S2,A,C05,F12,S2,A,C05,diff_device_same_challenge,3.3701644732890323e-06,frozen_lifecycle
F01,S2,A,C05,F13,S2,A,C05,diff_device_same_challenge,0.0100663681235187,frozen_lifecycle
F01,S2,A,C05,F14,S2,A,C05,diff_device_same_challenge,0.0003255279407445,frozen_lifecycle
F01,S2,A,C05,F15,S2,A,C05,diff_device_same_challenge,0.002551247582602,frozen_lifecycle
F01,S2,A,C06,F01,S2,A,C07,same_device_same_state_diff_challenge,0.044935889614924,frozen_lifecycle
F01,S2,A,C06,F01,S2,A,C08,same_device_same_state_diff_challenge,-0.0872183741955856,frozen_lifecycle
F01,S2,A,C06,F01,S2,B,C06,same_device_same_state_same_challenge,0.8342950489122383,frozen_lifecycle
F01,S2,A,C06,F02,S2,A,C06,diff_device_same_challenge,-0.0057366319388008,frozen_lifecycle
F01,S2,A,C06,F03,S2,A,C06,diff_device_same_challenge,-0.0027135516200395,frozen_lifecycle
F01,S2,A,C06,F04,S2,A,C06,diff_device_same_challenge,-0.0027063063681461,frozen_lifecycle
F01,S2,A,C06,F05,S2,A,C06,diff_device_same_challenge,0.0008347706915354,frozen_lifecycle
F01,S2,A,C06,F06,S2,A,C06,diff_device_same_challenge,-0.0024066574406233,frozen_lifecycle
F01,S2,A,C06,F07,S2,A,C06,diff_device_same_challenge,0.003480019871902,frozen_lifecycle
F01,S2,A,C06,F08,S2,A,C06,diff_device_same_challenge,0.0001328260553493,frozen_lifecycle
F01,S2,A,C06,F09,S2,A,C06,diff_device_same_challenge,-0.0044515685699009,frozen_lifecycle
F01,S2,A,C06,F10,S2,A,C06,diff_device_same_challenge,0.0001960411439345,frozen_lifecycle
F01,S2,A,C06,F11,S2,A,C06,diff_device_same_challenge,-0.0007552617171054,frozen_lifecycle
F01,S2,A,C06,F12,S2,A,C06,diff_device_same_challenge,0.0040303765969691,frozen_lifecycle
F01,S2,A,C06,F13,S2,A,C06,diff_device_same_challenge,-0.0008492257942745,frozen_lifecycle
F01,S2,A,C06,F14,S2,A,C06,diff_device_same_challenge,-0.0033690203319998,frozen_lifecycle
F01,S2,A,C06,F15,S2,A,C06,diff_device_same_challenge,-0.0018410243025602,frozen_lifecycle
F01,S2,A,C07,F01,S2,A,C08,same_device_same_state_diff_challenge,0.1143561872059301,frozen_lifecycle
F01,S2,A,C07,F01,S2,B,C07,same_device_same_state_same_challenge,0.8550084754188865,frozen_lifecycle
F01,S2,A,C07,F02,S2,A,C07,diff_device_same_challenge,-0.0025514468282141,frozen_lifecycle
F01,S2,A,C07,F03,S2,A,C07,diff_device_same_challenge,0.000321335444268,frozen_lifecycle
F01,S2,A,C07,F04,S2,A,C07,diff_device_same_challenge,0.0023304771081661,frozen_lifecycle
F01,S2,A,C07,F05,S2,A,C07,diff_device_same_challenge,-0.0012754574643058,frozen_lifecycle
F01,S2,A,C07,F06,S2,A,C07,diff_device_same_challenge,0.000420008421902,frozen_lifecycle
F01,S2,A,C07,F07,S2,A,C07,diff_device_same_challenge,0.0031836891664377,frozen_lifecycle
F01,S2,A,C07,F08,S2,A,C07,diff_device_same_challenge,0.0017719058012697,frozen_lifecycle
F01,S2,A,C07,F09,S2,A,C07,diff_device_same_challenge,-0.004243429832405,frozen_lifecycle
F01,S2,A,C07,F10,S2,A,C07,diff_device_same_challenge,0.0009351165531108,frozen_lifecycle
F01,S2,A,C07,F11,S2,A,C07,diff_device_same_challenge,0.0063055712334371,frozen_lifecycle
F01,S2,A,C07,F12,S2,A,C07,diff_device_same_challenge,0.0009903135869921,frozen_lifecycle
F01,S2,A,C07,F13,S2,A,C07,diff_device_same_challenge,0.0049111932003048,frozen_lifecycle
F01,S2,A,C07,F14,S2,A,C07,diff_device_same_challenge,-0.001645437116118,frozen_lifecycle
F01,S2,A,C07,F15,S2,A,C07,diff_device_same_challenge,-0.0064681697382135,frozen_lifecycle
F01,S2,A,C08,F01,S2,B,C08,same_device_same_state_same_challenge,0.4193064426037725,frozen_lifecycle
F01,S2,A,C08,F02,S2,A,C08,diff_device_same_challenge,-0.0032440943495461,frozen_lifecycle
F01,S2,A,C08,F03,S2,A,C08,diff_device_same_challenge,-0.002411769733835,frozen_lifecycle
F01,S2,A,C08,F04,S2,A,C08,diff_device_same_challenge,-0.0017450403092749,frozen_lifecycle
F01,S2,A,C08,F05,S2,A,C08,diff_device_same_challenge,-0.0014136369986296,frozen_lifecycle
F01,S2,A,C08,F06,S2,A,C08,diff_device_same_challenge,-0.0008520852539899,frozen_lifecycle
F01,S2,A,C08,F07,S2,A,C08,diff_device_same_challenge,-0.002785058480757,frozen_lifecycle
F01,S2,A,C08,F08,S2,A,C08,diff_device_same_challenge,-0.0034191672703809,frozen_lifecycle
F01,S2,A,C08,F09,S2,A,C08,diff_device_same_challenge,-0.0032241694270155,frozen_lifecycle
F01,S2,A,C08,F10,S2,A,C08,diff_device_same_challenge,-0.0018734618365101,frozen_lifecycle
F01,S2,A,C08,F11,S2,A,C08,diff_device_same_challenge,-0.0061603212921078,frozen_lifecycle
F01,S2,A,C08,F12,S2,A,C08,diff_device_same_challenge,-0.0014573288369629,frozen_lifecycle
F01,S2,A,C08,F13,S2,A,C08,diff_device_same_challenge,-0.0014208134526472,frozen_lifecycle
F01,S2,A,C08,F14,S2,A,C08,diff_device_same_challenge,-0.0051493402417967,frozen_lifecycle
F01,S2,A,C08,F15,S2,A,C08,diff_device_same_challenge,0.0037016649296273,frozen_lifecycle
F01,S2,B,C01,F01,S2,B,C02,same_device_same_state_diff_challenge,-0.0488817757148471,frozen_lifecycle
F01,S2,B,C01,F01,S2,B,C03,same_device_same_state_diff_challenge,-0.0826457992257463,frozen_lifecycle
F01,S2,B,C01,F01,S2,B,C04,same_device_same_state_diff_challenge,-0.1759783240082024,frozen_lifecycle
F01,S2,B,C01,F01,S2,B,C05,same_device_same_state_diff_challenge,-0.2112555014754491,frozen_lifecycle
F01,S2,B,C01,F01,S2,B,C06,same_device_same_state_diff_challenge,-0.2443877530270782,frozen_lifecycle
F01,S2,B,C01,F01,S2,B,C07,same_device_same_state_diff_challenge,-0.216047669616147,frozen_lifecycle
F01,S2,B,C01,F01,S2,B,C08,same_device_same_state_diff_challenge,-0.1623861476989136,frozen_lifecycle
F01,S2,B,C01,F02,S2,B,C01,diff_device_same_challenge,-0.0002076626951231,frozen_lifecycle
F01,S2,B,C01,F03,S2,B,C01,diff_device_same_challenge,-0.0003566983409097,frozen_lifecycle
F01,S2,B,C01,F04,S2,B,C01,diff_device_same_challenge,-0.003029294097914,frozen_lifecycle
F01,S2,B,C01,F05,S2,B,C01,diff_device_same_challenge,0.0005948652835164,frozen_lifecycle
F01,S2,B,C01,F06,S2,B,C01,diff_device_same_challenge,0.0027858768443727,frozen_lifecycle
F01,S2,B,C01,F07,S2,B,C01,diff_device_same_challenge,0.0046913635369958,frozen_lifecycle
F01,S2,B,C01,F08,S2,B,C01,diff_device_same_challenge,0.0022522126305419,frozen_lifecycle
F01,S2,B,C01,F09,S2,B,C01,diff_device_same_challenge,0.0033306347081036,frozen_lifecycle
F01,S2,B,C01,F10,S2,B,C01,diff_device_same_challenge,0.0071020482720711,frozen_lifecycle
F01,S2,B,C01,F11,S2,B,C01,diff_device_same_challenge,-0.0016065830543857,frozen_lifecycle
F01,S2,B,C01,F12,S2,B,C01,diff_device_same_challenge,0.0069523402946607,frozen_lifecycle
F01,S2,B,C01,F13,S2,B,C01,diff_device_same_challenge,0.001867989352456,frozen_lifecycle
F01,S2,B,C01,F14,S2,B,C01,diff_device_same_challenge,-0.0013414159213655,frozen_lifecycle
F01,S2,B,C01,F15,S2,B,C01,diff_device_same_challenge,-0.0044560514327515,frozen_lifecycle
F01,S2,B,C02,F01,S2,B,C03,same_device_same_state_diff_challenge,-0.0210779159947853,frozen_lifecycle
F01,S2,B,C02,F01,S2,B,C04,same_device_same_state_diff_challenge,-0.1865966639006337,frozen_lifecycle
F01,S2,B,C02,F01,S2,B,C05,same_device_same_state_diff_challenge,-0.2209650181567118,frozen_lifecycle
F01,S2,B,C02,F01,S2,B,C06,same_device_same_state_diff_challenge,-0.2617843669183257,frozen_lifecycle
F01,S2,B,C02,F01,S2,B,C07,same_device_same_state_diff_challenge,-0.22379174978428,frozen_lifecycle
F01,S2,B,C02,F01,S2,B,C08,same_device_same_state_diff_challenge,-0.1801264023242604,frozen_lifecycle
F01,S2,B,C02,F02,S2,B,C02,diff_device_same_challenge,-0.0005936512537818,frozen_lifecycle
F01,S2,B,C02,F03,S2,B,C02,diff_device_same_challenge,0.002248324241082,frozen_lifecycle
F01,S2,B,C02,F04,S2,B,C02,diff_device_same_challenge,0.0029002088980563,frozen_lifecycle
F01,S2,B,C02,F05,S2,B,C02,diff_device_same_challenge,0.0053307515401482,frozen_lifecycle
F01,S2,B,C02,F06,S2,B,C02,diff_device_same_challenge,0.0011997877103142,frozen_lifecycle
F01,S2,B,C02,F07,S2,B,C02,diff_device_same_challenge,-0.0019888642398577,frozen_lifecycle
F01,S2,B,C02,F08,S2,B,C02,diff_device_same_challenge,-0.0033140827065603,frozen_lifecycle
F01,S2,B,C02,F09,S2,B,C02,diff_device_same_challenge,-0.0028241619293884,frozen_lifecycle
F01,S2,B,C02,F10,S2,B,C02,diff_device_same_challenge,3.085334567252733e-05,frozen_lifecycle
F01,S2,B,C02,F11,S2,B,C02,diff_device_same_challenge,0.0049596882680742,frozen_lifecycle
F01,S2,B,C02,F12,S2,B,C02,diff_device_same_challenge,-0.0006916735780595,frozen_lifecycle
F01,S2,B,C02,F13,S2,B,C02,diff_device_same_challenge,0.0101813468818466,frozen_lifecycle
F01,S2,B,C02,F14,S2,B,C02,diff_device_same_challenge,0.0014121500670892,frozen_lifecycle
F01,S2,B,C02,F15,S2,B,C02,diff_device_same_challenge,0.0010959682923488,frozen_lifecycle
F01,S2,B,C03,F01,S2,B,C04,same_device_same_state_diff_challenge,-0.0513387086679685,frozen_lifecycle
F01,S2,B,C03,F01,S2,B,C05,same_device_same_state_diff_challenge,-0.2503957387590868,frozen_lifecycle
F01,S2,B,C03,F01,S2,B,C06,same_device_same_state_diff_challenge,-0.2552891923353544,frozen_lifecycle
F01,S2,B,C03,F01,S2,B,C07,same_device_same_state_diff_challenge,-0.2543688442193257,frozen_lifecycle
F01,S2,B,C03,F01,S2,B,C08,same_device_same_state_diff_challenge,-0.1930264469417419,frozen_lifecycle
F01,S2,B,C03,F02,S2,B,C03,diff_device_same_challenge,-0.0008523320488395,frozen_lifecycle
F01,S2,B,C03,F03,S2,B,C03,diff_device_same_challenge,0.0079111741170112,frozen_lifecycle
F01,S2,B,C03,F04,S2,B,C03,diff_device_same_challenge,-0.0013336230862571,frozen_lifecycle
F01,S2,B,C03,F05,S2,B,C03,diff_device_same_challenge,-0.0012207995962566,frozen_lifecycle
F01,S2,B,C03,F06,S2,B,C03,diff_device_same_challenge,-0.000515194207987,frozen_lifecycle
F01,S2,B,C03,F07,S2,B,C03,diff_device_same_challenge,-0.0024029299245027,frozen_lifecycle
F01,S2,B,C03,F08,S2,B,C03,diff_device_same_challenge,0.0051090126945074,frozen_lifecycle
F01,S2,B,C03,F09,S2,B,C03,diff_device_same_challenge,0.0063852514720536,frozen_lifecycle
F01,S2,B,C03,F10,S2,B,C03,diff_device_same_challenge,-0.0026619196964363,frozen_lifecycle
F01,S2,B,C03,F11,S2,B,C03,diff_device_same_challenge,0.0007022173003555,frozen_lifecycle
F01,S2,B,C03,F12,S2,B,C03,diff_device_same_challenge,-6.929459292527786e-05,frozen_lifecycle
F01,S2,B,C03,F13,S2,B,C03,diff_device_same_challenge,0.0004725355481454,frozen_lifecycle
F01,S2,B,C03,F14,S2,B,C03,diff_device_same_challenge,-0.0033848271980347,frozen_lifecycle
F01,S2,B,C03,F15,S2,B,C03,diff_device_same_challenge,0.0005993124772558,frozen_lifecycle
F01,S2,B,C04,F01,S2,B,C05,same_device_same_state_diff_challenge,-0.0594388589107428,frozen_lifecycle
F01,S2,B,C04,F01,S2,B,C06,same_device_same_state_diff_challenge,-0.0995938220211413,frozen_lifecycle
F01,S2,B,C04,F01,S2,B,C07,same_device_same_state_diff_challenge,-0.2119227020323049,frozen_lifecycle
F01,S2,B,C04,F01,S2,B,C08,same_device_same_state_diff_challenge,-0.1915444896896251,frozen_lifecycle
F01,S2,B,C04,F02,S2,B,C04,diff_device_same_challenge,-0.0014957982817631,frozen_lifecycle
F01,S2,B,C04,F03,S2,B,C04,diff_device_same_challenge,-0.0084907288954139,frozen_lifecycle
F01,S2,B,C04,F04,S2,B,C04,diff_device_same_challenge,-0.0009728967145269,frozen_lifecycle
F01,S2,B,C04,F05,S2,B,C04,diff_device_same_challenge,0.0061093182609203,frozen_lifecycle
F01,S2,B,C04,F06,S2,B,C04,diff_device_same_challenge,-0.0026563743015988,frozen_lifecycle
F01,S2,B,C04,F07,S2,B,C04,diff_device_same_challenge,-0.0001190973911829,frozen_lifecycle
F01,S2,B,C04,F08,S2,B,C04,diff_device_same_challenge,0.0020501232913922,frozen_lifecycle
F01,S2,B,C04,F09,S2,B,C04,diff_device_same_challenge,0.0083802148956724,frozen_lifecycle
F01,S2,B,C04,F10,S2,B,C04,diff_device_same_challenge,-0.0029434897271063,frozen_lifecycle
F01,S2,B,C04,F11,S2,B,C04,diff_device_same_challenge,-0.0047140087352552,frozen_lifecycle
F01,S2,B,C04,F12,S2,B,C04,diff_device_same_challenge,0.0038220632076387,frozen_lifecycle
F01,S2,B,C04,F13,S2,B,C04,diff_device_same_challenge,-0.0025228461537824,frozen_lifecycle
F01,S2,B,C04,F14,S2,B,C04,diff_device_same_challenge,-0.003020267027868,frozen_lifecycle
F01,S2,B,C04,F15,S2,B,C04,diff_device_same_challenge,0.0071153467474593,frozen_lifecycle
F01,S2,B,C05,F01,S2,B,C06,same_device_same_state_diff_challenge,0.0365457809495827,frozen_lifecycle
F01,S2,B,C05,F01,S2,B,C07,same_device_same_state_diff_challenge,-0.0279136512868284,frozen_lifecycle
F01,S2,B,C05,F01,S2,B,C08,same_device_same_state_diff_challenge,-0.1578149270283167,frozen_lifecycle
F01,S2,B,C05,F02,S2,B,C05,diff_device_same_challenge,-0.00195243932064,frozen_lifecycle
F01,S2,B,C05,F03,S2,B,C05,diff_device_same_challenge,0.0004908433826429,frozen_lifecycle
F01,S2,B,C05,F04,S2,B,C05,diff_device_same_challenge,0.0071902711348877,frozen_lifecycle
F01,S2,B,C05,F05,S2,B,C05,diff_device_same_challenge,0.0004369836326533,frozen_lifecycle
F01,S2,B,C05,F06,S2,B,C05,diff_device_same_challenge,-0.0072712001884758,frozen_lifecycle
F01,S2,B,C05,F07,S2,B,C05,diff_device_same_challenge,-0.0024941840632624,frozen_lifecycle
F01,S2,B,C05,F08,S2,B,C05,diff_device_same_challenge,0.0036339111430094,frozen_lifecycle
F01,S2,B,C05,F09,S2,B,C05,diff_device_same_challenge,-0.0038800489244767,frozen_lifecycle
F01,S2,B,C05,F10,S2,B,C05,diff_device_same_challenge,0.0040343046892075,frozen_lifecycle
F01,S2,B,C05,F11,S2,B,C05,diff_device_same_challenge,-0.0002314676585564,frozen_lifecycle
F01,S2,B,C05,F12,S2,B,C05,diff_device_same_challenge,-0.0001957052836629,frozen_lifecycle
F01,S2,B,C05,F13,S2,B,C05,diff_device_same_challenge,0.0058677695709553,frozen_lifecycle
F01,S2,B,C05,F14,S2,B,C05,diff_device_same_challenge,-0.0030367612947035,frozen_lifecycle
F01,S2,B,C05,F15,S2,B,C05,diff_device_same_challenge,-0.0043829299686402,frozen_lifecycle
F01,S2,B,C06,F01,S2,B,C07,same_device_same_state_diff_challenge,0.0301396944213948,frozen_lifecycle
F01,S2,B,C06,F01,S2,B,C08,same_device_same_state_diff_challenge,-0.0582879937465819,frozen_lifecycle
F01,S2,B,C06,F02,S2,B,C06,diff_device_same_challenge,9.44296850054584e-05,frozen_lifecycle
F01,S2,B,C06,F03,S2,B,C06,diff_device_same_challenge,-0.0031172699905413,frozen_lifecycle
F01,S2,B,C06,F04,S2,B,C06,diff_device_same_challenge,0.0004107852595661,frozen_lifecycle
F01,S2,B,C06,F05,S2,B,C06,diff_device_same_challenge,-3.848783616644999e-05,frozen_lifecycle
F01,S2,B,C06,F06,S2,B,C06,diff_device_same_challenge,0.0008401625212229,frozen_lifecycle
F01,S2,B,C06,F07,S2,B,C06,diff_device_same_challenge,0.0029993110305748,frozen_lifecycle
F01,S2,B,C06,F08,S2,B,C06,diff_device_same_challenge,-0.0022713674029871,frozen_lifecycle
F01,S2,B,C06,F09,S2,B,C06,diff_device_same_challenge,-0.0043517398187392,frozen_lifecycle
F01,S2,B,C06,F10,S2,B,C06,diff_device_same_challenge,-0.0040678882604226,frozen_lifecycle
F01,S2,B,C06,F11,S2,B,C06,diff_device_same_challenge,0.0020557878539438,frozen_lifecycle
F01,S2,B,C06,F12,S2,B,C06,diff_device_same_challenge,0.0043175954948314,frozen_lifecycle
F01,S2,B,C06,F13,S2,B,C06,diff_device_same_challenge,0.0013116001386433,frozen_lifecycle
F01,S2,B,C06,F14,S2,B,C06,diff_device_same_challenge,-0.0060793690875912,frozen_lifecycle
F01,S2,B,C06,F15,S2,B,C06,diff_device_same_challenge,-0.0003699319295654,frozen_lifecycle
F01,S2,B,C07,F01,S2,B,C08,same_device_same_state_diff_challenge,0.0106479636648606,frozen_lifecycle
F01,S2,B,C07,F02,S2,B,C07,diff_device_same_challenge,0.0030114399810091,frozen_lifecycle
F01,S2,B,C07,F03,S2,B,C07,diff_device_same_challenge,-0.0060806932638628,frozen_lifecycle
F01,S2,B,C07,F04,S2,B,C07,diff_device_same_challenge,-0.0010803536124467,frozen_lifecycle
F01,S2,B,C07,F05,S2,B,C07,diff_device_same_challenge,-0.0017296165957843,frozen_lifecycle
F01,S2,B,C07,F06,S2,B,C07,diff_device_same_challenge,0.003815143239859,frozen_lifecycle
F01,S2,B,C07,F07,S2,B,C07,diff_device_same_challenge,0.0039966276734055,frozen_lifecycle
F01,S2,B,C07,F08,S2,B,C07,diff_device_same_challenge,-0.0006206566672138,frozen_lifecycle
F01,S2,B,C07,F09,S2,B,C07,diff_device_same_challenge,0.0020816118009976,frozen_lifecycle
F01,S2,B,C07,F10,S2,B,C07,diff_device_same_challenge,0.0026973605170501,frozen_lifecycle
F01,S2,B,C07,F11,S2,B,C07,diff_device_same_challenge,0.0041137748956559,frozen_lifecycle
F01,S2,B,C07,F12,S2,B,C07,diff_device_same_challenge,0.002419000619716,frozen_lifecycle
F01,S2,B,C07,F13,S2,B,C07,diff_device_same_challenge,0.0107008204589759,frozen_lifecycle
F01,S2,B,C07,F14,S2,B,C07,diff_device_same_challenge,0.0032360832143398,frozen_lifecycle
F01,S2,B,C07,F15,S2,B,C07,diff_device_same_challenge,-0.0031001425317378,frozen_lifecycle
F01,S2,B,C08,F02,S2,B,C08,diff_device_same_challenge,0.002645229169055,frozen_lifecycle
F01,S2,B,C08,F03,S2,B,C08,diff_device_same_challenge,-0.0015747457134359,frozen_lifecycle
F01,S2,B,C08,F04,S2,B,C08,diff_device_same_challenge,-0.0034109049456183,frozen_lifecycle
F01,S2,B,C08,F05,S2,B,C08,diff_device_same_challenge,0.0064988473625478,frozen_lifecycle
F01,S2,B,C08,F06,S2,B,C08,diff_device_same_challenge,0.0093522768868057,frozen_lifecycle
F01,S2,B,C08,F07,S2,B,C08,diff_device_same_challenge,-0.003492139051037,frozen_lifecycle
F01,S2,B,C08,F08,S2,B,C08,diff_device_same_challenge,0.004108722333045,frozen_lifecycle
F01,S2,B,C08,F09,S2,B,C08,diff_device_same_challenge,0.0074782369902279,frozen_lifecycle
F01,S2,B,C08,F10,S2,B,C08,diff_device_same_challenge,-0.0020208265688638,frozen_lifecycle
F01,S2,B,C08,F11,S2,B,C08,diff_device_same_challenge,-0.0028463549532296,frozen_lifecycle
F01,S2,B,C08,F12,S2,B,C08,diff_device_same_challenge,-0.0007094641455736,frozen_lifecycle
F01,S2,B,C08,F13,S2,B,C08,diff_device_same_challenge,-0.0055150343562721,frozen_lifecycle
F01,S2,B,C08,F14,S2,B,C08,diff_device_same_challenge,0.0030364129410271,frozen_lifecycle
F01,S2,B,C08,F15,S2,B,C08,diff_device_same_challenge,-0.0028035041026488,frozen_lifecycle
F02,S0,A,C01,F02,S0,A,C02,same_device_same_state_diff_challenge,0.0293240450744288,frozen_lifecycle
F02,S0,A,C01,F02,S0,A,C03,same_device_same_state_diff_challenge,-0.0732391946310299,frozen_lifecycle
F02,S0,A,C01,F02,S0,A,C04,same_device_same_state_diff_challenge,-0.1392120419429371,frozen_lifecycle
F02,S0,A,C01,F02,S0,A,C05,same_device_same_state_diff_challenge,-0.1875999122565762,frozen_lifecycle
F02,S0,A,C01,F02,S0,A,C06,same_device_same_state_diff_challenge,-0.2191427634075765,frozen_lifecycle
F02,S0,A,C01,F02,S0,A,C07,same_device_same_state_diff_challenge,-0.2058201349970751,frozen_lifecycle
F02,S0,A,C01,F02,S0,A,C08,same_device_same_state_diff_challenge,-0.203218630865804,frozen_lifecycle
F02,S0,A,C01,F02,S0,B,C01,same_device_same_state_same_challenge,0.7369209271629739,frozen_lifecycle
F02,S0,A,C01,F02,S2,A,C01,same_device_diff_state_same_challenge,0.0013373777835402,frozen_lifecycle
F02,S0,A,C01,F03,S0,A,C01,diff_device_same_challenge,3.9140155209207386e-05,frozen_lifecycle
F02,S0,A,C01,F04,S0,A,C01,diff_device_same_challenge,-0.0044961886482168,frozen_lifecycle
F02,S0,A,C01,F05,S0,A,C01,diff_device_same_challenge,-0.0012726752165517,frozen_lifecycle
F02,S0,A,C01,F06,S0,A,C01,diff_device_same_challenge,-0.0034352996904751,frozen_lifecycle
F02,S0,A,C01,F07,S0,A,C01,diff_device_same_challenge,0.0071235764458198,frozen_lifecycle
F02,S0,A,C01,F08,S0,A,C01,diff_device_same_challenge,0.0007860239627081,frozen_lifecycle
F02,S0,A,C01,F09,S0,A,C01,diff_device_same_challenge,0.0019520669973717,frozen_lifecycle
F02,S0,A,C01,F10,S0,A,C01,diff_device_same_challenge,-0.0020721086660282,frozen_lifecycle
F02,S0,A,C01,F11,S0,A,C01,diff_device_same_challenge,-0.0004296438397094,frozen_lifecycle
F02,S0,A,C01,F12,S0,A,C01,diff_device_same_challenge,0.003809813766822,frozen_lifecycle
F02,S0,A,C01,F13,S0,A,C01,diff_device_same_challenge,0.005433699534206,frozen_lifecycle
F02,S0,A,C01,F14,S0,A,C01,diff_device_same_challenge,0.004903097499487,frozen_lifecycle
F02,S0,A,C01,F15,S0,A,C01,diff_device_same_challenge,-0.0027597267983926,frozen_lifecycle
F02,S0,A,C02,F02,S0,A,C03,same_device_same_state_diff_challenge,0.0653708497456447,frozen_lifecycle
F02,S0,A,C02,F02,S0,A,C04,same_device_same_state_diff_challenge,-0.1230225860570747,frozen_lifecycle
F02,S0,A,C02,F02,S0,A,C05,same_device_same_state_diff_challenge,-0.3025265962852472,frozen_lifecycle
F02,S0,A,C02,F02,S0,A,C06,same_device_same_state_diff_challenge,-0.1497472224135392,frozen_lifecycle
F02,S0,A,C02,F02,S0,A,C07,same_device_same_state_diff_challenge,-0.1655812386002216,frozen_lifecycle
F02,S0,A,C02,F02,S0,A,C08,same_device_same_state_diff_challenge,-0.2868163256033207,frozen_lifecycle
F02,S0,A,C02,F02,S0,B,C02,same_device_same_state_same_challenge,0.6823394488474585,frozen_lifecycle
F02,S0,A,C02,F02,S2,A,C02,same_device_diff_state_same_challenge,-0.001993083251892,frozen_lifecycle
F02,S0,A,C02,F03,S0,A,C02,diff_device_same_challenge,-0.0086352222404957,frozen_lifecycle
F02,S0,A,C02,F04,S0,A,C02,diff_device_same_challenge,0.0031078466651404,frozen_lifecycle
F02,S0,A,C02,F05,S0,A,C02,diff_device_same_challenge,-0.0031936563885902,frozen_lifecycle
F02,S0,A,C02,F06,S0,A,C02,diff_device_same_challenge,-0.0037362206172858,frozen_lifecycle
F02,S0,A,C02,F07,S0,A,C02,diff_device_same_challenge,-0.0011515318712507,frozen_lifecycle
F02,S0,A,C02,F08,S0,A,C02,diff_device_same_challenge,0.0023975973877679,frozen_lifecycle
F02,S0,A,C02,F09,S0,A,C02,diff_device_same_challenge,-0.0025001764925421,frozen_lifecycle
F02,S0,A,C02,F10,S0,A,C02,diff_device_same_challenge,0.0023143778171529,frozen_lifecycle
F02,S0,A,C02,F11,S0,A,C02,diff_device_same_challenge,0.002491768512096,frozen_lifecycle
F02,S0,A,C02,F12,S0,A,C02,diff_device_same_challenge,-0.0001372490660042,frozen_lifecycle
F02,S0,A,C02,F13,S0,A,C02,diff_device_same_challenge,0.0053181274569644,frozen_lifecycle
F02,S0,A,C02,F14,S0,A,C02,diff_device_same_challenge,0.0074350146073596,frozen_lifecycle
F02,S0,A,C02,F15,S0,A,C02,diff_device_same_challenge,-6.411337800394699e-05,frozen_lifecycle
F02,S0,A,C03,F02,S0,A,C04,same_device_same_state_diff_challenge,-0.0081093008774588,frozen_lifecycle
F02,S0,A,C03,F02,S0,A,C05,same_device_same_state_diff_challenge,-0.3555413343158043,frozen_lifecycle
F02,S0,A,C03,F02,S0,A,C06,same_device_same_state_diff_challenge,-0.0364325196531571,frozen_lifecycle
F02,S0,A,C03,F02,S0,A,C07,same_device_same_state_diff_challenge,-0.0723225491423956,frozen_lifecycle
F02,S0,A,C03,F02,S0,A,C08,same_device_same_state_diff_challenge,-0.3554025869600384,frozen_lifecycle
F02,S0,A,C03,F02,S0,B,C03,same_device_same_state_same_challenge,0.9006536351795479,frozen_lifecycle
F02,S0,A,C03,F02,S2,A,C03,same_device_diff_state_same_challenge,-0.0058603518683178,frozen_lifecycle
F02,S0,A,C03,F03,S0,A,C03,diff_device_same_challenge,0.0054385088486252,frozen_lifecycle
F02,S0,A,C03,F04,S0,A,C03,diff_device_same_challenge,-0.0029390402800925,frozen_lifecycle
F02,S0,A,C03,F05,S0,A,C03,diff_device_same_challenge,0.007744220708312,frozen_lifecycle
F02,S0,A,C03,F06,S0,A,C03,diff_device_same_challenge,-0.0007650065650573,frozen_lifecycle
F02,S0,A,C03,F07,S0,A,C03,diff_device_same_challenge,0.0066476986258236,frozen_lifecycle
F02,S0,A,C03,F08,S0,A,C03,diff_device_same_challenge,0.0003163842865964,frozen_lifecycle
F02,S0,A,C03,F09,S0,A,C03,diff_device_same_challenge,0.0038735153829105,frozen_lifecycle
F02,S0,A,C03,F10,S0,A,C03,diff_device_same_challenge,0.0023073113562168,frozen_lifecycle
F02,S0,A,C03,F11,S0,A,C03,diff_device_same_challenge,-0.0053220302532243,frozen_lifecycle
F02,S0,A,C03,F12,S0,A,C03,diff_device_same_challenge,-0.0056248748078768,frozen_lifecycle
F02,S0,A,C03,F13,S0,A,C03,diff_device_same_challenge,-5.9894652118641015e-05,frozen_lifecycle
F02,S0,A,C03,F14,S0,A,C03,diff_device_same_challenge,-0.0045907430781723,frozen_lifecycle
F02,S0,A,C03,F15,S0,A,C03,diff_device_same_challenge,-0.0065008769029053,frozen_lifecycle
F02,S0,A,C04,F02,S0,A,C05,same_device_same_state_diff_challenge,-0.2763145939564051,frozen_lifecycle
F02,S0,A,C04,F02,S0,A,C06,same_device_same_state_diff_challenge,0.0108154529415605,frozen_lifecycle
F02,S0,A,C04,F02,S0,A,C07,same_device_same_state_diff_challenge,0.0026794197756946,frozen_lifecycle
F02,S0,A,C04,F02,S0,A,C08,same_device_same_state_diff_challenge,-0.2886907129752022,frozen_lifecycle
F02,S0,A,C04,F02,S0,B,C04,same_device_same_state_same_challenge,0.8751254212746971,frozen_lifecycle
F02,S0,A,C04,F02,S2,A,C04,same_device_diff_state_same_challenge,0.002382216407728,frozen_lifecycle
F02,S0,A,C04,F03,S0,A,C04,diff_device_same_challenge,-0.0033507599091992,frozen_lifecycle
F02,S0,A,C04,F04,S0,A,C04,diff_device_same_challenge,-0.0043846660040879,frozen_lifecycle
F02,S0,A,C04,F05,S0,A,C04,diff_device_same_challenge,0.0003667600325962,frozen_lifecycle
F02,S0,A,C04,F06,S0,A,C04,diff_device_same_challenge,-0.0009472421478216,frozen_lifecycle
F02,S0,A,C04,F07,S0,A,C04,diff_device_same_challenge,0.0055182086864387,frozen_lifecycle
F02,S0,A,C04,F08,S0,A,C04,diff_device_same_challenge,0.0004573349641817,frozen_lifecycle
F02,S0,A,C04,F09,S0,A,C04,diff_device_same_challenge,0.0026281110452708,frozen_lifecycle
F02,S0,A,C04,F10,S0,A,C04,diff_device_same_challenge,0.0053126241842594,frozen_lifecycle
F02,S0,A,C04,F11,S0,A,C04,diff_device_same_challenge,-0.0002404541797873,frozen_lifecycle
F02,S0,A,C04,F12,S0,A,C04,diff_device_same_challenge,0.0073695635156115,frozen_lifecycle
F02,S0,A,C04,F13,S0,A,C04,diff_device_same_challenge,-0.0007011635480569,frozen_lifecycle
F02,S0,A,C04,F14,S0,A,C04,diff_device_same_challenge,-0.0045818787397124,frozen_lifecycle
F02,S0,A,C04,F15,S0,A,C04,diff_device_same_challenge,-0.0036951379821913,frozen_lifecycle
F02,S0,A,C05,F02,S0,A,C06,same_device_same_state_diff_challenge,-0.2691288682619763,frozen_lifecycle
F02,S0,A,C05,F02,S0,A,C07,same_device_same_state_diff_challenge,-0.2575435046056067,frozen_lifecycle
F02,S0,A,C05,F02,S0,A,C08,same_device_same_state_diff_challenge,0.3666695126057073,frozen_lifecycle
F02,S0,A,C05,F02,S0,B,C05,same_device_same_state_same_challenge,0.1312445287235652,frozen_lifecycle
F02,S0,A,C05,F02,S2,A,C05,same_device_diff_state_same_challenge,0.0031095315083819,frozen_lifecycle
F02,S0,A,C05,F03,S0,A,C05,diff_device_same_challenge,-0.0033749004502816,frozen_lifecycle
F02,S0,A,C05,F04,S0,A,C05,diff_device_same_challenge,0.0068646324650437,frozen_lifecycle
F02,S0,A,C05,F05,S0,A,C05,diff_device_same_challenge,-0.0057618913543551,frozen_lifecycle
F02,S0,A,C05,F06,S0,A,C05,diff_device_same_challenge,0.0036155046050675,frozen_lifecycle
F02,S0,A,C05,F07,S0,A,C05,diff_device_same_challenge,0.0033490325796268,frozen_lifecycle
F02,S0,A,C05,F08,S0,A,C05,diff_device_same_challenge,-0.007507126049685,frozen_lifecycle
F02,S0,A,C05,F09,S0,A,C05,diff_device_same_challenge,-0.0070935387104479,frozen_lifecycle
F02,S0,A,C05,F10,S0,A,C05,diff_device_same_challenge,0.0018331650918347,frozen_lifecycle
F02,S0,A,C05,F11,S0,A,C05,diff_device_same_challenge,0.0008650656067618,frozen_lifecycle
F02,S0,A,C05,F12,S0,A,C05,diff_device_same_challenge,-0.0010410339911663,frozen_lifecycle
F02,S0,A,C05,F13,S0,A,C05,diff_device_same_challenge,0.0018939386709196,frozen_lifecycle
F02,S0,A,C05,F14,S0,A,C05,diff_device_same_challenge,0.0015261185162718,frozen_lifecycle
F02,S0,A,C05,F15,S0,A,C05,diff_device_same_challenge,-0.0006227638625694,frozen_lifecycle
F02,S0,A,C06,F02,S0,A,C07,same_device_same_state_diff_challenge,0.0772293239469677,frozen_lifecycle
F02,S0,A,C06,F02,S0,A,C08,same_device_same_state_diff_challenge,-0.2678776777350356,frozen_lifecycle
F02,S0,A,C06,F02,S0,B,C06,same_device_same_state_same_challenge,0.900720543425498,frozen_lifecycle
F02,S0,A,C06,F02,S2,A,C06,same_device_diff_state_same_challenge,5.5364530754492054e-05,frozen_lifecycle
F02,S0,A,C06,F03,S0,A,C06,diff_device_same_challenge,0.0001011067652556,frozen_lifecycle
F02,S0,A,C06,F04,S0,A,C06,diff_device_same_challenge,-0.0024882845485412,frozen_lifecycle
F02,S0,A,C06,F05,S0,A,C06,diff_device_same_challenge,0.0021610630239186,frozen_lifecycle
F02,S0,A,C06,F06,S0,A,C06,diff_device_same_challenge,0.0040955234032543,frozen_lifecycle
F02,S0,A,C06,F07,S0,A,C06,diff_device_same_challenge,0.0024734615790516,frozen_lifecycle
F02,S0,A,C06,F08,S0,A,C06,diff_device_same_challenge,0.0039748537736438,frozen_lifecycle
F02,S0,A,C06,F09,S0,A,C06,diff_device_same_challenge,-0.0029864224306375,frozen_lifecycle
F02,S0,A,C06,F10,S0,A,C06,diff_device_same_challenge,0.0040371555619827,frozen_lifecycle
F02,S0,A,C06,F11,S0,A,C06,diff_device_same_challenge,0.0002503912199121,frozen_lifecycle
F02,S0,A,C06,F12,S0,A,C06,diff_device_same_challenge,-0.0038534284490808,frozen_lifecycle
F02,S0,A,C06,F13,S0,A,C06,diff_device_same_challenge,0.0009095837362941,frozen_lifecycle
F02,S0,A,C06,F14,S0,A,C06,diff_device_same_challenge,0.0097200624546277,frozen_lifecycle
F02,S0,A,C06,F15,S0,A,C06,diff_device_same_challenge,-0.0042091979237948,frozen_lifecycle
F02,S0,A,C07,F02,S0,A,C08,same_device_same_state_diff_challenge,-0.2451364805247682,frozen_lifecycle
F02,S0,A,C07,F02,S0,B,C07,same_device_same_state_same_challenge,0.3363962398056001,frozen_lifecycle
F02,S0,A,C07,F02,S2,A,C07,same_device_diff_state_same_challenge,-0.0035162809249939,frozen_lifecycle
F02,S0,A,C07,F03,S0,A,C07,diff_device_same_challenge,0.0062982319601583,frozen_lifecycle
F02,S0,A,C07,F04,S0,A,C07,diff_device_same_challenge,-0.0009707564455203,frozen_lifecycle
F02,S0,A,C07,F05,S0,A,C07,diff_device_same_challenge,-0.002425403864606,frozen_lifecycle
F02,S0,A,C07,F06,S0,A,C07,diff_device_same_challenge,0.000444357375573,frozen_lifecycle
F02,S0,A,C07,F07,S0,A,C07,diff_device_same_challenge,0.0032616022984559,frozen_lifecycle
F02,S0,A,C07,F08,S0,A,C07,diff_device_same_challenge,0.0010997524348069,frozen_lifecycle
F02,S0,A,C07,F09,S0,A,C07,diff_device_same_challenge,0.0014228817385267,frozen_lifecycle
F02,S0,A,C07,F10,S0,A,C07,diff_device_same_challenge,-0.0036838888802175,frozen_lifecycle
F02,S0,A,C07,F11,S0,A,C07,diff_device_same_challenge,0.0008462509660539,frozen_lifecycle
F02,S0,A,C07,F12,S0,A,C07,diff_device_same_challenge,0.0041906260576454,frozen_lifecycle
F02,S0,A,C07,F13,S0,A,C07,diff_device_same_challenge,-0.0064295796712939,frozen_lifecycle
F02,S0,A,C07,F14,S0,A,C07,diff_device_same_challenge,0.0024192845343417,frozen_lifecycle
F02,S0,A,C07,F15,S0,A,C07,diff_device_same_challenge,-0.003621893977877,frozen_lifecycle
F02,S0,A,C08,F02,S0,B,C08,same_device_same_state_same_challenge,0.793618745726827,frozen_lifecycle
F02,S0,A,C08,F02,S2,A,C08,same_device_diff_state_same_challenge,0.0060092192598439,frozen_lifecycle
F02,S0,A,C08,F03,S0,A,C08,diff_device_same_challenge,0.0081921755179937,frozen_lifecycle
F02,S0,A,C08,F04,S0,A,C08,diff_device_same_challenge,-0.0025140810642169,frozen_lifecycle
F02,S0,A,C08,F05,S0,A,C08,diff_device_same_challenge,-0.002656375092789,frozen_lifecycle
F02,S0,A,C08,F06,S0,A,C08,diff_device_same_challenge,-0.0039224270218306,frozen_lifecycle
F02,S0,A,C08,F07,S0,A,C08,diff_device_same_challenge,0.00024611073412,frozen_lifecycle
F02,S0,A,C08,F08,S0,A,C08,diff_device_same_challenge,0.0033552897815025,frozen_lifecycle
F02,S0,A,C08,F09,S0,A,C08,diff_device_same_challenge,0.0014569493451516,frozen_lifecycle
F02,S0,A,C08,F10,S0,A,C08,diff_device_same_challenge,-0.0034816540383737,frozen_lifecycle
F02,S0,A,C08,F11,S0,A,C08,diff_device_same_challenge,-0.0002132291973599,frozen_lifecycle
F02,S0,A,C08,F12,S0,A,C08,diff_device_same_challenge,0.0079374089577619,frozen_lifecycle
F02,S0,A,C08,F13,S0,A,C08,diff_device_same_challenge,0.0003912697956312,frozen_lifecycle
F02,S0,A,C08,F14,S0,A,C08,diff_device_same_challenge,0.0015024515613721,frozen_lifecycle
F02,S0,A,C08,F15,S0,A,C08,diff_device_same_challenge,0.0021104314389538,frozen_lifecycle
F02,S0,B,C01,F02,S0,B,C02,same_device_same_state_diff_challenge,0.0086840737669586,frozen_lifecycle
F02,S0,B,C01,F02,S0,B,C03,same_device_same_state_diff_challenge,0.0344301968207568,frozen_lifecycle
F02,S0,B,C01,F02,S0,B,C04,same_device_same_state_diff_challenge,-0.144723303921377,frozen_lifecycle
F02,S0,B,C01,F02,S0,B,C05,same_device_same_state_diff_challenge,-0.2009225194881445,frozen_lifecycle
F02,S0,B,C01,F02,S0,B,C06,same_device_same_state_diff_challenge,-0.2313034365808984,frozen_lifecycle
F02,S0,B,C01,F02,S0,B,C07,same_device_same_state_diff_challenge,-0.3103292327458732,frozen_lifecycle
F02,S0,B,C01,F02,S0,B,C08,same_device_same_state_diff_challenge,-0.1660210735919778,frozen_lifecycle
F02,S0,B,C01,F02,S2,B,C01,same_device_diff_state_same_challenge,0.0047366851392049,frozen_lifecycle
F02,S0,B,C01,F03,S0,B,C01,diff_device_same_challenge,0.0023977568585132,frozen_lifecycle
F02,S0,B,C01,F04,S0,B,C01,diff_device_same_challenge,-0.0048059387073696,frozen_lifecycle
F02,S0,B,C01,F05,S0,B,C01,diff_device_same_challenge,0.0045833775454936,frozen_lifecycle
F02,S0,B,C01,F06,S0,B,C01,diff_device_same_challenge,0.0028472883579212,frozen_lifecycle
F02,S0,B,C01,F07,S0,B,C01,diff_device_same_challenge,0.0052035852303164,frozen_lifecycle
F02,S0,B,C01,F08,S0,B,C01,diff_device_same_challenge,-0.0045932049081772,frozen_lifecycle
F02,S0,B,C01,F09,S0,B,C01,diff_device_same_challenge,-0.0003022180949439,frozen_lifecycle
F02,S0,B,C01,F10,S0,B,C01,diff_device_same_challenge,-0.0031002463674441,frozen_lifecycle
F02,S0,B,C01,F11,S0,B,C01,diff_device_same_challenge,-0.003834071387778,frozen_lifecycle
F02,S0,B,C01,F12,S0,B,C01,diff_device_same_challenge,0.0033242940743435,frozen_lifecycle
F02,S0,B,C01,F13,S0,B,C01,diff_device_same_challenge,0.006354472390819,frozen_lifecycle
F02,S0,B,C01,F14,S0,B,C01,diff_device_same_challenge,0.0031506473897933,frozen_lifecycle
F02,S0,B,C01,F15,S0,B,C01,diff_device_same_challenge,-0.0026382571833637,frozen_lifecycle
F02,S0,B,C02,F02,S0,B,C03,same_device_same_state_diff_challenge,0.0109552905050611,frozen_lifecycle
F02,S0,B,C02,F02,S0,B,C04,same_device_same_state_diff_challenge,-0.0916339229370935,frozen_lifecycle
F02,S0,B,C02,F02,S0,B,C05,same_device_same_state_diff_challenge,-0.0964870522034538,frozen_lifecycle
F02,S0,B,C02,F02,S0,B,C06,same_device_same_state_diff_challenge,-0.1435985765411007,frozen_lifecycle
F02,S0,B,C02,F02,S0,B,C07,same_device_same_state_diff_challenge,-0.2770754524256281,frozen_lifecycle
F02,S0,B,C02,F02,S0,B,C08,same_device_same_state_diff_challenge,-0.2438271407558807,frozen_lifecycle
F02,S0,B,C02,F02,S2,B,C02,same_device_diff_state_same_challenge,0.0058129796729919,frozen_lifecycle
F02,S0,B,C02,F03,S0,B,C02,diff_device_same_challenge,-0.0047797965852558,frozen_lifecycle
F02,S0,B,C02,F04,S0,B,C02,diff_device_same_challenge,0.0057121829539204,frozen_lifecycle
F02,S0,B,C02,F05,S0,B,C02,diff_device_same_challenge,-0.0002647076597754,frozen_lifecycle
F02,S0,B,C02,F06,S0,B,C02,diff_device_same_challenge,-0.001856301105899,frozen_lifecycle
F02,S0,B,C02,F07,S0,B,C02,diff_device_same_challenge,0.004456607658673,frozen_lifecycle
F02,S0,B,C02,F08,S0,B,C02,diff_device_same_challenge,0.0012038916943149,frozen_lifecycle
F02,S0,B,C02,F09,S0,B,C02,diff_device_same_challenge,-0.0056006723035495,frozen_lifecycle
F02,S0,B,C02,F10,S0,B,C02,diff_device_same_challenge,0.002543799080792,frozen_lifecycle
F02,S0,B,C02,F11,S0,B,C02,diff_device_same_challenge,0.0071500669079168,frozen_lifecycle
F02,S0,B,C02,F12,S0,B,C02,diff_device_same_challenge,-0.0047826937141321,frozen_lifecycle
F02,S0,B,C02,F13,S0,B,C02,diff_device_same_challenge,0.0082498318703992,frozen_lifecycle
F02,S0,B,C02,F14,S0,B,C02,diff_device_same_challenge,0.0039242038982825,frozen_lifecycle
F02,S0,B,C02,F15,S0,B,C02,diff_device_same_challenge,-0.0038237584383633,frozen_lifecycle
F02,S0,B,C03,F02,S0,B,C04,same_device_same_state_diff_challenge,-0.131982111466426,frozen_lifecycle
F02,S0,B,C03,F02,S0,B,C05,same_device_same_state_diff_challenge,-0.1366928366700681,frozen_lifecycle
F02,S0,B,C03,F02,S0,B,C06,same_device_same_state_diff_challenge,-0.1406261684790312,frozen_lifecycle
F02,S0,B,C03,F02,S0,B,C07,same_device_same_state_diff_challenge,-0.3552682220154908,frozen_lifecycle
F02,S0,B,C03,F02,S0,B,C08,same_device_same_state_diff_challenge,-0.214125109781879,frozen_lifecycle
F02,S0,B,C03,F02,S2,B,C03,same_device_diff_state_same_challenge,-0.0006565055995764,frozen_lifecycle
F02,S0,B,C03,F03,S0,B,C03,diff_device_same_challenge,0.0041245696220681,frozen_lifecycle
F02,S0,B,C03,F04,S0,B,C03,diff_device_same_challenge,-0.0022925588999466,frozen_lifecycle
F02,S0,B,C03,F05,S0,B,C03,diff_device_same_challenge,0.0055544450911204,frozen_lifecycle
F02,S0,B,C03,F06,S0,B,C03,diff_device_same_challenge,0.0013909797334201,frozen_lifecycle
F02,S0,B,C03,F07,S0,B,C03,diff_device_same_challenge,0.0017809202532842,frozen_lifecycle
F02,S0,B,C03,F08,S0,B,C03,diff_device_same_challenge,0.0029495058892672,frozen_lifecycle
F02,S0,B,C03,F09,S0,B,C03,diff_device_same_challenge,0.0070828801716469,frozen_lifecycle
F02,S0,B,C03,F10,S0,B,C03,diff_device_same_challenge,0.0071514601094977,frozen_lifecycle
F02,S0,B,C03,F11,S0,B,C03,diff_device_same_challenge,-0.0031094924902397,frozen_lifecycle
F02,S0,B,C03,F12,S0,B,C03,diff_device_same_challenge,0.0015445306725067,frozen_lifecycle
F02,S0,B,C03,F13,S0,B,C03,diff_device_same_challenge,0.0001794907843412,frozen_lifecycle
F02,S0,B,C03,F14,S0,B,C03,diff_device_same_challenge,-0.0042093288109483,frozen_lifecycle
F02,S0,B,C03,F15,S0,B,C03,diff_device_same_challenge,-0.0047608868847874,frozen_lifecycle
F02,S0,B,C04,F02,S0,B,C05,same_device_same_state_diff_challenge,-0.0188935988532618,frozen_lifecycle
F02,S0,B,C04,F02,S0,B,C06,same_device_same_state_diff_challenge,-0.0274030181254878,frozen_lifecycle
F02,S0,B,C04,F02,S0,B,C07,same_device_same_state_diff_challenge,-0.1180577507467244,frozen_lifecycle
F02,S0,B,C04,F02,S0,B,C08,same_device_same_state_diff_challenge,-0.300715102590978,frozen_lifecycle
F02,S0,B,C04,F02,S2,B,C04,same_device_diff_state_same_challenge,0.0006102493462261,frozen_lifecycle
F02,S0,B,C04,F03,S0,B,C04,diff_device_same_challenge,0.0009165226528838,frozen_lifecycle
F02,S0,B,C04,F04,S0,B,C04,diff_device_same_challenge,-0.0016309374524075,frozen_lifecycle
F02,S0,B,C04,F05,S0,B,C04,diff_device_same_challenge,0.0011420585678511,frozen_lifecycle
F02,S0,B,C04,F06,S0,B,C04,diff_device_same_challenge,0.0023729652736259,frozen_lifecycle
F02,S0,B,C04,F07,S0,B,C04,diff_device_same_challenge,0.0029906521046545,frozen_lifecycle
F02,S0,B,C04,F08,S0,B,C04,diff_device_same_challenge,0.0030868732711607,frozen_lifecycle
F02,S0,B,C04,F09,S0,B,C04,diff_device_same_challenge,0.0013050835692214,frozen_lifecycle
F02,S0,B,C04,F10,S0,B,C04,diff_device_same_challenge,0.0024264461231423,frozen_lifecycle
F02,S0,B,C04,F11,S0,B,C04,diff_device_same_challenge,0.0032927145496988,frozen_lifecycle
F02,S0,B,C04,F12,S0,B,C04,diff_device_same_challenge,0.0032537596666253,frozen_lifecycle
F02,S0,B,C04,F13,S0,B,C04,diff_device_same_challenge,0.0022710001677379,frozen_lifecycle
F02,S0,B,C04,F14,S0,B,C04,diff_device_same_challenge,-0.0017324963144224,frozen_lifecycle
F02,S0,B,C04,F15,S0,B,C04,diff_device_same_challenge,-0.0017634632378704,frozen_lifecycle
F02,S0,B,C05,F02,S0,B,C06,same_device_same_state_diff_challenge,-0.0199648014385614,frozen_lifecycle
F02,S0,B,C05,F02,S0,B,C07,same_device_same_state_diff_challenge,-0.0893082254315475,frozen_lifecycle
F02,S0,B,C05,F02,S0,B,C08,same_device_same_state_diff_challenge,-0.2714895202283968,frozen_lifecycle
F02,S0,B,C05,F02,S2,B,C05,same_device_diff_state_same_challenge,-0.0009661192603279,frozen_lifecycle
F02,S0,B,C05,F03,S0,B,C05,diff_device_same_challenge,0.0071823589516956,frozen_lifecycle
F02,S0,B,C05,F04,S0,B,C05,diff_device_same_challenge,0.003390473368772,frozen_lifecycle
F02,S0,B,C05,F05,S0,B,C05,diff_device_same_challenge,-0.0049573862379343,frozen_lifecycle
F02,S0,B,C05,F06,S0,B,C05,diff_device_same_challenge,0.0012691755445884,frozen_lifecycle
F02,S0,B,C05,F07,S0,B,C05,diff_device_same_challenge,-0.0014358176628654,frozen_lifecycle
F02,S0,B,C05,F08,S0,B,C05,diff_device_same_challenge,-0.0005118177622518,frozen_lifecycle
F02,S0,B,C05,F09,S0,B,C05,diff_device_same_challenge,-0.0073057823529209,frozen_lifecycle
F02,S0,B,C05,F10,S0,B,C05,diff_device_same_challenge,0.0049127495863927,frozen_lifecycle
F02,S0,B,C05,F11,S0,B,C05,diff_device_same_challenge,0.0055243189732264,frozen_lifecycle
F02,S0,B,C05,F12,S0,B,C05,diff_device_same_challenge,0.0020666906789946,frozen_lifecycle
F02,S0,B,C05,F13,S0,B,C05,diff_device_same_challenge,-0.0012302385547296,frozen_lifecycle
F02,S0,B,C05,F14,S0,B,C05,diff_device_same_challenge,-0.0036635636180328,frozen_lifecycle
F02,S0,B,C05,F15,S0,B,C05,diff_device_same_challenge,-0.0004302305180005,frozen_lifecycle
F02,S0,B,C06,F02,S0,B,C07,same_device_same_state_diff_challenge,-0.0709532259740961,frozen_lifecycle
F02,S0,B,C06,F02,S0,B,C08,same_device_same_state_diff_challenge,-0.2615589681549296,frozen_lifecycle
F02,S0,B,C06,F02,S2,B,C06,same_device_diff_state_same_challenge,0.0018886735400938,frozen_lifecycle
F02,S0,B,C06,F03,S0,B,C06,diff_device_same_challenge,-0.0064153929594999,frozen_lifecycle
F02,S0,B,C06,F04,S0,B,C06,diff_device_same_challenge,-0.0001748066401979,frozen_lifecycle
F02,S0,B,C06,F05,S0,B,C06,diff_device_same_challenge,0.0007091799828796,frozen_lifecycle
F02,S0,B,C06,F06,S0,B,C06,diff_device_same_challenge,-0.0001558162710947,frozen_lifecycle
F02,S0,B,C06,F07,S0,B,C06,diff_device_same_challenge,0.002771129761791,frozen_lifecycle
F02,S0,B,C06,F08,S0,B,C06,diff_device_same_challenge,-0.0005250273009263,frozen_lifecycle
F02,S0,B,C06,F09,S0,B,C06,diff_device_same_challenge,0.002711297648522,frozen_lifecycle
F02,S0,B,C06,F10,S0,B,C06,diff_device_same_challenge,0.0016699650530593,frozen_lifecycle
F02,S0,B,C06,F11,S0,B,C06,diff_device_same_challenge,-1.8314190648360357e-05,frozen_lifecycle
F02,S0,B,C06,F12,S0,B,C06,diff_device_same_challenge,-0.0047974549160102,frozen_lifecycle
F02,S0,B,C06,F13,S0,B,C06,diff_device_same_challenge,0.0005311075150096,frozen_lifecycle
F02,S0,B,C06,F14,S0,B,C06,diff_device_same_challenge,0.0001167580575848,frozen_lifecycle
F02,S0,B,C06,F15,S0,B,C06,diff_device_same_challenge,-0.0012093735466685,frozen_lifecycle
F02,S0,B,C07,F02,S0,B,C08,same_device_same_state_diff_challenge,0.0902939100128079,frozen_lifecycle
F02,S0,B,C07,F02,S2,B,C07,same_device_diff_state_same_challenge,0.0014223347769592,frozen_lifecycle
F02,S0,B,C07,F03,S0,B,C07,diff_device_same_challenge,0.0009761900098476,frozen_lifecycle
F02,S0,B,C07,F04,S0,B,C07,diff_device_same_challenge,0.0032599815876489,frozen_lifecycle
F02,S0,B,C07,F05,S0,B,C07,diff_device_same_challenge,0.0065235959274647,frozen_lifecycle
F02,S0,B,C07,F06,S0,B,C07,diff_device_same_challenge,0.0054090875017538,frozen_lifecycle
F02,S0,B,C07,F07,S0,B,C07,diff_device_same_challenge,0.0041664528769551,frozen_lifecycle
F02,S0,B,C07,F08,S0,B,C07,diff_device_same_challenge,0.0011532002754393,frozen_lifecycle
F02,S0,B,C07,F09,S0,B,C07,diff_device_same_challenge,0.0018574530877033,frozen_lifecycle
F02,S0,B,C07,F10,S0,B,C07,diff_device_same_challenge,0.004172734171785,frozen_lifecycle
F02,S0,B,C07,F11,S0,B,C07,diff_device_same_challenge,0.0007584896697351,frozen_lifecycle
F02,S0,B,C07,F12,S0,B,C07,diff_device_same_challenge,-0.0033024783417856,frozen_lifecycle
F02,S0,B,C07,F13,S0,B,C07,diff_device_same_challenge,-0.0015820404317264,frozen_lifecycle
F02,S0,B,C07,F14,S0,B,C07,diff_device_same_challenge,0.0017189464005171,frozen_lifecycle
F02,S0,B,C07,F15,S0,B,C07,diff_device_same_challenge,0.0023078497263081,frozen_lifecycle
F02,S0,B,C08,F02,S2,B,C08,same_device_diff_state_same_challenge,0.0064602400185716,frozen_lifecycle
F02,S0,B,C08,F03,S0,B,C08,diff_device_same_challenge,-0.0012506392582028,frozen_lifecycle
F02,S0,B,C08,F04,S0,B,C08,diff_device_same_challenge,-0.0030510066435674,frozen_lifecycle
F02,S0,B,C08,F05,S0,B,C08,diff_device_same_challenge,-0.0058396446761591,frozen_lifecycle
F02,S0,B,C08,F06,S0,B,C08,diff_device_same_challenge,-0.0036533284421161,frozen_lifecycle
F02,S0,B,C08,F07,S0,B,C08,diff_device_same_challenge,-0.0014054093530172,frozen_lifecycle
F02,S0,B,C08,F08,S0,B,C08,diff_device_same_challenge,0.0048903577484247,frozen_lifecycle
F02,S0,B,C08,F09,S0,B,C08,diff_device_same_challenge,0.0010796246623223,frozen_lifecycle
F02,S0,B,C08,F10,S0,B,C08,diff_device_same_challenge,-0.0017356379309531,frozen_lifecycle
F02,S0,B,C08,F11,S0,B,C08,diff_device_same_challenge,-0.0019519694166368,frozen_lifecycle
F02,S0,B,C08,F12,S0,B,C08,diff_device_same_challenge,0.0036749224736863,frozen_lifecycle
F02,S0,B,C08,F13,S0,B,C08,diff_device_same_challenge,-0.0020988098764632,frozen_lifecycle
F02,S0,B,C08,F14,S0,B,C08,diff_device_same_challenge,-0.0083992601566016,frozen_lifecycle
F02,S0,B,C08,F15,S0,B,C08,diff_device_same_challenge,-0.0029807402634925,frozen_lifecycle
F02,S2,A,C01,F02,S2,A,C02,same_device_same_state_diff_challenge,-0.0927221820819963,frozen_lifecycle
F02,S2,A,C01,F02,S2,A,C03,same_device_same_state_diff_challenge,-0.0438081837688138,frozen_lifecycle
F02,S2,A,C01,F02,S2,A,C04,same_device_same_state_diff_challenge,-0.2302490655285825,frozen_lifecycle
F02,S2,A,C01,F02,S2,A,C05,same_device_same_state_diff_challenge,-0.2475257748301471,frozen_lifecycle
F02,S2,A,C01,F02,S2,A,C06,same_device_same_state_diff_challenge,-0.2462374233165359,frozen_lifecycle
F02,S2,A,C01,F02,S2,A,C07,same_device_same_state_diff_challenge,-0.0717542043728068,frozen_lifecycle
F02,S2,A,C01,F02,S2,A,C08,same_device_same_state_diff_challenge,-0.2064420576726524,frozen_lifecycle
F02,S2,A,C01,F02,S2,B,C01,same_device_same_state_same_challenge,0.1739974688496071,frozen_lifecycle
F02,S2,A,C01,F03,S2,A,C01,diff_device_same_challenge,0.0045611737578391,frozen_lifecycle
F02,S2,A,C01,F04,S2,A,C01,diff_device_same_challenge,-0.001703499464292,frozen_lifecycle
F02,S2,A,C01,F05,S2,A,C01,diff_device_same_challenge,-0.0032234837906962,frozen_lifecycle
F02,S2,A,C01,F06,S2,A,C01,diff_device_same_challenge,0.0018417720704834,frozen_lifecycle
F02,S2,A,C01,F07,S2,A,C01,diff_device_same_challenge,-4.784987821008022e-05,frozen_lifecycle
F02,S2,A,C01,F08,S2,A,C01,diff_device_same_challenge,-0.0033034007722782,frozen_lifecycle
F02,S2,A,C01,F09,S2,A,C01,diff_device_same_challenge,0.0014965632211406,frozen_lifecycle
F02,S2,A,C01,F10,S2,A,C01,diff_device_same_challenge,-0.0033702646902846,frozen_lifecycle
F02,S2,A,C01,F11,S2,A,C01,diff_device_same_challenge,-0.0028693658991911,frozen_lifecycle
F02,S2,A,C01,F12,S2,A,C01,diff_device_same_challenge,-0.0036562659943031,frozen_lifecycle
F02,S2,A,C01,F13,S2,A,C01,diff_device_same_challenge,0.0014775764222535,frozen_lifecycle
F02,S2,A,C01,F14,S2,A,C01,diff_device_same_challenge,-0.0012616897469525,frozen_lifecycle
F02,S2,A,C01,F15,S2,A,C01,diff_device_same_challenge,-0.0052066974216744,frozen_lifecycle
F02,S2,A,C02,F02,S2,A,C03,same_device_same_state_diff_challenge,0.1307063763106662,frozen_lifecycle
F02,S2,A,C02,F02,S2,A,C04,same_device_same_state_diff_challenge,-0.1499670069851739,frozen_lifecycle
F02,S2,A,C02,F02,S2,A,C05,same_device_same_state_diff_challenge,-0.2414983332007624,frozen_lifecycle
F02,S2,A,C02,F02,S2,A,C06,same_device_same_state_diff_challenge,-0.2537712982797027,frozen_lifecycle
F02,S2,A,C02,F02,S2,A,C07,same_device_same_state_diff_challenge,-0.2142276284577866,frozen_lifecycle
F02,S2,A,C02,F02,S2,A,C08,same_device_same_state_diff_challenge,-0.3417857754797228,frozen_lifecycle
F02,S2,A,C02,F02,S2,B,C02,same_device_same_state_same_challenge,0.6523711355253312,frozen_lifecycle
F02,S2,A,C02,F03,S2,A,C02,diff_device_same_challenge,0.0062998270573999,frozen_lifecycle
F02,S2,A,C02,F04,S2,A,C02,diff_device_same_challenge,0.0046062210214668,frozen_lifecycle
F02,S2,A,C02,F05,S2,A,C02,diff_device_same_challenge,-0.0062636323780913,frozen_lifecycle
F02,S2,A,C02,F06,S2,A,C02,diff_device_same_challenge,0.0031396128136047,frozen_lifecycle
F02,S2,A,C02,F07,S2,A,C02,diff_device_same_challenge,0.0004826309246756,frozen_lifecycle
F02,S2,A,C02,F08,S2,A,C02,diff_device_same_challenge,0.0004786694651453,frozen_lifecycle
F02,S2,A,C02,F09,S2,A,C02,diff_device_same_challenge,-0.0017955771050904,frozen_lifecycle
F02,S2,A,C02,F10,S2,A,C02,diff_device_same_challenge,0.0028598015377526,frozen_lifecycle
F02,S2,A,C02,F11,S2,A,C02,diff_device_same_challenge,0.0038976178968023,frozen_lifecycle
F02,S2,A,C02,F12,S2,A,C02,diff_device_same_challenge,0.0037989104663112,frozen_lifecycle
F02,S2,A,C02,F13,S2,A,C02,diff_device_same_challenge,0.0007242139923422,frozen_lifecycle
F02,S2,A,C02,F14,S2,A,C02,diff_device_same_challenge,0.0004419797607536,frozen_lifecycle
F02,S2,A,C02,F15,S2,A,C02,diff_device_same_challenge,-0.0071273546859136,frozen_lifecycle
F02,S2,A,C03,F02,S2,A,C04,same_device_same_state_diff_challenge,-0.2794340852767228,frozen_lifecycle
F02,S2,A,C03,F02,S2,A,C05,same_device_same_state_diff_challenge,-0.331060729518841,frozen_lifecycle
F02,S2,A,C03,F02,S2,A,C06,same_device_same_state_diff_challenge,-0.3313099562137918,frozen_lifecycle
F02,S2,A,C03,F02,S2,A,C07,same_device_same_state_diff_challenge,-0.0648180233908282,frozen_lifecycle
F02,S2,A,C03,F02,S2,A,C08,same_device_same_state_diff_challenge,-0.3089680178225205,frozen_lifecycle
F02,S2,A,C03,F02,S2,B,C03,same_device_same_state_same_challenge,0.7188142869524827,frozen_lifecycle
F02,S2,A,C03,F03,S2,A,C03,diff_device_same_challenge,-0.0021772295730009,frozen_lifecycle
F02,S2,A,C03,F04,S2,A,C03,diff_device_same_challenge,0.007160082952591,frozen_lifecycle
F02,S2,A,C03,F05,S2,A,C03,diff_device_same_challenge,0.0012478926290565,frozen_lifecycle
F02,S2,A,C03,F06,S2,A,C03,diff_device_same_challenge,-0.0015244910556666,frozen_lifecycle
F02,S2,A,C03,F07,S2,A,C03,diff_device_same_challenge,0.0027570037644452,frozen_lifecycle
F02,S2,A,C03,F08,S2,A,C03,diff_device_same_challenge,0.0008756996999822,frozen_lifecycle
F02,S2,A,C03,F09,S2,A,C03,diff_device_same_challenge,-0.0002086536949374,frozen_lifecycle
F02,S2,A,C03,F10,S2,A,C03,diff_device_same_challenge,-0.0065138749013939,frozen_lifecycle
F02,S2,A,C03,F11,S2,A,C03,diff_device_same_challenge,0.0038927498477066,frozen_lifecycle
F02,S2,A,C03,F12,S2,A,C03,diff_device_same_challenge,0.003675623660506,frozen_lifecycle
F02,S2,A,C03,F13,S2,A,C03,diff_device_same_challenge,-0.0060669228191425,frozen_lifecycle
F02,S2,A,C03,F14,S2,A,C03,diff_device_same_challenge,0.0022427546655346,frozen_lifecycle
F02,S2,A,C03,F15,S2,A,C03,diff_device_same_challenge,0.00418794094328,frozen_lifecycle
F02,S2,A,C04,F02,S2,A,C05,same_device_same_state_diff_challenge,0.1167197106145235,frozen_lifecycle
F02,S2,A,C04,F02,S2,A,C06,same_device_same_state_diff_challenge,0.0867690208230087,frozen_lifecycle
F02,S2,A,C04,F02,S2,A,C07,same_device_same_state_diff_challenge,-0.300797289487741,frozen_lifecycle
F02,S2,A,C04,F02,S2,A,C08,same_device_same_state_diff_challenge,-0.0693382612104327,frozen_lifecycle
F02,S2,A,C04,F02,S2,B,C04,same_device_same_state_same_challenge,0.5170406466866074,frozen_lifecycle
F02,S2,A,C04,F03,S2,A,C04,diff_device_same_challenge,0.0007831510344136,frozen_lifecycle
F02,S2,A,C04,F04,S2,A,C04,diff_device_same_challenge,0.003608220212,frozen_lifecycle
F02,S2,A,C04,F05,S2,A,C04,diff_device_same_challenge,-0.0010625367922551,frozen_lifecycle
F02,S2,A,C04,F06,S2,A,C04,diff_device_same_challenge,-0.0016795565255585,frozen_lifecycle
F02,S2,A,C04,F07,S2,A,C04,diff_device_same_challenge,-0.0037800860214604,frozen_lifecycle
F02,S2,A,C04,F08,S2,A,C04,diff_device_same_challenge,0.0039806134511044,frozen_lifecycle
F02,S2,A,C04,F09,S2,A,C04,diff_device_same_challenge,0.0053157879163608,frozen_lifecycle
F02,S2,A,C04,F10,S2,A,C04,diff_device_same_challenge,0.0033704432540576,frozen_lifecycle
F02,S2,A,C04,F11,S2,A,C04,diff_device_same_challenge,-0.0028919147546714,frozen_lifecycle
F02,S2,A,C04,F12,S2,A,C04,diff_device_same_challenge,0.0093197260921756,frozen_lifecycle
F02,S2,A,C04,F13,S2,A,C04,diff_device_same_challenge,0.010767667014728,frozen_lifecycle
F02,S2,A,C04,F14,S2,A,C04,diff_device_same_challenge,-0.0048134102413205,frozen_lifecycle
F02,S2,A,C04,F15,S2,A,C04,diff_device_same_challenge,0.0017944798938034,frozen_lifecycle
F02,S2,A,C05,F02,S2,A,C06,same_device_same_state_diff_challenge,0.1221471924340883,frozen_lifecycle
F02,S2,A,C05,F02,S2,A,C07,same_device_same_state_diff_challenge,-0.2343857017586141,frozen_lifecycle
F02,S2,A,C05,F02,S2,A,C08,same_device_same_state_diff_challenge,0.0117600689566017,frozen_lifecycle
F02,S2,A,C05,F02,S2,B,C05,same_device_same_state_same_challenge,0.8695669157967797,frozen_lifecycle
F02,S2,A,C05,F03,S2,A,C05,diff_device_same_challenge,-0.0023160882613662,frozen_lifecycle
F02,S2,A,C05,F04,S2,A,C05,diff_device_same_challenge,0.0022686828180294,frozen_lifecycle
F02,S2,A,C05,F05,S2,A,C05,diff_device_same_challenge,-0.0058681579014054,frozen_lifecycle
F02,S2,A,C05,F06,S2,A,C05,diff_device_same_challenge,-0.0016501805445404,frozen_lifecycle
F02,S2,A,C05,F07,S2,A,C05,diff_device_same_challenge,-0.0066849455450342,frozen_lifecycle
F02,S2,A,C05,F08,S2,A,C05,diff_device_same_challenge,0.00052231686848,frozen_lifecycle
F02,S2,A,C05,F09,S2,A,C05,diff_device_same_challenge,-0.0042127936768652,frozen_lifecycle
F02,S2,A,C05,F10,S2,A,C05,diff_device_same_challenge,-0.0012710455456894,frozen_lifecycle
F02,S2,A,C05,F11,S2,A,C05,diff_device_same_challenge,-0.0016964708053764,frozen_lifecycle
F02,S2,A,C05,F12,S2,A,C05,diff_device_same_challenge,0.0072822348262571,frozen_lifecycle
F02,S2,A,C05,F13,S2,A,C05,diff_device_same_challenge,-0.0083105292407756,frozen_lifecycle
F02,S2,A,C05,F14,S2,A,C05,diff_device_same_challenge,-0.0040758380644938,frozen_lifecycle
F02,S2,A,C05,F15,S2,A,C05,diff_device_same_challenge,0.0048709206555534,frozen_lifecycle
F02,S2,A,C06,F02,S2,A,C07,same_device_same_state_diff_challenge,-0.210252893750395,frozen_lifecycle
F02,S2,A,C06,F02,S2,A,C08,same_device_same_state_diff_challenge,0.0228389996873743,frozen_lifecycle
F02,S2,A,C06,F02,S2,B,C06,same_device_same_state_same_challenge,0.2858732985190224,frozen_lifecycle
F02,S2,A,C06,F03,S2,A,C06,diff_device_same_challenge,-0.0042013824110331,frozen_lifecycle
F02,S2,A,C06,F04,S2,A,C06,diff_device_same_challenge,0.0039715963047781,frozen_lifecycle
F02,S2,A,C06,F05,S2,A,C06,diff_device_same_challenge,-0.001025910443951,frozen_lifecycle
F02,S2,A,C06,F06,S2,A,C06,diff_device_same_challenge,0.0002335093588597,frozen_lifecycle
F02,S2,A,C06,F07,S2,A,C06,diff_device_same_challenge,0.0035466247435999,frozen_lifecycle
F02,S2,A,C06,F08,S2,A,C06,diff_device_same_challenge,-0.0001394712329481,frozen_lifecycle
F02,S2,A,C06,F09,S2,A,C06,diff_device_same_challenge,-0.0032597067582542,frozen_lifecycle
F02,S2,A,C06,F10,S2,A,C06,diff_device_same_challenge,0.0001500343179202,frozen_lifecycle
F02,S2,A,C06,F11,S2,A,C06,diff_device_same_challenge,-0.0029241646469354,frozen_lifecycle
F02,S2,A,C06,F12,S2,A,C06,diff_device_same_challenge,0.0022222170970291,frozen_lifecycle
F02,S2,A,C06,F13,S2,A,C06,diff_device_same_challenge,0.0007544282888774,frozen_lifecycle
F02,S2,A,C06,F14,S2,A,C06,diff_device_same_challenge,0.002117258337092,frozen_lifecycle
F02,S2,A,C06,F15,S2,A,C06,diff_device_same_challenge,0.0001660475510197,frozen_lifecycle
F02,S2,A,C07,F02,S2,A,C08,same_device_same_state_diff_challenge,0.0352963031875147,frozen_lifecycle
F02,S2,A,C07,F02,S2,B,C07,same_device_same_state_same_challenge,0.1152214915034896,frozen_lifecycle
F02,S2,A,C07,F03,S2,A,C07,diff_device_same_challenge,-0.001631616458163,frozen_lifecycle
F02,S2,A,C07,F04,S2,A,C07,diff_device_same_challenge,0.002421130628696,frozen_lifecycle
F02,S2,A,C07,F05,S2,A,C07,diff_device_same_challenge,0.0012165648973664,frozen_lifecycle
F02,S2,A,C07,F06,S2,A,C07,diff_device_same_challenge,0.0014590805064422,frozen_lifecycle
F02,S2,A,C07,F07,S2,A,C07,diff_device_same_challenge,-0.0013581402722959,frozen_lifecycle
F02,S2,A,C07,F08,S2,A,C07,diff_device_same_challenge,0.0015738457823883,frozen_lifecycle
F02,S2,A,C07,F09,S2,A,C07,diff_device_same_challenge,0.0012627570104849,frozen_lifecycle
F02,S2,A,C07,F10,S2,A,C07,diff_device_same_challenge,-0.0017552271166509,frozen_lifecycle
F02,S2,A,C07,F11,S2,A,C07,diff_device_same_challenge,-0.0003196519263826,frozen_lifecycle
F02,S2,A,C07,F12,S2,A,C07,diff_device_same_challenge,0.002676016843664,frozen_lifecycle
F02,S2,A,C07,F13,S2,A,C07,diff_device_same_challenge,0.0020336859489956,frozen_lifecycle
F02,S2,A,C07,F14,S2,A,C07,diff_device_same_challenge,-0.0024411930897982,frozen_lifecycle
F02,S2,A,C07,F15,S2,A,C07,diff_device_same_challenge,-0.0050556217360142,frozen_lifecycle
F02,S2,A,C08,F02,S2,B,C08,same_device_same_state_same_challenge,0.894408603529763,frozen_lifecycle
F02,S2,A,C08,F03,S2,A,C08,diff_device_same_challenge,0.0137864336620475,frozen_lifecycle
F02,S2,A,C08,F04,S2,A,C08,diff_device_same_challenge,0.0047810901505761,frozen_lifecycle
F02,S2,A,C08,F05,S2,A,C08,diff_device_same_challenge,-0.0022598249795809,frozen_lifecycle
F02,S2,A,C08,F06,S2,A,C08,diff_device_same_challenge,0.0017050389435662,frozen_lifecycle
F02,S2,A,C08,F07,S2,A,C08,diff_device_same_challenge,0.002654798392824,frozen_lifecycle
F02,S2,A,C08,F08,S2,A,C08,diff_device_same_challenge,-0.0012473188087338,frozen_lifecycle
F02,S2,A,C08,F09,S2,A,C08,diff_device_same_challenge,0.0007477953587303,frozen_lifecycle
F02,S2,A,C08,F10,S2,A,C08,diff_device_same_challenge,0.0033964251414067,frozen_lifecycle
F02,S2,A,C08,F11,S2,A,C08,diff_device_same_challenge,-0.0017914052621449,frozen_lifecycle
F02,S2,A,C08,F12,S2,A,C08,diff_device_same_challenge,0.0030767783429568,frozen_lifecycle
F02,S2,A,C08,F13,S2,A,C08,diff_device_same_challenge,0.0018965237268437,frozen_lifecycle
F02,S2,A,C08,F14,S2,A,C08,diff_device_same_challenge,0.0005690608826076,frozen_lifecycle
F02,S2,A,C08,F15,S2,A,C08,diff_device_same_challenge,-0.0034635411148173,frozen_lifecycle
F02,S2,B,C01,F02,S2,B,C02,same_device_same_state_diff_challenge,-0.0118687308840047,frozen_lifecycle
F02,S2,B,C01,F02,S2,B,C03,same_device_same_state_diff_challenge,-0.1032223445003226,frozen_lifecycle
F02,S2,B,C01,F02,S2,B,C04,same_device_same_state_diff_challenge,-0.1347096034005753,frozen_lifecycle
F02,S2,B,C01,F02,S2,B,C05,same_device_same_state_diff_challenge,-0.227590161084895,frozen_lifecycle
F02,S2,B,C01,F02,S2,B,C06,same_device_same_state_diff_challenge,-0.18789702477365,frozen_lifecycle
F02,S2,B,C01,F02,S2,B,C07,same_device_same_state_diff_challenge,-0.2458684374670894,frozen_lifecycle
F02,S2,B,C01,F02,S2,B,C08,same_device_same_state_diff_challenge,-0.2321807662654963,frozen_lifecycle
F02,S2,B,C01,F03,S2,B,C01,diff_device_same_challenge,-0.0002114511641501,frozen_lifecycle
F02,S2,B,C01,F04,S2,B,C01,diff_device_same_challenge,0.0043138829639044,frozen_lifecycle
F02,S2,B,C01,F05,S2,B,C01,diff_device_same_challenge,0.0003620078255595,frozen_lifecycle
F02,S2,B,C01,F06,S2,B,C01,diff_device_same_challenge,-0.0006379434292402,frozen_lifecycle
F02,S2,B,C01,F07,S2,B,C01,diff_device_same_challenge,0.0016124416822852,frozen_lifecycle
F02,S2,B,C01,F08,S2,B,C01,diff_device_same_challenge,-0.0023936271581485,frozen_lifecycle
F02,S2,B,C01,F09,S2,B,C01,diff_device_same_challenge,0.005474268790393,frozen_lifecycle
F02,S2,B,C01,F10,S2,B,C01,diff_device_same_challenge,0.0046290136698454,frozen_lifecycle
F02,S2,B,C01,F11,S2,B,C01,diff_device_same_challenge,0.0015376774153209,frozen_lifecycle
F02,S2,B,C01,F12,S2,B,C01,diff_device_same_challenge,-0.0009470869574741,frozen_lifecycle
F02,S2,B,C01,F13,S2,B,C01,diff_device_same_challenge,-0.0037835531161902,frozen_lifecycle
F02,S2,B,C01,F14,S2,B,C01,diff_device_same_challenge,-0.0012718569388042,frozen_lifecycle
F02,S2,B,C01,F15,S2,B,C01,diff_device_same_challenge,0.0012967638869881,frozen_lifecycle
F02,S2,B,C02,F02,S2,B,C03,same_device_same_state_diff_challenge,0.1903413700288678,frozen_lifecycle
F02,S2,B,C02,F02,S2,B,C04,same_device_same_state_diff_challenge,0.0276047558278732,frozen_lifecycle
F02,S2,B,C02,F02,S2,B,C05,same_device_same_state_diff_challenge,-0.338928967306219,frozen_lifecycle
F02,S2,B,C02,F02,S2,B,C06,same_device_same_state_diff_challenge,-0.2307014048626735,frozen_lifecycle
F02,S2,B,C02,F02,S2,B,C07,same_device_same_state_diff_challenge,-0.3565572295608124,frozen_lifecycle
F02,S2,B,C02,F02,S2,B,C08,same_device_same_state_diff_challenge,-0.3432863496923615,frozen_lifecycle
F02,S2,B,C02,F03,S2,B,C02,diff_device_same_challenge,0.0047617489984437,frozen_lifecycle
F02,S2,B,C02,F04,S2,B,C02,diff_device_same_challenge,-0.0070616855148433,frozen_lifecycle
F02,S2,B,C02,F05,S2,B,C02,diff_device_same_challenge,-0.0008213297387549,frozen_lifecycle
F02,S2,B,C02,F06,S2,B,C02,diff_device_same_challenge,0.0049048774656239,frozen_lifecycle
F02,S2,B,C02,F07,S2,B,C02,diff_device_same_challenge,-0.0022543530506111,frozen_lifecycle
F02,S2,B,C02,F08,S2,B,C02,diff_device_same_challenge,-0.0021536094342195,frozen_lifecycle
F02,S2,B,C02,F09,S2,B,C02,diff_device_same_challenge,-0.0023468970382454,frozen_lifecycle
F02,S2,B,C02,F10,S2,B,C02,diff_device_same_challenge,0.004426007164588,frozen_lifecycle
F02,S2,B,C02,F11,S2,B,C02,diff_device_same_challenge,0.006733952561883,frozen_lifecycle
F02,S2,B,C02,F12,S2,B,C02,diff_device_same_challenge,-0.0026240560635703,frozen_lifecycle
F02,S2,B,C02,F13,S2,B,C02,diff_device_same_challenge,0.0008783512383475,frozen_lifecycle
F02,S2,B,C02,F14,S2,B,C02,diff_device_same_challenge,-0.0002251126937623,frozen_lifecycle
F02,S2,B,C02,F15,S2,B,C02,diff_device_same_challenge,-0.0081119628194945,frozen_lifecycle
F02,S2,B,C03,F02,S2,B,C04,same_device_same_state_diff_challenge,0.1725867371403308,frozen_lifecycle
F02,S2,B,C03,F02,S2,B,C05,same_device_same_state_diff_challenge,-0.2540276857487908,frozen_lifecycle
F02,S2,B,C03,F02,S2,B,C06,same_device_same_state_diff_challenge,-0.32397101542803,frozen_lifecycle
F02,S2,B,C03,F02,S2,B,C07,same_device_same_state_diff_challenge,-0.2917259750390825,frozen_lifecycle
F02,S2,B,C03,F02,S2,B,C08,same_device_same_state_diff_challenge,-0.3748108199762757,frozen_lifecycle
F02,S2,B,C03,F03,S2,B,C03,diff_device_same_challenge,-0.0100742286723621,frozen_lifecycle
F02,S2,B,C03,F04,S2,B,C03,diff_device_same_challenge,0.0039438842504367,frozen_lifecycle
F02,S2,B,C03,F05,S2,B,C03,diff_device_same_challenge,0.0061996673176228,frozen_lifecycle
F02,S2,B,C03,F06,S2,B,C03,diff_device_same_challenge,0.0047596291674497,frozen_lifecycle
F02,S2,B,C03,F07,S2,B,C03,diff_device_same_challenge,0.0070050672116204,frozen_lifecycle
F02,S2,B,C03,F08,S2,B,C03,diff_device_same_challenge,-0.0031096300903637,frozen_lifecycle
F02,S2,B,C03,F09,S2,B,C03,diff_device_same_challenge,-0.0050765455979526,frozen_lifecycle
F02,S2,B,C03,F10,S2,B,C03,diff_device_same_challenge,-0.0029345436242782,frozen_lifecycle
F02,S2,B,C03,F11,S2,B,C03,diff_device_same_challenge,-0.001497129769984,frozen_lifecycle
F02,S2,B,C03,F12,S2,B,C03,diff_device_same_challenge,0.0047670052016988,frozen_lifecycle
F02,S2,B,C03,F13,S2,B,C03,diff_device_same_challenge,-0.0020804984518364,frozen_lifecycle
F02,S2,B,C03,F14,S2,B,C03,diff_device_same_challenge,0.0001638975229507,frozen_lifecycle
F02,S2,B,C03,F15,S2,B,C03,diff_device_same_challenge,0.0067350272669231,frozen_lifecycle
F02,S2,B,C04,F02,S2,B,C05,same_device_same_state_diff_challenge,-0.1045828293474548,frozen_lifecycle
F02,S2,B,C04,F02,S2,B,C06,same_device_same_state_diff_challenge,-0.3561277304077623,frozen_lifecycle
F02,S2,B,C04,F02,S2,B,C07,same_device_same_state_diff_challenge,-0.1532205035270814,frozen_lifecycle
F02,S2,B,C04,F02,S2,B,C08,same_device_same_state_diff_challenge,-0.3392767255630542,frozen_lifecycle
F02,S2,B,C04,F03,S2,B,C04,diff_device_same_challenge,0.0009639528255701,frozen_lifecycle
F02,S2,B,C04,F04,S2,B,C04,diff_device_same_challenge,0.0072261956614107,frozen_lifecycle
F02,S2,B,C04,F05,S2,B,C04,diff_device_same_challenge,0.0044179605402573,frozen_lifecycle
F02,S2,B,C04,F06,S2,B,C04,diff_device_same_challenge,-0.0024310983442478,frozen_lifecycle
F02,S2,B,C04,F07,S2,B,C04,diff_device_same_challenge,-0.0034997788113704,frozen_lifecycle
F02,S2,B,C04,F08,S2,B,C04,diff_device_same_challenge,0.0089088246408874,frozen_lifecycle
F02,S2,B,C04,F09,S2,B,C04,diff_device_same_challenge,-0.0012464902422955,frozen_lifecycle
F02,S2,B,C04,F10,S2,B,C04,diff_device_same_challenge,0.0020109814110619,frozen_lifecycle
F02,S2,B,C04,F11,S2,B,C04,diff_device_same_challenge,0.0027902663082162,frozen_lifecycle
F02,S2,B,C04,F12,S2,B,C04,diff_device_same_challenge,0.0026607093828696,frozen_lifecycle
F02,S2,B,C04,F13,S2,B,C04,diff_device_same_challenge,0.0008137469511109,frozen_lifecycle
F02,S2,B,C04,F14,S2,B,C04,diff_device_same_challenge,-0.0046314414895269,frozen_lifecycle
F02,S2,B,C04,F15,S2,B,C04,diff_device_same_challenge,0.0021776598932344,frozen_lifecycle
F02,S2,B,C05,F02,S2,B,C06,same_device_same_state_diff_challenge,-0.1183599035731398,frozen_lifecycle
F02,S2,B,C05,F02,S2,B,C07,same_device_same_state_diff_challenge,0.1448917456237575,frozen_lifecycle
F02,S2,B,C05,F02,S2,B,C08,same_device_same_state_diff_challenge,0.0008566849973951,frozen_lifecycle
F02,S2,B,C05,F03,S2,B,C05,diff_device_same_challenge,0.0002725340922362,frozen_lifecycle
F02,S2,B,C05,F04,S2,B,C05,diff_device_same_challenge,-0.0003460290888473,frozen_lifecycle
F02,S2,B,C05,F05,S2,B,C05,diff_device_same_challenge,-0.0039129785757298,frozen_lifecycle
F02,S2,B,C05,F06,S2,B,C05,diff_device_same_challenge,-0.000695607846607,frozen_lifecycle
F02,S2,B,C05,F07,S2,B,C05,diff_device_same_challenge,0.0014484254237714,frozen_lifecycle
F02,S2,B,C05,F08,S2,B,C05,diff_device_same_challenge,0.0042073391504638,frozen_lifecycle
F02,S2,B,C05,F09,S2,B,C05,diff_device_same_challenge,0.0007420971840325,frozen_lifecycle
F02,S2,B,C05,F10,S2,B,C05,diff_device_same_challenge,-0.004270912157167,frozen_lifecycle
F02,S2,B,C05,F11,S2,B,C05,diff_device_same_challenge,-6.793647749821873e-05,frozen_lifecycle
F02,S2,B,C05,F12,S2,B,C05,diff_device_same_challenge,0.0012700463292868,frozen_lifecycle
F02,S2,B,C05,F13,S2,B,C05,diff_device_same_challenge,-0.0057180118404968,frozen_lifecycle
F02,S2,B,C05,F14,S2,B,C05,diff_device_same_challenge,-0.0030151369533801,frozen_lifecycle
F02,S2,B,C05,F15,S2,B,C05,diff_device_same_challenge,0.0027897432154435,frozen_lifecycle
F02,S2,B,C06,F02,S2,B,C07,same_device_same_state_diff_challenge,-0.069951873672197,frozen_lifecycle
F02,S2,B,C06,F02,S2,B,C08,same_device_same_state_diff_challenge,0.2169686665207057,frozen_lifecycle
F02,S2,B,C06,F03,S2,B,C06,diff_device_same_challenge,-0.0020814035975662,frozen_lifecycle
F02,S2,B,C06,F04,S2,B,C06,diff_device_same_challenge,0.0089176152220862,frozen_lifecycle
F02,S2,B,C06,F05,S2,B,C06,diff_device_same_challenge,0.0075980966818561,frozen_lifecycle
F02,S2,B,C06,F06,S2,B,C06,diff_device_same_challenge,-0.0032672258220411,frozen_lifecycle
F02,S2,B,C06,F07,S2,B,C06,diff_device_same_challenge,0.0009499640985424,frozen_lifecycle
F02,S2,B,C06,F08,S2,B,C06,diff_device_same_challenge,0.0071046443798423,frozen_lifecycle
F02,S2,B,C06,F09,S2,B,C06,diff_device_same_challenge,-0.0069627039874053,frozen_lifecycle
F02,S2,B,C06,F10,S2,B,C06,diff_device_same_challenge,-0.0007050480860347,frozen_lifecycle
F02,S2,B,C06,F11,S2,B,C06,diff_device_same_challenge,-0.0016398415806974,frozen_lifecycle
F02,S2,B,C06,F12,S2,B,C06,diff_device_same_challenge,-0.0070938851976955,frozen_lifecycle
F02,S2,B,C06,F13,S2,B,C06,diff_device_same_challenge,-0.0001157255557334,frozen_lifecycle
F02,S2,B,C06,F14,S2,B,C06,diff_device_same_challenge,-0.0001729538278719,frozen_lifecycle
F02,S2,B,C06,F15,S2,B,C06,diff_device_same_challenge,-0.0027962373212946,frozen_lifecycle
F02,S2,B,C07,F02,S2,B,C08,same_device_same_state_diff_challenge,0.0679536697588465,frozen_lifecycle
F02,S2,B,C07,F03,S2,B,C07,diff_device_same_challenge,0.0034575219499773,frozen_lifecycle
F02,S2,B,C07,F04,S2,B,C07,diff_device_same_challenge,-0.0030288793089778,frozen_lifecycle
F02,S2,B,C07,F05,S2,B,C07,diff_device_same_challenge,0.0004085026298279,frozen_lifecycle
F02,S2,B,C07,F06,S2,B,C07,diff_device_same_challenge,-0.0057028097271365,frozen_lifecycle
F02,S2,B,C07,F07,S2,B,C07,diff_device_same_challenge,-0.0017986581911544,frozen_lifecycle
F02,S2,B,C07,F08,S2,B,C07,diff_device_same_challenge,0.0075640781858779,frozen_lifecycle
F02,S2,B,C07,F09,S2,B,C07,diff_device_same_challenge,-0.0032166785221997,frozen_lifecycle
F02,S2,B,C07,F10,S2,B,C07,diff_device_same_challenge,-0.0012615070548964,frozen_lifecycle
F02,S2,B,C07,F11,S2,B,C07,diff_device_same_challenge,-0.002193131383868,frozen_lifecycle
F02,S2,B,C07,F12,S2,B,C07,diff_device_same_challenge,-0.0048307179866458,frozen_lifecycle
F02,S2,B,C07,F13,S2,B,C07,diff_device_same_challenge,-0.0042047570190063,frozen_lifecycle
F02,S2,B,C07,F14,S2,B,C07,diff_device_same_challenge,3.102775193167566e-05,frozen_lifecycle
F02,S2,B,C07,F15,S2,B,C07,diff_device_same_challenge,-0.000951707845896,frozen_lifecycle
F02,S2,B,C08,F03,S2,B,C08,diff_device_same_challenge,0.0073919554777955,frozen_lifecycle
F02,S2,B,C08,F04,S2,B,C08,diff_device_same_challenge,0.0009964899374798,frozen_lifecycle
F02,S2,B,C08,F05,S2,B,C08,diff_device_same_challenge,-0.003775834329071,frozen_lifecycle
F02,S2,B,C08,F06,S2,B,C08,diff_device_same_challenge,-0.0035166998143378,frozen_lifecycle
F02,S2,B,C08,F07,S2,B,C08,diff_device_same_challenge,0.005509504839603,frozen_lifecycle
F02,S2,B,C08,F08,S2,B,C08,diff_device_same_challenge,0.0002511717118491,frozen_lifecycle
F02,S2,B,C08,F09,S2,B,C08,diff_device_same_challenge,0.0033893812851725,frozen_lifecycle
F02,S2,B,C08,F10,S2,B,C08,diff_device_same_challenge,0.0063841566467532,frozen_lifecycle
F02,S2,B,C08,F11,S2,B,C08,diff_device_same_challenge,-0.0015457988814627,frozen_lifecycle
F02,S2,B,C08,F12,S2,B,C08,diff_device_same_challenge,0.0004835629263844,frozen_lifecycle
F02,S2,B,C08,F13,S2,B,C08,diff_device_same_challenge,0.0033132071937535,frozen_lifecycle
F02,S2,B,C08,F14,S2,B,C08,diff_device_same_challenge,-0.0029734091685296,frozen_lifecycle
F02,S2,B,C08,F15,S2,B,C08,diff_device_same_challenge,-0.0001591422721475,frozen_lifecycle
F03,S0,A,C01,F03,S0,A,C02,same_device_same_state_diff_challenge,0.0467792553104735,frozen_lifecycle
F03,S0,A,C01,F03,S0,A,C03,same_device_same_state_diff_challenge,-0.2286861977876544,frozen_lifecycle
F03,S0,A,C01,F03,S0,A,C04,same_device_same_state_diff_challenge,-0.1530309059521507,frozen_lifecycle
F03,S0,A,C01,F03,S0,A,C05,same_device_same_state_diff_challenge,-0.1892455452370103,frozen_lifecycle
F03,S0,A,C01,F03,S0,A,C06,same_device_same_state_diff_challenge,-0.2491408921895121,frozen_lifecycle
F03,S0,A,C01,F03,S0,A,C07,same_device_same_state_diff_challenge,-0.2102290900181622,frozen_lifecycle
F03,S0,A,C01,F03,S0,A,C08,same_device_same_state_diff_challenge,-0.1403024785056948,frozen_lifecycle
F03,S0,A,C01,F03,S0,B,C01,same_device_same_state_same_challenge,0.8036716046016336,frozen_lifecycle
F03,S0,A,C01,F03,S2,A,C01,same_device_diff_state_same_challenge,0.0028788938352148,frozen_lifecycle
F03,S0,A,C01,F04,S0,A,C01,diff_device_same_challenge,-0.0033540149603823,frozen_lifecycle
F03,S0,A,C01,F05,S0,A,C01,diff_device_same_challenge,0.0058166018040511,frozen_lifecycle
F03,S0,A,C01,F06,S0,A,C01,diff_device_same_challenge,0.0009004651416,frozen_lifecycle
F03,S0,A,C01,F07,S0,A,C01,diff_device_same_challenge,0.002384347729888,frozen_lifecycle
F03,S0,A,C01,F08,S0,A,C01,diff_device_same_challenge,-0.0041152620071567,frozen_lifecycle
F03,S0,A,C01,F09,S0,A,C01,diff_device_same_challenge,-0.0035174851708574,frozen_lifecycle
F03,S0,A,C01,F10,S0,A,C01,diff_device_same_challenge,-0.0024678184829663,frozen_lifecycle
F03,S0,A,C01,F11,S0,A,C01,diff_device_same_challenge,-0.0007133364408085,frozen_lifecycle
F03,S0,A,C01,F12,S0,A,C01,diff_device_same_challenge,-0.0035267996648895,frozen_lifecycle
F03,S0,A,C01,F13,S0,A,C01,diff_device_same_challenge,-0.0008934710712873,frozen_lifecycle
F03,S0,A,C01,F14,S0,A,C01,diff_device_same_challenge,0.0074714255919301,frozen_lifecycle
F03,S0,A,C01,F15,S0,A,C01,diff_device_same_challenge,6.569841457466772e-05,frozen_lifecycle
F03,S0,A,C02,F03,S0,A,C03,same_device_same_state_diff_challenge,-0.2108387865604155,frozen_lifecycle
F03,S0,A,C02,F03,S0,A,C04,same_device_same_state_diff_challenge,-0.0248038229300824,frozen_lifecycle
F03,S0,A,C02,F03,S0,A,C05,same_device_same_state_diff_challenge,-0.2576495043705965,frozen_lifecycle
F03,S0,A,C02,F03,S0,A,C06,same_device_same_state_diff_challenge,-0.3149284696569889,frozen_lifecycle
F03,S0,A,C02,F03,S0,A,C07,same_device_same_state_diff_challenge,-0.2469560441692107,frozen_lifecycle
F03,S0,A,C02,F03,S0,A,C08,same_device_same_state_diff_challenge,-0.0792613851639661,frozen_lifecycle
F03,S0,A,C02,F03,S0,B,C02,same_device_same_state_same_challenge,0.6931015230242595,frozen_lifecycle
F03,S0,A,C02,F03,S2,A,C02,same_device_diff_state_same_challenge,-0.0030546454340732,frozen_lifecycle
F03,S0,A,C02,F04,S0,A,C02,diff_device_same_challenge,-8.724873216190846e-05,frozen_lifecycle
F03,S0,A,C02,F05,S0,A,C02,diff_device_same_challenge,-0.0036873916486712,frozen_lifecycle
F03,S0,A,C02,F06,S0,A,C02,diff_device_same_challenge,0.0039553272921038,frozen_lifecycle
F03,S0,A,C02,F07,S0,A,C02,diff_device_same_challenge,-0.0012000596222757,frozen_lifecycle
F03,S0,A,C02,F08,S0,A,C02,diff_device_same_challenge,-0.00221002195496,frozen_lifecycle
F03,S0,A,C02,F09,S0,A,C02,diff_device_same_challenge,0.0057174972400919,frozen_lifecycle
F03,S0,A,C02,F10,S0,A,C02,diff_device_same_challenge,-0.0023901194612339,frozen_lifecycle
F03,S0,A,C02,F11,S0,A,C02,diff_device_same_challenge,0.0020988098048164,frozen_lifecycle
F03,S0,A,C02,F12,S0,A,C02,diff_device_same_challenge,-0.0011204103995761,frozen_lifecycle
F03,S0,A,C02,F13,S0,A,C02,diff_device_same_challenge,-0.0043067224784685,frozen_lifecycle
F03,S0,A,C02,F14,S0,A,C02,diff_device_same_challenge,0.0020440145389354,frozen_lifecycle
F03,S0,A,C02,F15,S0,A,C02,diff_device_same_challenge,0.003923797613685,frozen_lifecycle
F03,S0,A,C03,F03,S0,A,C04,same_device_same_state_diff_challenge,0.0132027943636692,frozen_lifecycle
F03,S0,A,C03,F03,S0,A,C05,same_device_same_state_diff_challenge,-0.0247738102584922,frozen_lifecycle
F03,S0,A,C03,F03,S0,A,C06,same_device_same_state_diff_challenge,-0.093446557916282,frozen_lifecycle
F03,S0,A,C03,F03,S0,A,C07,same_device_same_state_diff_challenge,-0.2441703118942628,frozen_lifecycle
F03,S0,A,C03,F03,S0,A,C08,same_device_same_state_diff_challenge,-0.1499381139433205,frozen_lifecycle
F03,S0,A,C03,F03,S0,B,C03,same_device_same_state_same_challenge,0.7280680305975153,frozen_lifecycle
F03,S0,A,C03,F03,S2,A,C03,same_device_diff_state_same_challenge,-0.0039719711815137,frozen_lifecycle
F03,S0,A,C03,F04,S0,A,C03,diff_device_same_challenge,0.0060580282941463,frozen_lifecycle
F03,S0,A,C03,F05,S0,A,C03,diff_device_same_challenge,0.0035679202940197,frozen_lifecycle
F03,S0,A,C03,F06,S0,A,C03,diff_device_same_challenge,0.0048835935706704,frozen_lifecycle
F03,S0,A,C03,F07,S0,A,C03,diff_device_same_challenge,-0.0033532647481004,frozen_lifecycle
F03,S0,A,C03,F08,S0,A,C03,diff_device_same_challenge,0.0040541265379084,frozen_lifecycle
F03,S0,A,C03,F09,S0,A,C03,diff_device_same_challenge,-0.0016048301450229,frozen_lifecycle
F03,S0,A,C03,F10,S0,A,C03,diff_device_same_challenge,0.0004412076758179,frozen_lifecycle
F03,S0,A,C03,F11,S0,A,C03,diff_device_same_challenge,-0.0002479296124402,frozen_lifecycle
F03,S0,A,C03,F12,S0,A,C03,diff_device_same_challenge,0.0006230601393009,frozen_lifecycle
F03,S0,A,C03,F13,S0,A,C03,diff_device_same_challenge,-0.0060547947312798,frozen_lifecycle
F03,S0,A,C03,F14,S0,A,C03,diff_device_same_challenge,-0.0007873871635257,frozen_lifecycle
F03,S0,A,C03,F15,S0,A,C03,diff_device_same_challenge,-0.007256203272958,frozen_lifecycle
F03,S0,A,C04,F03,S0,A,C05,same_device_same_state_diff_challenge,-0.2477658943578153,frozen_lifecycle
F03,S0,A,C04,F03,S0,A,C06,same_device_same_state_diff_challenge,-0.2910455708037717,frozen_lifecycle
F03,S0,A,C04,F03,S0,A,C07,same_device_same_state_diff_challenge,-0.2813741916643366,frozen_lifecycle
F03,S0,A,C04,F03,S0,A,C08,same_device_same_state_diff_challenge,-0.064189483199194,frozen_lifecycle
F03,S0,A,C04,F03,S0,B,C04,same_device_same_state_same_challenge,0.8660984660955272,frozen_lifecycle
F03,S0,A,C04,F03,S2,A,C04,same_device_diff_state_same_challenge,-0.0066263241008535,frozen_lifecycle
F03,S0,A,C04,F04,S0,A,C04,diff_device_same_challenge,0.0020338467534039,frozen_lifecycle
F03,S0,A,C04,F05,S0,A,C04,diff_device_same_challenge,-0.0026685599087037,frozen_lifecycle
F03,S0,A,C04,F06,S0,A,C04,diff_device_same_challenge,0.0004695467556228,frozen_lifecycle
F03,S0,A,C04,F07,S0,A,C04,diff_device_same_challenge,0.0087859918957003,frozen_lifecycle
F03,S0,A,C04,F08,S0,A,C04,diff_device_same_challenge,-0.0077680770116681,frozen_lifecycle
F03,S0,A,C04,F09,S0,A,C04,diff_device_same_challenge,0.0023424600079253,frozen_lifecycle
F03,S0,A,C04,F10,S0,A,C04,diff_device_same_challenge,0.0091682379582501,frozen_lifecycle
F03,S0,A,C04,F11,S0,A,C04,diff_device_same_challenge,0.0012437281160765,frozen_lifecycle
F03,S0,A,C04,F12,S0,A,C04,diff_device_same_challenge,0.0004153863873528,frozen_lifecycle
F03,S0,A,C04,F13,S0,A,C04,diff_device_same_challenge,-0.001840896863909,frozen_lifecycle
F03,S0,A,C04,F14,S0,A,C04,diff_device_same_challenge,-0.0041459972128939,frozen_lifecycle
F03,S0,A,C04,F15,S0,A,C04,diff_device_same_challenge,0.0027569791687819,frozen_lifecycle
F03,S0,A,C05,F03,S0,A,C06,same_device_same_state_diff_challenge,0.0986326326674538,frozen_lifecycle
F03,S0,A,C05,F03,S0,A,C07,same_device_same_state_diff_challenge,-0.0527436805607382,frozen_lifecycle
F03,S0,A,C05,F03,S0,A,C08,same_device_same_state_diff_challenge,-0.2117314068087049,frozen_lifecycle
F03,S0,A,C05,F03,S0,B,C05,same_device_same_state_same_challenge,0.6451620276316491,frozen_lifecycle
F03,S0,A,C05,F03,S2,A,C05,same_device_diff_state_same_challenge,-0.0017362798959739,frozen_lifecycle
F03,S0,A,C05,F04,S0,A,C05,diff_device_same_challenge,-0.0105740680945857,frozen_lifecycle
F03,S0,A,C05,F05,S0,A,C05,diff_device_same_challenge,-0.0059095478289973,frozen_lifecycle
F03,S0,A,C05,F06,S0,A,C05,diff_device_same_challenge,0.0008314599603728,frozen_lifecycle
F03,S0,A,C05,F07,S0,A,C05,diff_device_same_challenge,-0.0012029451068252,frozen_lifecycle
F03,S0,A,C05,F08,S0,A,C05,diff_device_same_challenge,0.0009990927166334,frozen_lifecycle
F03,S0,A,C05,F09,S0,A,C05,diff_device_same_challenge,0.0037313273557968,frozen_lifecycle
F03,S0,A,C05,F10,S0,A,C05,diff_device_same_challenge,-0.0047154530421139,frozen_lifecycle
F03,S0,A,C05,F11,S0,A,C05,diff_device_same_challenge,0.0040303804649364,frozen_lifecycle
F03,S0,A,C05,F12,S0,A,C05,diff_device_same_challenge,0.0051072023502274,frozen_lifecycle
F03,S0,A,C05,F13,S0,A,C05,diff_device_same_challenge,-1.5335369497510518e-05,frozen_lifecycle
F03,S0,A,C05,F14,S0,A,C05,diff_device_same_challenge,-0.0003061106286227,frozen_lifecycle
F03,S0,A,C05,F15,S0,A,C05,diff_device_same_challenge,0.0017138995513979,frozen_lifecycle
F03,S0,A,C06,F03,S0,A,C07,same_device_same_state_diff_challenge,0.1953473736857234,frozen_lifecycle
F03,S0,A,C06,F03,S0,A,C08,same_device_same_state_diff_challenge,-0.2526641019327841,frozen_lifecycle
F03,S0,A,C06,F03,S0,B,C06,same_device_same_state_same_challenge,0.7752315585812528,frozen_lifecycle
F03,S0,A,C06,F03,S2,A,C06,same_device_diff_state_same_challenge,-0.0064402043323099,frozen_lifecycle
F03,S0,A,C06,F04,S0,A,C06,diff_device_same_challenge,0.0011724148042526,frozen_lifecycle
F03,S0,A,C06,F05,S0,A,C06,diff_device_same_challenge,-0.0028226928837918,frozen_lifecycle
F03,S0,A,C06,F06,S0,A,C06,diff_device_same_challenge,0.0062269261724302,frozen_lifecycle
F03,S0,A,C06,F07,S0,A,C06,diff_device_same_challenge,-0.0029677076084943,frozen_lifecycle
F03,S0,A,C06,F08,S0,A,C06,diff_device_same_challenge,0.0015618082090394,frozen_lifecycle
F03,S0,A,C06,F09,S0,A,C06,diff_device_same_challenge,-0.0006719433544053,frozen_lifecycle
F03,S0,A,C06,F10,S0,A,C06,diff_device_same_challenge,0.0063038345759798,frozen_lifecycle
F03,S0,A,C06,F11,S0,A,C06,diff_device_same_challenge,0.0066456832067723,frozen_lifecycle
F03,S0,A,C06,F12,S0,A,C06,diff_device_same_challenge,-0.0039543084928468,frozen_lifecycle
F03,S0,A,C06,F13,S0,A,C06,diff_device_same_challenge,0.0010738792586251,frozen_lifecycle
F03,S0,A,C06,F14,S0,A,C06,diff_device_same_challenge,-0.0041537148385349,frozen_lifecycle
F03,S0,A,C06,F15,S0,A,C06,diff_device_same_challenge,0.0008645773817422,frozen_lifecycle
F03,S0,A,C07,F03,S0,A,C08,same_device_same_state_diff_challenge,-0.1191129716886488,frozen_lifecycle
F03,S0,A,C07,F03,S0,B,C07,same_device_same_state_same_challenge,0.8122664626519761,frozen_lifecycle
F03,S0,A,C07,F03,S2,A,C07,same_device_diff_state_same_challenge,0.0012878695607469,frozen_lifecycle
F03,S0,A,C07,F04,S0,A,C07,diff_device_same_challenge,-0.0052980412619613,frozen_lifecycle
F03,S0,A,C07,F05,S0,A,C07,diff_device_same_challenge,-0.0055642498573976,frozen_lifecycle
F03,S0,A,C07,F06,S0,A,C07,diff_device_same_challenge,0.0042105365408458,frozen_lifecycle
F03,S0,A,C07,F07,S0,A,C07,diff_device_same_challenge,0.0033679329216775,frozen_lifecycle
F03,S0,A,C07,F08,S0,A,C07,diff_device_same_challenge,0.0013005784949875,frozen_lifecycle
F03,S0,A,C07,F09,S0,A,C07,diff_device_same_challenge,0.0056872139681413,frozen_lifecycle
F03,S0,A,C07,F10,S0,A,C07,diff_device_same_challenge,0.0075286749847066,frozen_lifecycle
F03,S0,A,C07,F11,S0,A,C07,diff_device_same_challenge,-0.0029085059502852,frozen_lifecycle
F03,S0,A,C07,F12,S0,A,C07,diff_device_same_challenge,0.0027373883044226,frozen_lifecycle
F03,S0,A,C07,F13,S0,A,C07,diff_device_same_challenge,-0.0085507518791071,frozen_lifecycle
F03,S0,A,C07,F14,S0,A,C07,diff_device_same_challenge,0.0006905853865432,frozen_lifecycle
F03,S0,A,C07,F15,S0,A,C07,diff_device_same_challenge,-0.0013316289983451,frozen_lifecycle
F03,S0,A,C08,F03,S0,B,C08,same_device_same_state_same_challenge,0.2591169154340754,frozen_lifecycle
F03,S0,A,C08,F03,S2,A,C08,same_device_diff_state_same_challenge,-0.002617772145007,frozen_lifecycle
F03,S0,A,C08,F04,S0,A,C08,diff_device_same_challenge,-0.0057633495354909,frozen_lifecycle
F03,S0,A,C08,F05,S0,A,C08,diff_device_same_challenge,-0.0015349256122939,frozen_lifecycle
F03,S0,A,C08,F06,S0,A,C08,diff_device_same_challenge,-0.0004350175482234,frozen_lifecycle
F03,S0,A,C08,F07,S0,A,C08,diff_device_same_challenge,-0.0028341401105922,frozen_lifecycle
F03,S0,A,C08,F08,S0,A,C08,diff_device_same_challenge,0.00043259648777,frozen_lifecycle
F03,S0,A,C08,F09,S0,A,C08,diff_device_same_challenge,0.0005003943196492,frozen_lifecycle
F03,S0,A,C08,F10,S0,A,C08,diff_device_same_challenge,-0.0027121907679359,frozen_lifecycle
F03,S0,A,C08,F11,S0,A,C08,diff_device_same_challenge,0.0079505246825943,frozen_lifecycle
F03,S0,A,C08,F12,S0,A,C08,diff_device_same_challenge,0.0013028043069325,frozen_lifecycle
F03,S0,A,C08,F13,S0,A,C08,diff_device_same_challenge,0.0022529070616147,frozen_lifecycle
F03,S0,A,C08,F14,S0,A,C08,diff_device_same_challenge,0.0022311544884768,frozen_lifecycle
F03,S0,A,C08,F15,S0,A,C08,diff_device_same_challenge,0.006402591233559,frozen_lifecycle
F03,S0,B,C01,F03,S0,B,C02,same_device_same_state_diff_challenge,-0.0609785243568016,frozen_lifecycle
F03,S0,B,C01,F03,S0,B,C03,same_device_same_state_diff_challenge,-0.1513462642345948,frozen_lifecycle
F03,S0,B,C01,F03,S0,B,C04,same_device_same_state_diff_challenge,-0.1603246717819332,frozen_lifecycle
F03,S0,B,C01,F03,S0,B,C05,same_device_same_state_diff_challenge,-0.2131334005489905,frozen_lifecycle
F03,S0,B,C01,F03,S0,B,C06,same_device_same_state_diff_challenge,-0.2161855213812538,frozen_lifecycle
F03,S0,B,C01,F03,S0,B,C07,same_device_same_state_diff_challenge,-0.2305855345260129,frozen_lifecycle
F03,S0,B,C01,F03,S0,B,C08,same_device_same_state_diff_challenge,-0.1060350623340034,frozen_lifecycle
F03,S0,B,C01,F03,S2,B,C01,same_device_diff_state_same_challenge,-0.0017077945451556,frozen_lifecycle
F03,S0,B,C01,F04,S0,B,C01,diff_device_same_challenge,-0.0022241416384636,frozen_lifecycle
F03,S0,B,C01,F05,S0,B,C01,diff_device_same_challenge,0.005929516729942,frozen_lifecycle
F03,S0,B,C01,F06,S0,B,C01,diff_device_same_challenge,0.0034967122826996,frozen_lifecycle
F03,S0,B,C01,F07,S0,B,C01,diff_device_same_challenge,0.0015703959324007,frozen_lifecycle
F03,S0,B,C01,F08,S0,B,C01,diff_device_same_challenge,-0.0008328975494131,frozen_lifecycle
F03,S0,B,C01,F09,S0,B,C01,diff_device_same_challenge,0.0002872693241063,frozen_lifecycle
F03,S0,B,C01,F10,S0,B,C01,diff_device_same_challenge,-0.0042679880809232,frozen_lifecycle
F03,S0,B,C01,F11,S0,B,C01,diff_device_same_challenge,0.00013459529987,frozen_lifecycle
F03,S0,B,C01,F12,S0,B,C01,diff_device_same_challenge,-0.0032488938749728,frozen_lifecycle
F03,S0,B,C01,F13,S0,B,C01,diff_device_same_challenge,-0.0064843089025704,frozen_lifecycle
F03,S0,B,C01,F14,S0,B,C01,diff_device_same_challenge,0.0084488929081645,frozen_lifecycle
F03,S0,B,C01,F15,S0,B,C01,diff_device_same_challenge,-0.0012801466403081,frozen_lifecycle
F03,S0,B,C02,F03,S0,B,C03,same_device_same_state_diff_challenge,-0.1064353642495002,frozen_lifecycle
F03,S0,B,C02,F03,S0,B,C04,same_device_same_state_diff_challenge,-0.0142020738498718,frozen_lifecycle
F03,S0,B,C02,F03,S0,B,C05,same_device_same_state_diff_challenge,-0.1952602237636088,frozen_lifecycle
F03,S0,B,C02,F03,S0,B,C06,same_device_same_state_diff_challenge,-0.2955225675609011,frozen_lifecycle
F03,S0,B,C02,F03,S0,B,C07,same_device_same_state_diff_challenge,-0.2517888314647221,frozen_lifecycle
F03,S0,B,C02,F03,S0,B,C08,same_device_same_state_diff_challenge,-0.0442933642380561,frozen_lifecycle
F03,S0,B,C02,F03,S2,B,C02,same_device_diff_state_same_challenge,0.0021525642537852,frozen_lifecycle
F03,S0,B,C02,F04,S0,B,C02,diff_device_same_challenge,-0.0011677354744943,frozen_lifecycle
F03,S0,B,C02,F05,S0,B,C02,diff_device_same_challenge,-0.003460729312157,frozen_lifecycle
F03,S0,B,C02,F06,S0,B,C02,diff_device_same_challenge,0.0032978365242507,frozen_lifecycle
F03,S0,B,C02,F07,S0,B,C02,diff_device_same_challenge,-0.0049403328580059,frozen_lifecycle
F03,S0,B,C02,F08,S0,B,C02,diff_device_same_challenge,0.001093441874516,frozen_lifecycle
F03,S0,B,C02,F09,S0,B,C02,diff_device_same_challenge,0.0021585695889526,frozen_lifecycle
F03,S0,B,C02,F10,S0,B,C02,diff_device_same_challenge,0.0014178852890747,frozen_lifecycle
F03,S0,B,C02,F11,S0,B,C02,diff_device_same_challenge,0.0058573505673227,frozen_lifecycle
F03,S0,B,C02,F12,S0,B,C02,diff_device_same_challenge,0.0007665828481154,frozen_lifecycle
F03,S0,B,C02,F13,S0,B,C02,diff_device_same_challenge,0.0025715469668183,frozen_lifecycle
F03,S0,B,C02,F14,S0,B,C02,diff_device_same_challenge,-0.0008721827559323,frozen_lifecycle
F03,S0,B,C02,F15,S0,B,C02,diff_device_same_challenge,0.0029517281945854,frozen_lifecycle
F03,S0,B,C03,F03,S0,B,C04,same_device_same_state_diff_challenge,0.0323912722248238,frozen_lifecycle
F03,S0,B,C03,F03,S0,B,C05,same_device_same_state_diff_challenge,-0.217721976720073,frozen_lifecycle
F03,S0,B,C03,F03,S0,B,C06,same_device_same_state_diff_challenge,-0.2003895998372617,frozen_lifecycle
F03,S0,B,C03,F03,S0,B,C07,same_device_same_state_diff_challenge,-0.2705719673189133,frozen_lifecycle
F03,S0,B,C03,F03,S0,B,C08,same_device_same_state_diff_challenge,-0.174284084326511,frozen_lifecycle
F03,S0,B,C03,F03,S2,B,C03,same_device_diff_state_same_challenge,0.0042810132450788,frozen_lifecycle
F03,S0,B,C03,F04,S0,B,C03,diff_device_same_challenge,-0.0004878521446581,frozen_lifecycle
F03,S0,B,C03,F05,S0,B,C03,diff_device_same_challenge,0.0048687220581514,frozen_lifecycle
F03,S0,B,C03,F06,S0,B,C03,diff_device_same_challenge,0.002345691107094,frozen_lifecycle
F03,S0,B,C03,F07,S0,B,C03,diff_device_same_challenge,0.0026393796982631,frozen_lifecycle
F03,S0,B,C03,F08,S0,B,C03,diff_device_same_challenge,0.0045272753012138,frozen_lifecycle
F03,S0,B,C03,F09,S0,B,C03,diff_device_same_challenge,0.0022785890386589,frozen_lifecycle
F03,S0,B,C03,F10,S0,B,C03,diff_device_same_challenge,0.0023153362665169,frozen_lifecycle
F03,S0,B,C03,F11,S0,B,C03,diff_device_same_challenge,-0.0011874747542017,frozen_lifecycle
F03,S0,B,C03,F12,S0,B,C03,diff_device_same_challenge,-0.0005610356921642,frozen_lifecycle
F03,S0,B,C03,F13,S0,B,C03,diff_device_same_challenge,-0.0032929228775037,frozen_lifecycle
F03,S0,B,C03,F14,S0,B,C03,diff_device_same_challenge,-0.0002836194786024,frozen_lifecycle
F03,S0,B,C03,F15,S0,B,C03,diff_device_same_challenge,-0.0005963265757846,frozen_lifecycle
F03,S0,B,C04,F03,S0,B,C05,same_device_same_state_diff_challenge,-0.291591007278463,frozen_lifecycle
F03,S0,B,C04,F03,S0,B,C06,same_device_same_state_diff_challenge,-0.311744117065805,frozen_lifecycle
F03,S0,B,C04,F03,S0,B,C07,same_device_same_state_diff_challenge,-0.2996294039979383,frozen_lifecycle
F03,S0,B,C04,F03,S0,B,C08,same_device_same_state_diff_challenge,0.0129412694276904,frozen_lifecycle
F03,S0,B,C04,F03,S2,B,C04,same_device_diff_state_same_challenge,-0.0006637822705594,frozen_lifecycle
F03,S0,B,C04,F04,S0,B,C04,diff_device_same_challenge,-0.0013294016671234,frozen_lifecycle
F03,S0,B,C04,F05,S0,B,C04,diff_device_same_challenge,-0.0027508285112817,frozen_lifecycle
F03,S0,B,C04,F06,S0,B,C04,diff_device_same_challenge,0.0004745543005319,frozen_lifecycle
F03,S0,B,C04,F07,S0,B,C04,diff_device_same_challenge,0.0087396808563344,frozen_lifecycle
F03,S0,B,C04,F08,S0,B,C04,diff_device_same_challenge,-0.0089628129785721,frozen_lifecycle
F03,S0,B,C04,F09,S0,B,C04,diff_device_same_challenge,-0.0067098068435905,frozen_lifecycle
F03,S0,B,C04,F10,S0,B,C04,diff_device_same_challenge,0.0050662940033513,frozen_lifecycle
F03,S0,B,C04,F11,S0,B,C04,diff_device_same_challenge,-0.0008383633347915,frozen_lifecycle
F03,S0,B,C04,F12,S0,B,C04,diff_device_same_challenge,-0.0008576264571656,frozen_lifecycle
F03,S0,B,C04,F13,S0,B,C04,diff_device_same_challenge,-0.0064092087707324,frozen_lifecycle
F03,S0,B,C04,F14,S0,B,C04,diff_device_same_challenge,-0.0005173184399004,frozen_lifecycle
F03,S0,B,C04,F15,S0,B,C04,diff_device_same_challenge,-0.0024539909759623,frozen_lifecycle
F03,S0,B,C05,F03,S0,B,C06,same_device_same_state_diff_challenge,0.1471262973539751,frozen_lifecycle
F03,S0,B,C05,F03,S0,B,C07,same_device_same_state_diff_challenge,0.1480288896962037,frozen_lifecycle
F03,S0,B,C05,F03,S0,B,C08,same_device_same_state_diff_challenge,-0.1981219342968893,frozen_lifecycle
F03,S0,B,C05,F03,S2,B,C05,same_device_diff_state_same_challenge,-0.0013509138564689,frozen_lifecycle
F03,S0,B,C05,F04,S0,B,C05,diff_device_same_challenge,-0.0012485753069292,frozen_lifecycle
F03,S0,B,C05,F05,S0,B,C05,diff_device_same_challenge,-0.0070134423911007,frozen_lifecycle
F03,S0,B,C05,F06,S0,B,C05,diff_device_same_challenge,-0.0028309064319088,frozen_lifecycle
F03,S0,B,C05,F07,S0,B,C05,diff_device_same_challenge,-0.0026851033238354,frozen_lifecycle
F03,S0,B,C05,F08,S0,B,C05,diff_device_same_challenge,0.0078613071948951,frozen_lifecycle
F03,S0,B,C05,F09,S0,B,C05,diff_device_same_challenge,0.0033599317993698,frozen_lifecycle
F03,S0,B,C05,F10,S0,B,C05,diff_device_same_challenge,-0.0041063277586314,frozen_lifecycle
F03,S0,B,C05,F11,S0,B,C05,diff_device_same_challenge,0.0056853500693121,frozen_lifecycle
F03,S0,B,C05,F12,S0,B,C05,diff_device_same_challenge,0.001119393692026,frozen_lifecycle
F03,S0,B,C05,F13,S0,B,C05,diff_device_same_challenge,-0.0070609077367491,frozen_lifecycle
F03,S0,B,C05,F14,S0,B,C05,diff_device_same_challenge,0.0030615639994564,frozen_lifecycle
F03,S0,B,C05,F15,S0,B,C05,diff_device_same_challenge,0.0038352693373399,frozen_lifecycle
F03,S0,B,C06,F03,S0,B,C07,same_device_same_state_diff_challenge,0.2358084668512985,frozen_lifecycle
F03,S0,B,C06,F03,S0,B,C08,same_device_same_state_diff_challenge,-0.2879906539578045,frozen_lifecycle
F03,S0,B,C06,F03,S2,B,C06,same_device_diff_state_same_challenge,-0.0089750410249605,frozen_lifecycle
F03,S0,B,C06,F04,S0,B,C06,diff_device_same_challenge,-0.0019520715377732,frozen_lifecycle
F03,S0,B,C06,F05,S0,B,C06,diff_device_same_challenge,-0.0096043774440777,frozen_lifecycle
F03,S0,B,C06,F06,S0,B,C06,diff_device_same_challenge,0.005931055537849,frozen_lifecycle
F03,S0,B,C06,F07,S0,B,C06,diff_device_same_challenge,0.0001014479489381,frozen_lifecycle
F03,S0,B,C06,F08,S0,B,C06,diff_device_same_challenge,0.0036990412625496,frozen_lifecycle
F03,S0,B,C06,F09,S0,B,C06,diff_device_same_challenge,-0.0012620009046913,frozen_lifecycle
F03,S0,B,C06,F10,S0,B,C06,diff_device_same_challenge,0.0053236094107531,frozen_lifecycle
F03,S0,B,C06,F11,S0,B,C06,diff_device_same_challenge,0.0093697512877727,frozen_lifecycle
F03,S0,B,C06,F12,S0,B,C06,diff_device_same_challenge,-0.003625583841398,frozen_lifecycle
F03,S0,B,C06,F13,S0,B,C06,diff_device_same_challenge,5.3977810616135246e-05,frozen_lifecycle
F03,S0,B,C06,F14,S0,B,C06,diff_device_same_challenge,0.0009239241573535,frozen_lifecycle
F03,S0,B,C06,F15,S0,B,C06,diff_device_same_challenge,0.0063152613944446,frozen_lifecycle
F03,S0,B,C07,F03,S0,B,C08,same_device_same_state_diff_challenge,-0.2520078193050258,frozen_lifecycle
F03,S0,B,C07,F03,S2,B,C07,same_device_diff_state_same_challenge,0.0036870716192089,frozen_lifecycle
F03,S0,B,C07,F04,S0,B,C07,diff_device_same_challenge,-0.0006911148998455,frozen_lifecycle
F03,S0,B,C07,F05,S0,B,C07,diff_device_same_challenge,-0.0060916844459211,frozen_lifecycle
F03,S0,B,C07,F06,S0,B,C07,diff_device_same_challenge,0.0034574041818308,frozen_lifecycle
F03,S0,B,C07,F07,S0,B,C07,diff_device_same_challenge,0.0031529471836608,frozen_lifecycle
F03,S0,B,C07,F08,S0,B,C07,diff_device_same_challenge,-0.0034223483894939,frozen_lifecycle
F03,S0,B,C07,F09,S0,B,C07,diff_device_same_challenge,0.0034826600149224,frozen_lifecycle
F03,S0,B,C07,F10,S0,B,C07,diff_device_same_challenge,0.0024178999270531,frozen_lifecycle
F03,S0,B,C07,F11,S0,B,C07,diff_device_same_challenge,-0.0019191811916796,frozen_lifecycle
F03,S0,B,C07,F12,S0,B,C07,diff_device_same_challenge,0.0018090549735375,frozen_lifecycle
F03,S0,B,C07,F13,S0,B,C07,diff_device_same_challenge,-0.0012712624463986,frozen_lifecycle
F03,S0,B,C07,F14,S0,B,C07,diff_device_same_challenge,0.0058142913549851,frozen_lifecycle
F03,S0,B,C07,F15,S0,B,C07,diff_device_same_challenge,0.0026272058777355,frozen_lifecycle
F03,S0,B,C08,F03,S2,B,C08,same_device_diff_state_same_challenge,0.0055974082622773,frozen_lifecycle
F03,S0,B,C08,F04,S0,B,C08,diff_device_same_challenge,-0.0020118071189428,frozen_lifecycle
F03,S0,B,C08,F05,S0,B,C08,diff_device_same_challenge,0.0010994669904799,frozen_lifecycle
F03,S0,B,C08,F06,S0,B,C08,diff_device_same_challenge,-0.0034736505464223,frozen_lifecycle
F03,S0,B,C08,F07,S0,B,C08,diff_device_same_challenge,-0.0045139881132209,frozen_lifecycle
F03,S0,B,C08,F08,S0,B,C08,diff_device_same_challenge,0.0018255112925679,frozen_lifecycle
F03,S0,B,C08,F09,S0,B,C08,diff_device_same_challenge,-0.0030361225355113,frozen_lifecycle
F03,S0,B,C08,F10,S0,B,C08,diff_device_same_challenge,0.0003732697441372,frozen_lifecycle
F03,S0,B,C08,F11,S0,B,C08,diff_device_same_challenge,-0.0017899208822613,frozen_lifecycle
F03,S0,B,C08,F12,S0,B,C08,diff_device_same_challenge,0.0025571733756392,frozen_lifecycle
F03,S0,B,C08,F13,S0,B,C08,diff_device_same_challenge,-0.0004838805499814,frozen_lifecycle
F03,S0,B,C08,F14,S0,B,C08,diff_device_same_challenge,-0.0019283684445202,frozen_lifecycle
F03,S0,B,C08,F15,S0,B,C08,diff_device_same_challenge,-2.3827377789621e-05,frozen_lifecycle
F03,S2,A,C01,F03,S2,A,C02,same_device_same_state_diff_challenge,-0.0909590226187365,frozen_lifecycle
F03,S2,A,C01,F03,S2,A,C03,same_device_same_state_diff_challenge,-0.1010013770994239,frozen_lifecycle
F03,S2,A,C01,F03,S2,A,C04,same_device_same_state_diff_challenge,-0.2101063150283502,frozen_lifecycle
F03,S2,A,C01,F03,S2,A,C05,same_device_same_state_diff_challenge,-0.140694408489099,frozen_lifecycle
F03,S2,A,C01,F03,S2,A,C06,same_device_same_state_diff_challenge,-0.1080240383455646,frozen_lifecycle
F03,S2,A,C01,F03,S2,A,C07,same_device_same_state_diff_challenge,-0.1807448014943442,frozen_lifecycle
F03,S2,A,C01,F03,S2,A,C08,same_device_same_state_diff_challenge,-0.2142078046048407,frozen_lifecycle
F03,S2,A,C01,F03,S2,B,C01,same_device_same_state_same_challenge,0.3298454275131685,frozen_lifecycle
F03,S2,A,C01,F04,S2,A,C01,diff_device_same_challenge,-0.0076179783922484,frozen_lifecycle
F03,S2,A,C01,F05,S2,A,C01,diff_device_same_challenge,-0.0025853975116413,frozen_lifecycle
F03,S2,A,C01,F06,S2,A,C01,diff_device_same_challenge,0.0037347374602641,frozen_lifecycle
F03,S2,A,C01,F07,S2,A,C01,diff_device_same_challenge,-0.0011272673714451,frozen_lifecycle
F03,S2,A,C01,F08,S2,A,C01,diff_device_same_challenge,-0.0025395608547196,frozen_lifecycle
F03,S2,A,C01,F09,S2,A,C01,diff_device_same_challenge,0.0005921880047227,frozen_lifecycle
F03,S2,A,C01,F10,S2,A,C01,diff_device_same_challenge,-0.0017022326783206,frozen_lifecycle
F03,S2,A,C01,F11,S2,A,C01,diff_device_same_challenge,-0.0002051529993932,frozen_lifecycle
F03,S2,A,C01,F12,S2,A,C01,diff_device_same_challenge,-0.0003866057516563,frozen_lifecycle
F03,S2,A,C01,F13,S2,A,C01,diff_device_same_challenge,0.0004698292352929,frozen_lifecycle
F03,S2,A,C01,F14,S2,A,C01,diff_device_same_challenge,-0.0023767685731551,frozen_lifecycle
F03,S2,A,C01,F15,S2,A,C01,diff_device_same_challenge,-0.0032285964173176,frozen_lifecycle
F03,S2,A,C02,F03,S2,A,C03,same_device_same_state_diff_challenge,0.2866603048514028,frozen_lifecycle
F03,S2,A,C02,F03,S2,A,C04,same_device_same_state_diff_challenge,-0.187816008054347,frozen_lifecycle
F03,S2,A,C02,F03,S2,A,C05,same_device_same_state_diff_challenge,-0.3705904831341597,frozen_lifecycle
F03,S2,A,C02,F03,S2,A,C06,same_device_same_state_diff_challenge,-0.3641623034494837,frozen_lifecycle
F03,S2,A,C02,F03,S2,A,C07,same_device_same_state_diff_challenge,-0.060618285963792,frozen_lifecycle
F03,S2,A,C02,F03,S2,A,C08,same_device_same_state_diff_challenge,-0.3057782803474936,frozen_lifecycle
F03,S2,A,C02,F03,S2,B,C02,same_device_same_state_same_challenge,0.586019075028437,frozen_lifecycle
F03,S2,A,C02,F04,S2,A,C02,diff_device_same_challenge,0.0041619048031786,frozen_lifecycle
F03,S2,A,C02,F05,S2,A,C02,diff_device_same_challenge,0.0041607284406032,frozen_lifecycle
F03,S2,A,C02,F06,S2,A,C02,diff_device_same_challenge,-0.0004025265127011,frozen_lifecycle
F03,S2,A,C02,F07,S2,A,C02,diff_device_same_challenge,0.0016984461373927,frozen_lifecycle
F03,S2,A,C02,F08,S2,A,C02,diff_device_same_challenge,-0.0008967930798327,frozen_lifecycle
F03,S2,A,C02,F09,S2,A,C02,diff_device_same_challenge,0.0060568440643543,frozen_lifecycle
F03,S2,A,C02,F10,S2,A,C02,diff_device_same_challenge,0.0013364549408692,frozen_lifecycle
F03,S2,A,C02,F11,S2,A,C02,diff_device_same_challenge,-0.0012109656157304,frozen_lifecycle
F03,S2,A,C02,F12,S2,A,C02,diff_device_same_challenge,-0.0026642849249322,frozen_lifecycle
F03,S2,A,C02,F13,S2,A,C02,diff_device_same_challenge,-0.0031853815214843,frozen_lifecycle
F03,S2,A,C02,F14,S2,A,C02,diff_device_same_challenge,-0.0021857828508111,frozen_lifecycle
F03,S2,A,C02,F15,S2,A,C02,diff_device_same_challenge,0.0004863988053536,frozen_lifecycle
F03,S2,A,C03,F03,S2,A,C04,same_device_same_state_diff_challenge,-0.2069249753233146,frozen_lifecycle
F03,S2,A,C03,F03,S2,A,C05,same_device_same_state_diff_challenge,-0.3527480654529416,frozen_lifecycle
F03,S2,A,C03,F03,S2,A,C06,same_device_same_state_diff_challenge,-0.3629154576958099,frozen_lifecycle
F03,S2,A,C03,F03,S2,A,C07,same_device_same_state_diff_challenge,-0.0232586750711222,frozen_lifecycle
F03,S2,A,C03,F03,S2,A,C08,same_device_same_state_diff_challenge,-0.3160540622618151,frozen_lifecycle
F03,S2,A,C03,F03,S2,B,C03,same_device_same_state_same_challenge,0.3455612860333554,frozen_lifecycle
F03,S2,A,C03,F04,S2,A,C03,diff_device_same_challenge,0.0062161122915496,frozen_lifecycle
F03,S2,A,C03,F05,S2,A,C03,diff_device_same_challenge,0.0009885578334759,frozen_lifecycle
F03,S2,A,C03,F06,S2,A,C03,diff_device_same_challenge,-0.0023277496150241,frozen_lifecycle
F03,S2,A,C03,F07,S2,A,C03,diff_device_same_challenge,-0.0014172544855098,frozen_lifecycle
F03,S2,A,C03,F08,S2,A,C03,diff_device_same_challenge,0.0037768396288628,frozen_lifecycle
F03,S2,A,C03,F09,S2,A,C03,diff_device_same_challenge,0.0082783071282865,frozen_lifecycle
F03,S2,A,C03,F10,S2,A,C03,diff_device_same_challenge,0.0066586155706528,frozen_lifecycle
F03,S2,A,C03,F11,S2,A,C03,diff_device_same_challenge,0.0003378535919412,frozen_lifecycle
F03,S2,A,C03,F12,S2,A,C03,diff_device_same_challenge,-0.004223971130615,frozen_lifecycle
F03,S2,A,C03,F13,S2,A,C03,diff_device_same_challenge,0.0035285017064104,frozen_lifecycle
F03,S2,A,C03,F14,S2,A,C03,diff_device_same_challenge,0.0013821818090474,frozen_lifecycle
F03,S2,A,C03,F15,S2,A,C03,diff_device_same_challenge,0.0050544190093838,frozen_lifecycle
F03,S2,A,C04,F03,S2,A,C05,same_device_same_state_diff_challenge,-0.0265035849837814,frozen_lifecycle
F03,S2,A,C04,F03,S2,A,C06,same_device_same_state_diff_challenge,-0.115675403375958,frozen_lifecycle
F03,S2,A,C04,F03,S2,A,C07,same_device_same_state_diff_challenge,-0.1585609829641734,frozen_lifecycle
F03,S2,A,C04,F03,S2,A,C08,same_device_same_state_diff_challenge,-0.0820079609974276,frozen_lifecycle
F03,S2,A,C04,F03,S2,B,C04,same_device_same_state_same_challenge,0.2340326484138058,frozen_lifecycle
F03,S2,A,C04,F04,S2,A,C04,diff_device_same_challenge,-0.0021083870438097,frozen_lifecycle
F03,S2,A,C04,F05,S2,A,C04,diff_device_same_challenge,0.0049078552209096,frozen_lifecycle
F03,S2,A,C04,F06,S2,A,C04,diff_device_same_challenge,0.0002992402828054,frozen_lifecycle
F03,S2,A,C04,F07,S2,A,C04,diff_device_same_challenge,0.0008031965938151,frozen_lifecycle
F03,S2,A,C04,F08,S2,A,C04,diff_device_same_challenge,-0.0023802776674892,frozen_lifecycle
F03,S2,A,C04,F09,S2,A,C04,diff_device_same_challenge,0.0014780918342578,frozen_lifecycle
F03,S2,A,C04,F10,S2,A,C04,diff_device_same_challenge,-0.0034824518833426,frozen_lifecycle
F03,S2,A,C04,F11,S2,A,C04,diff_device_same_challenge,-0.000700924247007,frozen_lifecycle
F03,S2,A,C04,F12,S2,A,C04,diff_device_same_challenge,0.0006462930648055,frozen_lifecycle
F03,S2,A,C04,F13,S2,A,C04,diff_device_same_challenge,0.0078006511007983,frozen_lifecycle
F03,S2,A,C04,F14,S2,A,C04,diff_device_same_challenge,-0.0009749191514719,frozen_lifecycle
F03,S2,A,C04,F15,S2,A,C04,diff_device_same_challenge,0.0018372464590486,frozen_lifecycle
F03,S2,A,C05,F03,S2,A,C06,same_device_same_state_diff_challenge,0.2351148628278487,frozen_lifecycle
F03,S2,A,C05,F03,S2,A,C07,same_device_same_state_diff_challenge,-0.2812062484252571,frozen_lifecycle
F03,S2,A,C05,F03,S2,A,C08,same_device_same_state_diff_challenge,-0.0105783623936527,frozen_lifecycle
F03,S2,A,C05,F03,S2,B,C05,same_device_same_state_same_challenge,0.7002667163455086,frozen_lifecycle
F03,S2,A,C05,F04,S2,A,C05,diff_device_same_challenge,0.0069115201209955,frozen_lifecycle
F03,S2,A,C05,F05,S2,A,C05,diff_device_same_challenge,0.0019683868328755,frozen_lifecycle
F03,S2,A,C05,F06,S2,A,C05,diff_device_same_challenge,-0.0047680786048475,frozen_lifecycle
F03,S2,A,C05,F07,S2,A,C05,diff_device_same_challenge,0.0028385313093248,frozen_lifecycle
F03,S2,A,C05,F08,S2,A,C05,diff_device_same_challenge,0.0029467345342768,frozen_lifecycle
F03,S2,A,C05,F09,S2,A,C05,diff_device_same_challenge,0.0036026209548002,frozen_lifecycle
F03,S2,A,C05,F10,S2,A,C05,diff_device_same_challenge,-0.0055713239792114,frozen_lifecycle
F03,S2,A,C05,F11,S2,A,C05,diff_device_same_challenge,-0.0016491472204028,frozen_lifecycle
F03,S2,A,C05,F12,S2,A,C05,diff_device_same_challenge,-0.0048287490707843,frozen_lifecycle
F03,S2,A,C05,F13,S2,A,C05,diff_device_same_challenge,-0.000400801284017,frozen_lifecycle
F03,S2,A,C05,F14,S2,A,C05,diff_device_same_challenge,0.0016558462895231,frozen_lifecycle
F03,S2,A,C05,F15,S2,A,C05,diff_device_same_challenge,0.0002366529676724,frozen_lifecycle
F03,S2,A,C06,F03,S2,A,C07,same_device_same_state_diff_challenge,-0.2589071122943657,frozen_lifecycle
F03,S2,A,C06,F03,S2,A,C08,same_device_same_state_diff_challenge,0.022404397955029,frozen_lifecycle
F03,S2,A,C06,F03,S2,B,C06,same_device_same_state_same_challenge,0.8497710694653171,frozen_lifecycle
F03,S2,A,C06,F04,S2,A,C06,diff_device_same_challenge,-0.0011758440929626,frozen_lifecycle
F03,S2,A,C06,F05,S2,A,C06,diff_device_same_challenge,-0.0025429243293796,frozen_lifecycle
F03,S2,A,C06,F06,S2,A,C06,diff_device_same_challenge,0.0008936516557816,frozen_lifecycle
F03,S2,A,C06,F07,S2,A,C06,diff_device_same_challenge,0.0033252985932907,frozen_lifecycle
F03,S2,A,C06,F08,S2,A,C06,diff_device_same_challenge,-0.0037694062239529,frozen_lifecycle
F03,S2,A,C06,F09,S2,A,C06,diff_device_same_challenge,0.0048285797413467,frozen_lifecycle
F03,S2,A,C06,F10,S2,A,C06,diff_device_same_challenge,0.0004495410090737,frozen_lifecycle
F03,S2,A,C06,F11,S2,A,C06,diff_device_same_challenge,-0.003343672308223,frozen_lifecycle
F03,S2,A,C06,F12,S2,A,C06,diff_device_same_challenge,0.0013533967516229,frozen_lifecycle
F03,S2,A,C06,F13,S2,A,C06,diff_device_same_challenge,-0.0003456043438659,frozen_lifecycle
F03,S2,A,C06,F14,S2,A,C06,diff_device_same_challenge,-0.0015796296692324,frozen_lifecycle
F03,S2,A,C06,F15,S2,A,C06,diff_device_same_challenge,-0.00093595647024,frozen_lifecycle
F03,S2,A,C07,F03,S2,A,C08,same_device_same_state_diff_challenge,-0.0057981597522587,frozen_lifecycle
F03,S2,A,C07,F03,S2,B,C07,same_device_same_state_same_challenge,0.6599940878859094,frozen_lifecycle
F03,S2,A,C07,F04,S2,A,C07,diff_device_same_challenge,0.001232637923471,frozen_lifecycle
F03,S2,A,C07,F05,S2,A,C07,diff_device_same_challenge,0.0008803556472119,frozen_lifecycle
F03,S2,A,C07,F06,S2,A,C07,diff_device_same_challenge,-0.0045986143199489,frozen_lifecycle
F03,S2,A,C07,F07,S2,A,C07,diff_device_same_challenge,0.0029731930446765,frozen_lifecycle
F03,S2,A,C07,F08,S2,A,C07,diff_device_same_challenge,-0.0014621942738769,frozen_lifecycle
F03,S2,A,C07,F09,S2,A,C07,diff_device_same_challenge,0.0062109252202206,frozen_lifecycle
F03,S2,A,C07,F10,S2,A,C07,diff_device_same_challenge,0.0035979056406734,frozen_lifecycle
F03,S2,A,C07,F11,S2,A,C07,diff_device_same_challenge,0.0063224715619818,frozen_lifecycle
F03,S2,A,C07,F12,S2,A,C07,diff_device_same_challenge,-0.002081324827372,frozen_lifecycle
F03,S2,A,C07,F13,S2,A,C07,diff_device_same_challenge,-0.0011353977458697,frozen_lifecycle
F03,S2,A,C07,F14,S2,A,C07,diff_device_same_challenge,-0.000943700372935,frozen_lifecycle
F03,S2,A,C07,F15,S2,A,C07,diff_device_same_challenge,-0.0003199350749224,frozen_lifecycle
F03,S2,A,C08,F03,S2,B,C08,same_device_same_state_same_challenge,0.4130481758788091,frozen_lifecycle
F03,S2,A,C08,F04,S2,A,C08,diff_device_same_challenge,0.0064113170597191,frozen_lifecycle
F03,S2,A,C08,F05,S2,A,C08,diff_device_same_challenge,0.0008588374680034,frozen_lifecycle
F03,S2,A,C08,F06,S2,A,C08,diff_device_same_challenge,-0.0055298316060581,frozen_lifecycle
F03,S2,A,C08,F07,S2,A,C08,diff_device_same_challenge,-0.0064606429058385,frozen_lifecycle
F03,S2,A,C08,F08,S2,A,C08,diff_device_same_challenge,0.0016049645530949,frozen_lifecycle
F03,S2,A,C08,F09,S2,A,C08,diff_device_same_challenge,0.0020442106875755,frozen_lifecycle
F03,S2,A,C08,F10,S2,A,C08,diff_device_same_challenge,0.0039952186921664,frozen_lifecycle
F03,S2,A,C08,F11,S2,A,C08,diff_device_same_challenge,-6.639830581352775e-05,frozen_lifecycle
F03,S2,A,C08,F12,S2,A,C08,diff_device_same_challenge,-0.0005969529303154,frozen_lifecycle
F03,S2,A,C08,F13,S2,A,C08,diff_device_same_challenge,-0.0014382439953537,frozen_lifecycle
F03,S2,A,C08,F14,S2,A,C08,diff_device_same_challenge,0.0006761295686673,frozen_lifecycle
F03,S2,A,C08,F15,S2,A,C08,diff_device_same_challenge,-0.0037005089918287,frozen_lifecycle
F03,S2,B,C01,F03,S2,B,C02,same_device_same_state_diff_challenge,0.147147968851148,frozen_lifecycle
F03,S2,B,C01,F03,S2,B,C03,same_device_same_state_diff_challenge,-0.147954483759698,frozen_lifecycle
F03,S2,B,C01,F03,S2,B,C04,same_device_same_state_diff_challenge,-0.163303676912796,frozen_lifecycle
F03,S2,B,C01,F03,S2,B,C05,same_device_same_state_diff_challenge,-0.220503681796075,frozen_lifecycle
F03,S2,B,C01,F03,S2,B,C06,same_device_same_state_diff_challenge,-0.2487374348160807,frozen_lifecycle
F03,S2,B,C01,F03,S2,B,C07,same_device_same_state_diff_challenge,-0.2002180986797927,frozen_lifecycle
F03,S2,B,C01,F03,S2,B,C08,same_device_same_state_diff_challenge,-0.1608795370529187,frozen_lifecycle
F03,S2,B,C01,F04,S2,B,C01,diff_device_same_challenge,0.0006241468672372,frozen_lifecycle
F03,S2,B,C01,F05,S2,B,C01,diff_device_same_challenge,0.0006630506713661,frozen_lifecycle
F03,S2,B,C01,F06,S2,B,C01,diff_device_same_challenge,0.0031438081707332,frozen_lifecycle
F03,S2,B,C01,F07,S2,B,C01,diff_device_same_challenge,0.0030815703999456,frozen_lifecycle
F03,S2,B,C01,F08,S2,B,C01,diff_device_same_challenge,-0.0051705618912531,frozen_lifecycle
F03,S2,B,C01,F09,S2,B,C01,diff_device_same_challenge,0.0059898345215315,frozen_lifecycle
F03,S2,B,C01,F10,S2,B,C01,diff_device_same_challenge,0.000804965475488,frozen_lifecycle
F03,S2,B,C01,F11,S2,B,C01,diff_device_same_challenge,-0.0009237996380548,frozen_lifecycle
F03,S2,B,C01,F12,S2,B,C01,diff_device_same_challenge,-0.0010933305961794,frozen_lifecycle
F03,S2,B,C01,F13,S2,B,C01,diff_device_same_challenge,-0.0010505929389939,frozen_lifecycle
F03,S2,B,C01,F14,S2,B,C01,diff_device_same_challenge,-0.0071433422873405,frozen_lifecycle
F03,S2,B,C01,F15,S2,B,C01,diff_device_same_challenge,0.0046996684745584,frozen_lifecycle
F03,S2,B,C02,F03,S2,B,C03,same_device_same_state_diff_challenge,-0.0832331948293228,frozen_lifecycle
F03,S2,B,C02,F03,S2,B,C04,same_device_same_state_diff_challenge,-0.2419258919204857,frozen_lifecycle
F03,S2,B,C02,F03,S2,B,C05,same_device_same_state_diff_challenge,-0.2587978169833766,frozen_lifecycle
F03,S2,B,C02,F03,S2,B,C06,same_device_same_state_diff_challenge,-0.1914870665877769,frozen_lifecycle
F03,S2,B,C02,F03,S2,B,C07,same_device_same_state_diff_challenge,-0.21750186902589,frozen_lifecycle
F03,S2,B,C02,F03,S2,B,C08,same_device_same_state_diff_challenge,-0.1189646030109984,frozen_lifecycle
F03,S2,B,C02,F04,S2,B,C02,diff_device_same_challenge,-0.0033603406045915,frozen_lifecycle
F03,S2,B,C02,F05,S2,B,C02,diff_device_same_challenge,-0.0008010886362664,frozen_lifecycle
F03,S2,B,C02,F06,S2,B,C02,diff_device_same_challenge,0.0058552224632547,frozen_lifecycle
F03,S2,B,C02,F07,S2,B,C02,diff_device_same_challenge,0.0006329042274364,frozen_lifecycle
F03,S2,B,C02,F08,S2,B,C02,diff_device_same_challenge,0.0055927696726861,frozen_lifecycle
F03,S2,B,C02,F09,S2,B,C02,diff_device_same_challenge,-0.0028124105406255,frozen_lifecycle
F03,S2,B,C02,F10,S2,B,C02,diff_device_same_challenge,0.0016258680830124,frozen_lifecycle
F03,S2,B,C02,F11,S2,B,C02,diff_device_same_challenge,0.0032408882023518,frozen_lifecycle
F03,S2,B,C02,F12,S2,B,C02,diff_device_same_challenge,0.0034365430855846,frozen_lifecycle
F03,S2,B,C02,F13,S2,B,C02,diff_device_same_challenge,-0.0012938190995533,frozen_lifecycle
F03,S2,B,C02,F14,S2,B,C02,diff_device_same_challenge,-0.002962055653945,frozen_lifecycle
F03,S2,B,C02,F15,S2,B,C02,diff_device_same_challenge,-0.0032061365670752,frozen_lifecycle
F03,S2,B,C03,F03,S2,B,C04,same_device_same_state_diff_challenge,0.0001717268736445,frozen_lifecycle
F03,S2,B,C03,F03,S2,B,C05,same_device_same_state_diff_challenge,-0.2616322609694455,frozen_lifecycle
F03,S2,B,C03,F03,S2,B,C06,same_device_same_state_diff_challenge,-0.1955975351574982,frozen_lifecycle
F03,S2,B,C03,F03,S2,B,C07,same_device_same_state_diff_challenge,-0.0413555649200922,frozen_lifecycle
F03,S2,B,C03,F03,S2,B,C08,same_device_same_state_diff_challenge,-0.0996966807649767,frozen_lifecycle
F03,S2,B,C03,F04,S2,B,C03,diff_device_same_challenge,0.0022564493291255,frozen_lifecycle
F03,S2,B,C03,F05,S2,B,C03,diff_device_same_challenge,-0.0057928505102797,frozen_lifecycle
F03,S2,B,C03,F06,S2,B,C03,diff_device_same_challenge,-0.0008445526602378,frozen_lifecycle
F03,S2,B,C03,F07,S2,B,C03,diff_device_same_challenge,0.0012043245408763,frozen_lifecycle
F03,S2,B,C03,F08,S2,B,C03,diff_device_same_challenge,0.0017235028724552,frozen_lifecycle
F03,S2,B,C03,F09,S2,B,C03,diff_device_same_challenge,0.0005025576480635,frozen_lifecycle
F03,S2,B,C03,F10,S2,B,C03,diff_device_same_challenge,0.0018251483902879,frozen_lifecycle
F03,S2,B,C03,F11,S2,B,C03,diff_device_same_challenge,-0.0034275776833968,frozen_lifecycle
F03,S2,B,C03,F12,S2,B,C03,diff_device_same_challenge,0.000380178866964,frozen_lifecycle
F03,S2,B,C03,F13,S2,B,C03,diff_device_same_challenge,0.0050150962723964,frozen_lifecycle
F03,S2,B,C03,F14,S2,B,C03,diff_device_same_challenge,0.0009728244980333,frozen_lifecycle
F03,S2,B,C03,F15,S2,B,C03,diff_device_same_challenge,0.001375247793411,frozen_lifecycle
F03,S2,B,C04,F03,S2,B,C05,same_device_same_state_diff_challenge,-0.2650439935342554,frozen_lifecycle
F03,S2,B,C04,F03,S2,B,C06,same_device_same_state_diff_challenge,-0.3310612736540927,frozen_lifecycle
F03,S2,B,C04,F03,S2,B,C07,same_device_same_state_diff_challenge,0.1291147642352969,frozen_lifecycle
F03,S2,B,C04,F03,S2,B,C08,same_device_same_state_diff_challenge,-0.0033356486891865,frozen_lifecycle
F03,S2,B,C04,F04,S2,B,C04,diff_device_same_challenge,-0.0033355422151959,frozen_lifecycle
F03,S2,B,C04,F05,S2,B,C04,diff_device_same_challenge,0.0002142149997965,frozen_lifecycle
F03,S2,B,C04,F06,S2,B,C04,diff_device_same_challenge,0.002119256792166,frozen_lifecycle
F03,S2,B,C04,F07,S2,B,C04,diff_device_same_challenge,0.0030343423451579,frozen_lifecycle
F03,S2,B,C04,F08,S2,B,C04,diff_device_same_challenge,-0.000699440603189,frozen_lifecycle
F03,S2,B,C04,F09,S2,B,C04,diff_device_same_challenge,-0.0007942216013045,frozen_lifecycle
F03,S2,B,C04,F10,S2,B,C04,diff_device_same_challenge,0.0042850451940605,frozen_lifecycle
F03,S2,B,C04,F11,S2,B,C04,diff_device_same_challenge,0.0012756221094901,frozen_lifecycle
F03,S2,B,C04,F12,S2,B,C04,diff_device_same_challenge,-0.0011557790448455,frozen_lifecycle
F03,S2,B,C04,F13,S2,B,C04,diff_device_same_challenge,-0.0014468850654178,frozen_lifecycle
F03,S2,B,C04,F14,S2,B,C04,diff_device_same_challenge,0.0002206829126513,frozen_lifecycle
F03,S2,B,C04,F15,S2,B,C04,diff_device_same_challenge,0.0050003194512855,frozen_lifecycle
F03,S2,B,C05,F03,S2,B,C06,same_device_same_state_diff_challenge,0.3944652985570349,frozen_lifecycle
F03,S2,B,C05,F03,S2,B,C07,same_device_same_state_diff_challenge,-0.3229969182954965,frozen_lifecycle
F03,S2,B,C05,F03,S2,B,C08,same_device_same_state_diff_challenge,-0.3214145994147118,frozen_lifecycle
F03,S2,B,C05,F04,S2,B,C05,diff_device_same_challenge,-0.0048913044425242,frozen_lifecycle
F03,S2,B,C05,F05,S2,B,C05,diff_device_same_challenge,0.0036120242922718,frozen_lifecycle
F03,S2,B,C05,F06,S2,B,C05,diff_device_same_challenge,-0.0027205826216058,frozen_lifecycle
F03,S2,B,C05,F07,S2,B,C05,diff_device_same_challenge,0.0046197006892872,frozen_lifecycle
F03,S2,B,C05,F08,S2,B,C05,diff_device_same_challenge,-0.0003987852781251,frozen_lifecycle
F03,S2,B,C05,F09,S2,B,C05,diff_device_same_challenge,0.0012963034225977,frozen_lifecycle
F03,S2,B,C05,F10,S2,B,C05,diff_device_same_challenge,0.0043370978774715,frozen_lifecycle
F03,S2,B,C05,F11,S2,B,C05,diff_device_same_challenge,0.0013645349224065,frozen_lifecycle
F03,S2,B,C05,F12,S2,B,C05,diff_device_same_challenge,0.0031827323891274,frozen_lifecycle
F03,S2,B,C05,F13,S2,B,C05,diff_device_same_challenge,0.000884981040404,frozen_lifecycle
F03,S2,B,C05,F14,S2,B,C05,diff_device_same_challenge,-0.0001238972158879,frozen_lifecycle
F03,S2,B,C05,F15,S2,B,C05,diff_device_same_challenge,-0.0027951826784295,frozen_lifecycle
F03,S2,B,C06,F03,S2,B,C07,same_device_same_state_diff_challenge,-0.3511895074132261,frozen_lifecycle
F03,S2,B,C06,F03,S2,B,C08,same_device_same_state_diff_challenge,-0.3259815761915441,frozen_lifecycle
F03,S2,B,C06,F04,S2,B,C06,diff_device_same_challenge,-0.0037645005143693,frozen_lifecycle
F03,S2,B,C06,F05,S2,B,C06,diff_device_same_challenge,-0.0013165149451129,frozen_lifecycle
F03,S2,B,C06,F06,S2,B,C06,diff_device_same_challenge,0.0001158963966124,frozen_lifecycle
F03,S2,B,C06,F07,S2,B,C06,diff_device_same_challenge,0.0025959915910568,frozen_lifecycle
F03,S2,B,C06,F08,S2,B,C06,diff_device_same_challenge,-0.0020838883413292,frozen_lifecycle
F03,S2,B,C06,F09,S2,B,C06,diff_device_same_challenge,0.0082175113234493,frozen_lifecycle
F03,S2,B,C06,F10,S2,B,C06,diff_device_same_challenge,-0.0051651169643807,frozen_lifecycle
F03,S2,B,C06,F11,S2,B,C06,diff_device_same_challenge,0.0003767536910987,frozen_lifecycle
F03,S2,B,C06,F12,S2,B,C06,diff_device_same_challenge,-0.006396814137402,frozen_lifecycle
F03,S2,B,C06,F13,S2,B,C06,diff_device_same_challenge,0.0013801787203823,frozen_lifecycle
F03,S2,B,C06,F14,S2,B,C06,diff_device_same_challenge,0.0031769964378454,frozen_lifecycle
F03,S2,B,C06,F15,S2,B,C06,diff_device_same_challenge,-0.0042407267009582,frozen_lifecycle
F03,S2,B,C07,F03,S2,B,C08,same_device_same_state_diff_challenge,0.1543823188943172,frozen_lifecycle
F03,S2,B,C07,F04,S2,B,C07,diff_device_same_challenge,0.0076802686980359,frozen_lifecycle
F03,S2,B,C07,F05,S2,B,C07,diff_device_same_challenge,0.0048265594074086,frozen_lifecycle
F03,S2,B,C07,F06,S2,B,C07,diff_device_same_challenge,0.002463421111187,frozen_lifecycle
F03,S2,B,C07,F07,S2,B,C07,diff_device_same_challenge,0.0060232479144853,frozen_lifecycle
F03,S2,B,C07,F08,S2,B,C07,diff_device_same_challenge,0.0020496007469181,frozen_lifecycle
F03,S2,B,C07,F09,S2,B,C07,diff_device_same_challenge,0.0018183057529759,frozen_lifecycle
F03,S2,B,C07,F10,S2,B,C07,diff_device_same_challenge,-0.0020664828407566,frozen_lifecycle
F03,S2,B,C07,F11,S2,B,C07,diff_device_same_challenge,0.0025384320951501,frozen_lifecycle
F03,S2,B,C07,F12,S2,B,C07,diff_device_same_challenge,0.0014653345536725,frozen_lifecycle
F03,S2,B,C07,F13,S2,B,C07,diff_device_same_challenge,0.0002252115237847,frozen_lifecycle
F03,S2,B,C07,F14,S2,B,C07,diff_device_same_challenge,-0.0019756902279066,frozen_lifecycle
F03,S2,B,C07,F15,S2,B,C07,diff_device_same_challenge,0.0011748187835421,frozen_lifecycle
F03,S2,B,C08,F04,S2,B,C08,diff_device_same_challenge,0.0092881328384209,frozen_lifecycle
F03,S2,B,C08,F05,S2,B,C08,diff_device_same_challenge,-0.0110056543751423,frozen_lifecycle
F03,S2,B,C08,F06,S2,B,C08,diff_device_same_challenge,-0.0025222820309621,frozen_lifecycle
F03,S2,B,C08,F07,S2,B,C08,diff_device_same_challenge,0.0012952543740286,frozen_lifecycle
F03,S2,B,C08,F08,S2,B,C08,diff_device_same_challenge,0.0027847226680684,frozen_lifecycle
F03,S2,B,C08,F09,S2,B,C08,diff_device_same_challenge,-0.0047201139991521,frozen_lifecycle
F03,S2,B,C08,F10,S2,B,C08,diff_device_same_challenge,-0.002713818067884,frozen_lifecycle
F03,S2,B,C08,F11,S2,B,C08,diff_device_same_challenge,-0.0013788446931194,frozen_lifecycle
F03,S2,B,C08,F12,S2,B,C08,diff_device_same_challenge,0.000655259641951,frozen_lifecycle
F03,S2,B,C08,F13,S2,B,C08,diff_device_same_challenge,-0.004395454780262,frozen_lifecycle
F03,S2,B,C08,F14,S2,B,C08,diff_device_same_challenge,6.692022736923801e-05,frozen_lifecycle
F03,S2,B,C08,F15,S2,B,C08,diff_device_same_challenge,-0.0045615148194848,frozen_lifecycle
F04,S0,A,C01,F04,S0,A,C02,same_device_same_state_diff_challenge,-0.0745462469089071,frozen_lifecycle
F04,S0,A,C01,F04,S0,A,C03,same_device_same_state_diff_challenge,-0.1339445987639949,frozen_lifecycle
F04,S0,A,C01,F04,S0,A,C04,same_device_same_state_diff_challenge,-0.0472196759508698,frozen_lifecycle
F04,S0,A,C01,F04,S0,A,C05,same_device_same_state_diff_challenge,-0.2772341499187697,frozen_lifecycle
F04,S0,A,C01,F04,S0,A,C06,same_device_same_state_diff_challenge,-0.2762092785198811,frozen_lifecycle
F04,S0,A,C01,F04,S0,A,C07,same_device_same_state_diff_challenge,-0.2140105870379006,frozen_lifecycle
F04,S0,A,C01,F04,S0,A,C08,same_device_same_state_diff_challenge,-0.0469814135532793,frozen_lifecycle
F04,S0,A,C01,F04,S0,B,C01,same_device_same_state_same_challenge,0.7309597208787344,frozen_lifecycle
F04,S0,A,C01,F04,S2,A,C01,same_device_diff_state_same_challenge,-0.0024214033425439,frozen_lifecycle
F04,S0,A,C01,F05,S0,A,C01,diff_device_same_challenge,-0.0019975526458218,frozen_lifecycle
F04,S0,A,C01,F06,S0,A,C01,diff_device_same_challenge,0.0006723091337194,frozen_lifecycle
F04,S0,A,C01,F07,S0,A,C01,diff_device_same_challenge,0.0010363873067439,frozen_lifecycle
F04,S0,A,C01,F08,S0,A,C01,diff_device_same_challenge,0.0027734401763833,frozen_lifecycle
F04,S0,A,C01,F09,S0,A,C01,diff_device_same_challenge,-0.0025037831288792,frozen_lifecycle
F04,S0,A,C01,F10,S0,A,C01,diff_device_same_challenge,-0.0083934790364613,frozen_lifecycle
F04,S0,A,C01,F11,S0,A,C01,diff_device_same_challenge,-0.0061474617839869,frozen_lifecycle
F04,S0,A,C01,F12,S0,A,C01,diff_device_same_challenge,-0.0030841998567149,frozen_lifecycle
F04,S0,A,C01,F13,S0,A,C01,diff_device_same_challenge,-0.0066352806157636,frozen_lifecycle
F04,S0,A,C01,F14,S0,A,C01,diff_device_same_challenge,0.0003897003785655,frozen_lifecycle
F04,S0,A,C01,F15,S0,A,C01,diff_device_same_challenge,0.0028878740230636,frozen_lifecycle
F04,S0,A,C02,F04,S0,A,C03,same_device_same_state_diff_challenge,0.0507052177856922,frozen_lifecycle
F04,S0,A,C02,F04,S0,A,C04,same_device_same_state_diff_challenge,0.0432609459802674,frozen_lifecycle
F04,S0,A,C02,F04,S0,A,C05,same_device_same_state_diff_challenge,-0.2842968461247744,frozen_lifecycle
F04,S0,A,C02,F04,S0,A,C06,same_device_same_state_diff_challenge,-0.2644889197069859,frozen_lifecycle
F04,S0,A,C02,F04,S0,A,C07,same_device_same_state_diff_challenge,-0.2741112340004198,frozen_lifecycle
F04,S0,A,C02,F04,S0,A,C08,same_device_same_state_diff_challenge,-0.1968961066335522,frozen_lifecycle
F04,S0,A,C02,F04,S0,B,C02,same_device_same_state_same_challenge,0.894545274769038,frozen_lifecycle
F04,S0,A,C02,F04,S2,A,C02,same_device_diff_state_same_challenge,0.0067058503175647,frozen_lifecycle
F04,S0,A,C02,F05,S0,A,C02,diff_device_same_challenge,0.0022935891249295,frozen_lifecycle
F04,S0,A,C02,F06,S0,A,C02,diff_device_same_challenge,-0.0004388017439907,frozen_lifecycle
F04,S0,A,C02,F07,S0,A,C02,diff_device_same_challenge,-0.0045276261697864,frozen_lifecycle
F04,S0,A,C02,F08,S0,A,C02,diff_device_same_challenge,0.0026407613926588,frozen_lifecycle
F04,S0,A,C02,F09,S0,A,C02,diff_device_same_challenge,0.0014846689935377,frozen_lifecycle
F04,S0,A,C02,F10,S0,A,C02,diff_device_same_challenge,-0.0050488464049572,frozen_lifecycle
F04,S0,A,C02,F11,S0,A,C02,diff_device_same_challenge,-0.0026701222365134,frozen_lifecycle
F04,S0,A,C02,F12,S0,A,C02,diff_device_same_challenge,0.0018163592660192,frozen_lifecycle
F04,S0,A,C02,F13,S0,A,C02,diff_device_same_challenge,0.0015790254553169,frozen_lifecycle
F04,S0,A,C02,F14,S0,A,C02,diff_device_same_challenge,-0.0008846128532104,frozen_lifecycle
F04,S0,A,C02,F15,S0,A,C02,diff_device_same_challenge,-0.0035058429770224,frozen_lifecycle
F04,S0,A,C03,F04,S0,A,C04,same_device_same_state_diff_challenge,-0.085668717288004,frozen_lifecycle
F04,S0,A,C03,F04,S0,A,C05,same_device_same_state_diff_challenge,-0.1671180567546409,frozen_lifecycle
F04,S0,A,C03,F04,S0,A,C06,same_device_same_state_diff_challenge,-0.2085195401457472,frozen_lifecycle
F04,S0,A,C03,F04,S0,A,C07,same_device_same_state_diff_challenge,-0.2455159036575465,frozen_lifecycle
F04,S0,A,C03,F04,S0,A,C08,same_device_same_state_diff_challenge,-0.1449255917044089,frozen_lifecycle
F04,S0,A,C03,F04,S0,B,C03,same_device_same_state_same_challenge,0.5920063213402031,frozen_lifecycle
F04,S0,A,C03,F04,S2,A,C03,same_device_diff_state_same_challenge,-0.0045059851281515,frozen_lifecycle
F04,S0,A,C03,F05,S0,A,C03,diff_device_same_challenge,-0.0019034292571784,frozen_lifecycle
F04,S0,A,C03,F06,S0,A,C03,diff_device_same_challenge,-0.0011856814316174,frozen_lifecycle
F04,S0,A,C03,F07,S0,A,C03,diff_device_same_challenge,-0.0019740859967822,frozen_lifecycle
F04,S0,A,C03,F08,S0,A,C03,diff_device_same_challenge,-0.0037685258440921,frozen_lifecycle
F04,S0,A,C03,F09,S0,A,C03,diff_device_same_challenge,0.0083312139888953,frozen_lifecycle
F04,S0,A,C03,F10,S0,A,C03,diff_device_same_challenge,-0.0003889596923658,frozen_lifecycle
F04,S0,A,C03,F11,S0,A,C03,diff_device_same_challenge,-0.0030043999102608,frozen_lifecycle
F04,S0,A,C03,F12,S0,A,C03,diff_device_same_challenge,0.0022732021422561,frozen_lifecycle
F04,S0,A,C03,F13,S0,A,C03,diff_device_same_challenge,0.0001888432825136,frozen_lifecycle
F04,S0,A,C03,F14,S0,A,C03,diff_device_same_challenge,-0.005540402049699,frozen_lifecycle
F04,S0,A,C03,F15,S0,A,C03,diff_device_same_challenge,0.0044215357227901,frozen_lifecycle
F04,S0,A,C04,F04,S0,A,C05,same_device_same_state_diff_challenge,-0.2982353475897794,frozen_lifecycle
F04,S0,A,C04,F04,S0,A,C06,same_device_same_state_diff_challenge,-0.2309454799216995,frozen_lifecycle
F04,S0,A,C04,F04,S0,A,C07,same_device_same_state_diff_challenge,-0.2926513047688496,frozen_lifecycle
F04,S0,A,C04,F04,S0,A,C08,same_device_same_state_diff_challenge,-0.0584293953533804,frozen_lifecycle
F04,S0,A,C04,F04,S0,B,C04,same_device_same_state_same_challenge,0.8013699891541594,frozen_lifecycle
F04,S0,A,C04,F04,S2,A,C04,same_device_diff_state_same_challenge,-0.0005422716492852,frozen_lifecycle
F04,S0,A,C04,F05,S0,A,C04,diff_device_same_challenge,-0.0017502625804556,frozen_lifecycle
F04,S0,A,C04,F06,S0,A,C04,diff_device_same_challenge,-0.0025733083587547,frozen_lifecycle
F04,S0,A,C04,F07,S0,A,C04,diff_device_same_challenge,-0.0038314094993893,frozen_lifecycle
F04,S0,A,C04,F08,S0,A,C04,diff_device_same_challenge,-0.0031362239899052,frozen_lifecycle
F04,S0,A,C04,F09,S0,A,C04,diff_device_same_challenge,0.00032384796072,frozen_lifecycle
F04,S0,A,C04,F10,S0,A,C04,diff_device_same_challenge,0.0033445826649132,frozen_lifecycle
F04,S0,A,C04,F11,S0,A,C04,diff_device_same_challenge,0.0064855932411317,frozen_lifecycle
F04,S0,A,C04,F12,S0,A,C04,diff_device_same_challenge,-0.0018039939867045,frozen_lifecycle
F04,S0,A,C04,F13,S0,A,C04,diff_device_same_challenge,0.0029610236629326,frozen_lifecycle
F04,S0,A,C04,F14,S0,A,C04,diff_device_same_challenge,0.00223570208192,frozen_lifecycle
F04,S0,A,C04,F15,S0,A,C04,diff_device_same_challenge,0.0077964379298186,frozen_lifecycle
F04,S0,A,C05,F04,S0,A,C06,same_device_same_state_diff_challenge,0.1615655094802155,frozen_lifecycle
F04,S0,A,C05,F04,S0,A,C07,same_device_same_state_diff_challenge,0.1038199811113782,frozen_lifecycle
F04,S0,A,C05,F04,S0,A,C08,same_device_same_state_diff_challenge,-0.1907476325404605,frozen_lifecycle
F04,S0,A,C05,F04,S0,B,C05,same_device_same_state_same_challenge,0.609128914436228,frozen_lifecycle
F04,S0,A,C05,F04,S2,A,C05,same_device_diff_state_same_challenge,-0.0033326622716855,frozen_lifecycle
F04,S0,A,C05,F05,S0,A,C05,diff_device_same_challenge,0.0031317667256246,frozen_lifecycle
F04,S0,A,C05,F06,S0,A,C05,diff_device_same_challenge,-0.0002705762535484,frozen_lifecycle
F04,S0,A,C05,F07,S0,A,C05,diff_device_same_challenge,-0.0009502660041494,frozen_lifecycle
F04,S0,A,C05,F08,S0,A,C05,diff_device_same_challenge,-0.0045965391417618,frozen_lifecycle
F04,S0,A,C05,F09,S0,A,C05,diff_device_same_challenge,0.0057526820641328,frozen_lifecycle
F04,S0,A,C05,F10,S0,A,C05,diff_device_same_challenge,-0.0009112437374585,frozen_lifecycle
F04,S0,A,C05,F11,S0,A,C05,diff_device_same_challenge,-0.0013783379072274,frozen_lifecycle
F04,S0,A,C05,F12,S0,A,C05,diff_device_same_challenge,-0.0022064135493899,frozen_lifecycle
F04,S0,A,C05,F13,S0,A,C05,diff_device_same_challenge,0.000410053415068,frozen_lifecycle
F04,S0,A,C05,F14,S0,A,C05,diff_device_same_challenge,-0.0038990674821441,frozen_lifecycle
F04,S0,A,C05,F15,S0,A,C05,diff_device_same_challenge,0.0050461041631273,frozen_lifecycle
F04,S0,A,C06,F04,S0,A,C07,same_device_same_state_diff_challenge,0.0142924072746592,frozen_lifecycle
F04,S0,A,C06,F04,S0,A,C08,same_device_same_state_diff_challenge,-0.1882839837007962,frozen_lifecycle
F04,S0,A,C06,F04,S0,B,C06,same_device_same_state_same_challenge,0.7186663405881961,frozen_lifecycle
F04,S0,A,C06,F04,S2,A,C06,same_device_diff_state_same_challenge,0.0016048220643812,frozen_lifecycle
F04,S0,A,C06,F05,S0,A,C06,diff_device_same_challenge,-0.0022579123601217,frozen_lifecycle
F04,S0,A,C06,F06,S0,A,C06,diff_device_same_challenge,0.0011643494158734,frozen_lifecycle
F04,S0,A,C06,F07,S0,A,C06,diff_device_same_challenge,0.0018206772916351,frozen_lifecycle
F04,S0,A,C06,F08,S0,A,C06,diff_device_same_challenge,-0.0010946498341713,frozen_lifecycle
F04,S0,A,C06,F09,S0,A,C06,diff_device_same_challenge,-0.0044988256675124,frozen_lifecycle
F04,S0,A,C06,F10,S0,A,C06,diff_device_same_challenge,-0.0060830579179046,frozen_lifecycle
F04,S0,A,C06,F11,S0,A,C06,diff_device_same_challenge,0.0013706204935952,frozen_lifecycle
F04,S0,A,C06,F12,S0,A,C06,diff_device_same_challenge,0.004006396349126,frozen_lifecycle
F04,S0,A,C06,F13,S0,A,C06,diff_device_same_challenge,0.0018867317503476,frozen_lifecycle
F04,S0,A,C06,F14,S0,A,C06,diff_device_same_challenge,0.002419152009962,frozen_lifecycle
F04,S0,A,C06,F15,S0,A,C06,diff_device_same_challenge,0.0009054733308073,frozen_lifecycle
F04,S0,A,C07,F04,S0,A,C08,same_device_same_state_diff_challenge,-0.1643940616955647,frozen_lifecycle
F04,S0,A,C07,F04,S0,B,C07,same_device_same_state_same_challenge,0.4358514270203176,frozen_lifecycle
F04,S0,A,C07,F04,S2,A,C07,same_device_diff_state_same_challenge,-0.0041614397999461,frozen_lifecycle
F04,S0,A,C07,F05,S0,A,C07,diff_device_same_challenge,0.0018685489006467,frozen_lifecycle
F04,S0,A,C07,F06,S0,A,C07,diff_device_same_challenge,0.001092087576583,frozen_lifecycle
F04,S0,A,C07,F07,S0,A,C07,diff_device_same_challenge,-0.0080475550170074,frozen_lifecycle
F04,S0,A,C07,F08,S0,A,C07,diff_device_same_challenge,-0.0008330723963204,frozen_lifecycle
F04,S0,A,C07,F09,S0,A,C07,diff_device_same_challenge,0.0061145219008044,frozen_lifecycle
F04,S0,A,C07,F10,S0,A,C07,diff_device_same_challenge,-0.0041606893487241,frozen_lifecycle
F04,S0,A,C07,F11,S0,A,C07,diff_device_same_challenge,0.0009762140784089,frozen_lifecycle
F04,S0,A,C07,F12,S0,A,C07,diff_device_same_challenge,-0.0061499647223495,frozen_lifecycle
F04,S0,A,C07,F13,S0,A,C07,diff_device_same_challenge,0.0005745425686687,frozen_lifecycle
F04,S0,A,C07,F14,S0,A,C07,diff_device_same_challenge,-0.006450265774428,frozen_lifecycle
F04,S0,A,C07,F15,S0,A,C07,diff_device_same_challenge,-0.0011423853677991,frozen_lifecycle
F04,S0,A,C08,F04,S0,B,C08,same_device_same_state_same_challenge,0.7777758210176489,frozen_lifecycle
F04,S0,A,C08,F04,S2,A,C08,same_device_diff_state_same_challenge,0.00327536207772,frozen_lifecycle
F04,S0,A,C08,F05,S0,A,C08,diff_device_same_challenge,0.0064676426441796,frozen_lifecycle
F04,S0,A,C08,F06,S0,A,C08,diff_device_same_challenge,0.0004535675672195,frozen_lifecycle
F04,S0,A,C08,F07,S0,A,C08,diff_device_same_challenge,5.254677134100268e-05,frozen_lifecycle
F04,S0,A,C08,F08,S0,A,C08,diff_device_same_challenge,0.0001506812777285,frozen_lifecycle
F04,S0,A,C08,F09,S0,A,C08,diff_device_same_challenge,-0.003196562658735,frozen_lifecycle
F04,S0,A,C08,F10,S0,A,C08,diff_device_same_challenge,0.0032598567504922,frozen_lifecycle
F04,S0,A,C08,F11,S0,A,C08,diff_device_same_challenge,-0.0013842432985406,frozen_lifecycle
F04,S0,A,C08,F12,S0,A,C08,diff_device_same_challenge,-0.0016464930716436,frozen_lifecycle
F04,S0,A,C08,F13,S0,A,C08,diff_device_same_challenge,-0.0021375212160785,frozen_lifecycle
F04,S0,A,C08,F14,S0,A,C08,diff_device_same_challenge,-0.0015197408605127,frozen_lifecycle
F04,S0,A,C08,F15,S0,A,C08,diff_device_same_challenge,0.0001894111654762,frozen_lifecycle
F04,S0,B,C01,F04,S0,B,C02,same_device_same_state_diff_challenge,0.0020728531574009,frozen_lifecycle
F04,S0,B,C01,F04,S0,B,C03,same_device_same_state_diff_challenge,-0.0995352676759984,frozen_lifecycle
F04,S0,B,C01,F04,S0,B,C04,same_device_same_state_diff_challenge,-0.1756991855746579,frozen_lifecycle
F04,S0,B,C01,F04,S0,B,C05,same_device_same_state_diff_challenge,-0.1469311756364451,frozen_lifecycle
F04,S0,B,C01,F04,S0,B,C06,same_device_same_state_diff_challenge,-0.2545678720517171,frozen_lifecycle
F04,S0,B,C01,F04,S0,B,C07,same_device_same_state_diff_challenge,-0.2565782907289599,frozen_lifecycle
F04,S0,B,C01,F04,S0,B,C08,same_device_same_state_diff_challenge,-0.154954059999894,frozen_lifecycle
F04,S0,B,C01,F04,S2,B,C01,same_device_diff_state_same_challenge,-0.0004565238207831,frozen_lifecycle
F04,S0,B,C01,F05,S0,B,C01,diff_device_same_challenge,0.0007524588306845,frozen_lifecycle
F04,S0,B,C01,F06,S0,B,C01,diff_device_same_challenge,-3.389137938274479e-05,frozen_lifecycle
F04,S0,B,C01,F07,S0,B,C01,diff_device_same_challenge,-0.0033196827361991,frozen_lifecycle
F04,S0,B,C01,F08,S0,B,C01,diff_device_same_challenge,0.0026303862227608,frozen_lifecycle
F04,S0,B,C01,F09,S0,B,C01,diff_device_same_challenge,-0.0056282381915443,frozen_lifecycle
F04,S0,B,C01,F10,S0,B,C01,diff_device_same_challenge,-0.0049769272829116,frozen_lifecycle
F04,S0,B,C01,F11,S0,B,C01,diff_device_same_challenge,-0.0025887527782606,frozen_lifecycle
F04,S0,B,C01,F12,S0,B,C01,diff_device_same_challenge,-0.0048918485724161,frozen_lifecycle
F04,S0,B,C01,F13,S0,B,C01,diff_device_same_challenge,-0.0077666834740693,frozen_lifecycle
F04,S0,B,C01,F14,S0,B,C01,diff_device_same_challenge,-0.0030198176619366,frozen_lifecycle
F04,S0,B,C01,F15,S0,B,C01,diff_device_same_challenge,0.0012459264359683,frozen_lifecycle
F04,S0,B,C02,F04,S0,B,C03,same_device_same_state_diff_challenge,0.1057598860397164,frozen_lifecycle
F04,S0,B,C02,F04,S0,B,C04,same_device_same_state_diff_challenge,-0.057130819418637,frozen_lifecycle
F04,S0,B,C02,F04,S0,B,C05,same_device_same_state_diff_challenge,-0.2314268927189458,frozen_lifecycle
F04,S0,B,C02,F04,S0,B,C06,same_device_same_state_diff_challenge,-0.2909976751235747,frozen_lifecycle
F04,S0,B,C02,F04,S0,B,C07,same_device_same_state_diff_challenge,-0.247912064851237,frozen_lifecycle
F04,S0,B,C02,F04,S0,B,C08,same_device_same_state_diff_challenge,-0.2545320340805165,frozen_lifecycle
F04,S0,B,C02,F04,S2,B,C02,same_device_diff_state_same_challenge,0.0041224361227132,frozen_lifecycle
F04,S0,B,C02,F05,S0,B,C02,diff_device_same_challenge,0.0029900894116063,frozen_lifecycle
F04,S0,B,C02,F06,S0,B,C02,diff_device_same_challenge,0.0004729872430103,frozen_lifecycle
F04,S0,B,C02,F07,S0,B,C02,diff_device_same_challenge,-0.0030520754274118,frozen_lifecycle
F04,S0,B,C02,F08,S0,B,C02,diff_device_same_challenge,0.002207866312992,frozen_lifecycle
F04,S0,B,C02,F09,S0,B,C02,diff_device_same_challenge,-0.0045160458235647,frozen_lifecycle
F04,S0,B,C02,F10,S0,B,C02,diff_device_same_challenge,-0.0004956094001274,frozen_lifecycle
F04,S0,B,C02,F11,S0,B,C02,diff_device_same_challenge,0.0036095408667129,frozen_lifecycle
F04,S0,B,C02,F12,S0,B,C02,diff_device_same_challenge,0.000137328225626,frozen_lifecycle
F04,S0,B,C02,F13,S0,B,C02,diff_device_same_challenge,0.0013061218426716,frozen_lifecycle
F04,S0,B,C02,F14,S0,B,C02,diff_device_same_challenge,0.0010133567143282,frozen_lifecycle
F04,S0,B,C02,F15,S0,B,C02,diff_device_same_challenge,-0.008079770482227,frozen_lifecycle
F04,S0,B,C03,F04,S0,B,C04,same_device_same_state_diff_challenge,0.0877957985360767,frozen_lifecycle
F04,S0,B,C03,F04,S0,B,C05,same_device_same_state_diff_challenge,-0.2768749060270536,frozen_lifecycle
F04,S0,B,C03,F04,S0,B,C06,same_device_same_state_diff_challenge,-0.2898447500980897,frozen_lifecycle
F04,S0,B,C03,F04,S0,B,C07,same_device_same_state_diff_challenge,-0.2650951947783309,frozen_lifecycle
F04,S0,B,C03,F04,S0,B,C08,same_device_same_state_diff_challenge,-0.2048437036119471,frozen_lifecycle
F04,S0,B,C03,F04,S2,B,C03,same_device_diff_state_same_challenge,-0.0013725858763849,frozen_lifecycle
F04,S0,B,C03,F05,S0,B,C03,diff_device_same_challenge,-0.0006591819185309,frozen_lifecycle
F04,S0,B,C03,F06,S0,B,C03,diff_device_same_challenge,0.0008280583383001,frozen_lifecycle
F04,S0,B,C03,F07,S0,B,C03,diff_device_same_challenge,0.0022256531499522,frozen_lifecycle
F04,S0,B,C03,F08,S0,B,C03,diff_device_same_challenge,-0.0023293271309032,frozen_lifecycle
F04,S0,B,C03,F09,S0,B,C03,diff_device_same_challenge,-0.0013919865834004,frozen_lifecycle
F04,S0,B,C03,F10,S0,B,C03,diff_device_same_challenge,0.0014021313862744,frozen_lifecycle
F04,S0,B,C03,F11,S0,B,C03,diff_device_same_challenge,0.0021840152654979,frozen_lifecycle
F04,S0,B,C03,F12,S0,B,C03,diff_device_same_challenge,-0.0008099184662448,frozen_lifecycle
F04,S0,B,C03,F13,S0,B,C03,diff_device_same_challenge,-0.006890184288399,frozen_lifecycle
F04,S0,B,C03,F14,S0,B,C03,diff_device_same_challenge,-0.0033847256100752,frozen_lifecycle
F04,S0,B,C03,F15,S0,B,C03,diff_device_same_challenge,0.0017484303977517,frozen_lifecycle
F04,S0,B,C04,F04,S0,B,C05,same_device_same_state_diff_challenge,-0.2606722594566616,frozen_lifecycle
F04,S0,B,C04,F04,S0,B,C06,same_device_same_state_diff_challenge,-0.1949294680606188,frozen_lifecycle
F04,S0,B,C04,F04,S0,B,C07,same_device_same_state_diff_challenge,-0.1956887726929889,frozen_lifecycle
F04,S0,B,C04,F04,S0,B,C08,same_device_same_state_diff_challenge,-0.0871720750714679,frozen_lifecycle
F04,S0,B,C04,F04,S2,B,C04,same_device_diff_state_same_challenge,-0.0002238699292957,frozen_lifecycle
F04,S0,B,C04,F05,S0,B,C04,diff_device_same_challenge,-0.0003706591143923,frozen_lifecycle
F04,S0,B,C04,F06,S0,B,C04,diff_device_same_challenge,-0.0034423681805974,frozen_lifecycle
F04,S0,B,C04,F07,S0,B,C04,diff_device_same_challenge,-0.0012306815588977,frozen_lifecycle
F04,S0,B,C04,F08,S0,B,C04,diff_device_same_challenge,-0.0017106273236693,frozen_lifecycle
F04,S0,B,C04,F09,S0,B,C04,diff_device_same_challenge,-0.003284430423225,frozen_lifecycle
F04,S0,B,C04,F10,S0,B,C04,diff_device_same_challenge,-0.004422085829701,frozen_lifecycle
F04,S0,B,C04,F11,S0,B,C04,diff_device_same_challenge,-0.0020196062532819,frozen_lifecycle
F04,S0,B,C04,F12,S0,B,C04,diff_device_same_challenge,-0.007083561642355,frozen_lifecycle
F04,S0,B,C04,F13,S0,B,C04,diff_device_same_challenge,0.0043749120391568,frozen_lifecycle
F04,S0,B,C04,F14,S0,B,C04,diff_device_same_challenge,0.0023460922883379,frozen_lifecycle
F04,S0,B,C04,F15,S0,B,C04,diff_device_same_challenge,0.0004461544432335,frozen_lifecycle
F04,S0,B,C05,F04,S0,B,C06,same_device_same_state_diff_challenge,-0.0431166174989043,frozen_lifecycle
F04,S0,B,C05,F04,S0,B,C07,same_device_same_state_diff_challenge,-0.0655263163791201,frozen_lifecycle
F04,S0,B,C05,F04,S0,B,C08,same_device_same_state_diff_challenge,-0.1013424974558802,frozen_lifecycle
F04,S0,B,C05,F04,S2,B,C05,same_device_diff_state_same_challenge,-0.0005021832502277,frozen_lifecycle
F04,S0,B,C05,F05,S0,B,C05,diff_device_same_challenge,-0.0029363085251213,frozen_lifecycle
F04,S0,B,C05,F06,S0,B,C05,diff_device_same_challenge,-0.0041763376236543,frozen_lifecycle
F04,S0,B,C05,F07,S0,B,C05,diff_device_same_challenge,0.0051484818437988,frozen_lifecycle
F04,S0,B,C05,F08,S0,B,C05,diff_device_same_challenge,-0.0004351248849836,frozen_lifecycle
F04,S0,B,C05,F09,S0,B,C05,diff_device_same_challenge,0.0038643558880643,frozen_lifecycle
F04,S0,B,C05,F10,S0,B,C05,diff_device_same_challenge,-0.0043266920014779,frozen_lifecycle
F04,S0,B,C05,F11,S0,B,C05,diff_device_same_challenge,-0.0052781795710039,frozen_lifecycle
F04,S0,B,C05,F12,S0,B,C05,diff_device_same_challenge,-0.0006161133775813,frozen_lifecycle
F04,S0,B,C05,F13,S0,B,C05,diff_device_same_challenge,-0.0017354883353591,frozen_lifecycle
F04,S0,B,C05,F14,S0,B,C05,diff_device_same_challenge,-0.0011636038815179,frozen_lifecycle
F04,S0,B,C05,F15,S0,B,C05,diff_device_same_challenge,0.0071507795715684,frozen_lifecycle
F04,S0,B,C06,F04,S0,B,C07,same_device_same_state_diff_challenge,0.1440350513749197,frozen_lifecycle
F04,S0,B,C06,F04,S0,B,C08,same_device_same_state_diff_challenge,-0.068775915433484,frozen_lifecycle
F04,S0,B,C06,F04,S2,B,C06,same_device_diff_state_same_challenge,0.0049659316121022,frozen_lifecycle
F04,S0,B,C06,F05,S0,B,C06,diff_device_same_challenge,-0.0029954437580377,frozen_lifecycle
F04,S0,B,C06,F06,S0,B,C06,diff_device_same_challenge,-0.0043756690056528,frozen_lifecycle
F04,S0,B,C06,F07,S0,B,C06,diff_device_same_challenge,-0.0034451326459728,frozen_lifecycle
F04,S0,B,C06,F08,S0,B,C06,diff_device_same_challenge,0.0026860373472968,frozen_lifecycle
F04,S0,B,C06,F09,S0,B,C06,diff_device_same_challenge,-0.0022848876751836,frozen_lifecycle
F04,S0,B,C06,F10,S0,B,C06,diff_device_same_challenge,0.0001528319078157,frozen_lifecycle
F04,S0,B,C06,F11,S0,B,C06,diff_device_same_challenge,0.0011505346312819,frozen_lifecycle
F04,S0,B,C06,F12,S0,B,C06,diff_device_same_challenge,6.273991889647959e-05,frozen_lifecycle
F04,S0,B,C06,F13,S0,B,C06,diff_device_same_challenge,-0.0003379280672431,frozen_lifecycle
F04,S0,B,C06,F14,S0,B,C06,diff_device_same_challenge,0.0032708146954111,frozen_lifecycle
F04,S0,B,C06,F15,S0,B,C06,diff_device_same_challenge,-0.0029195719542767,frozen_lifecycle
F04,S0,B,C07,F04,S0,B,C08,same_device_same_state_diff_challenge,-0.0997603567159533,frozen_lifecycle
F04,S0,B,C07,F04,S2,B,C07,same_device_diff_state_same_challenge,-0.0021967552206553,frozen_lifecycle
F04,S0,B,C07,F05,S0,B,C07,diff_device_same_challenge,0.0022819007693282,frozen_lifecycle
F04,S0,B,C07,F06,S0,B,C07,diff_device_same_challenge,-0.0033222201645775,frozen_lifecycle
F04,S0,B,C07,F07,S0,B,C07,diff_device_same_challenge,-0.0018371112527273,frozen_lifecycle
F04,S0,B,C07,F08,S0,B,C07,diff_device_same_challenge,-0.0079773598622977,frozen_lifecycle
F04,S0,B,C07,F09,S0,B,C07,diff_device_same_challenge,0.0066951338819756,frozen_lifecycle
F04,S0,B,C07,F10,S0,B,C07,diff_device_same_challenge,-0.0048930834340175,frozen_lifecycle
F04,S0,B,C07,F11,S0,B,C07,diff_device_same_challenge,0.0046930992751182,frozen_lifecycle
F04,S0,B,C07,F12,S0,B,C07,diff_device_same_challenge,0.0023583564450271,frozen_lifecycle
F04,S0,B,C07,F13,S0,B,C07,diff_device_same_challenge,-0.0019774536865467,frozen_lifecycle
F04,S0,B,C07,F14,S0,B,C07,diff_device_same_challenge,-0.0032862059442723,frozen_lifecycle
F04,S0,B,C07,F15,S0,B,C07,diff_device_same_challenge,0.0004653120504035,frozen_lifecycle
F04,S0,B,C08,F04,S2,B,C08,same_device_diff_state_same_challenge,0.0041976979888476,frozen_lifecycle
F04,S0,B,C08,F05,S0,B,C08,diff_device_same_challenge,0.0023779667377457,frozen_lifecycle
F04,S0,B,C08,F06,S0,B,C08,diff_device_same_challenge,-0.0035973463977371,frozen_lifecycle
F04,S0,B,C08,F07,S0,B,C08,diff_device_same_challenge,0.002483144287119,frozen_lifecycle
F04,S0,B,C08,F08,S0,B,C08,diff_device_same_challenge,0.0019527928059249,frozen_lifecycle
F04,S0,B,C08,F09,S0,B,C08,diff_device_same_challenge,-0.0003987004221083,frozen_lifecycle
F04,S0,B,C08,F10,S0,B,C08,diff_device_same_challenge,0.0016712477499869,frozen_lifecycle
F04,S0,B,C08,F11,S0,B,C08,diff_device_same_challenge,-0.0023094746835027,frozen_lifecycle
F04,S0,B,C08,F12,S0,B,C08,diff_device_same_challenge,0.005753152566568,frozen_lifecycle
F04,S0,B,C08,F13,S0,B,C08,diff_device_same_challenge,-0.0043996410697911,frozen_lifecycle
F04,S0,B,C08,F14,S0,B,C08,diff_device_same_challenge,-0.0026786413788915,frozen_lifecycle
F04,S0,B,C08,F15,S0,B,C08,diff_device_same_challenge,-0.001943707574813,frozen_lifecycle
F04,S2,A,C01,F04,S2,A,C02,same_device_same_state_diff_challenge,-0.0410055071221665,frozen_lifecycle
F04,S2,A,C01,F04,S2,A,C03,same_device_same_state_diff_challenge,-0.1470982770313515,frozen_lifecycle
F04,S2,A,C01,F04,S2,A,C04,same_device_same_state_diff_challenge,-0.1898457993068227,frozen_lifecycle
F04,S2,A,C01,F04,S2,A,C05,same_device_same_state_diff_challenge,-0.1673186575483548,frozen_lifecycle
F04,S2,A,C01,F04,S2,A,C06,same_device_same_state_diff_challenge,-0.1995031268021913,frozen_lifecycle
F04,S2,A,C01,F04,S2,A,C07,same_device_same_state_diff_challenge,-0.2056038454836866,frozen_lifecycle
F04,S2,A,C01,F04,S2,A,C08,same_device_same_state_diff_challenge,-0.1228124848067166,frozen_lifecycle
F04,S2,A,C01,F04,S2,B,C01,same_device_same_state_same_challenge,0.2715920679133138,frozen_lifecycle
F04,S2,A,C01,F05,S2,A,C01,diff_device_same_challenge,-0.0007401436106032,frozen_lifecycle
F04,S2,A,C01,F06,S2,A,C01,diff_device_same_challenge,0.0003435432669766,frozen_lifecycle
F04,S2,A,C01,F07,S2,A,C01,diff_device_same_challenge,0.0028469329672114,frozen_lifecycle
F04,S2,A,C01,F08,S2,A,C01,diff_device_same_challenge,0.0055605034151848,frozen_lifecycle
F04,S2,A,C01,F09,S2,A,C01,diff_device_same_challenge,0.0083581596757671,frozen_lifecycle
F04,S2,A,C01,F10,S2,A,C01,diff_device_same_challenge,-0.0019487692459511,frozen_lifecycle
F04,S2,A,C01,F11,S2,A,C01,diff_device_same_challenge,-0.0027860972974126,frozen_lifecycle
F04,S2,A,C01,F12,S2,A,C01,diff_device_same_challenge,-0.0031634155927534,frozen_lifecycle
F04,S2,A,C01,F13,S2,A,C01,diff_device_same_challenge,0.0002270771923562,frozen_lifecycle
F04,S2,A,C01,F14,S2,A,C01,diff_device_same_challenge,0.0013600274797426,frozen_lifecycle
F04,S2,A,C01,F15,S2,A,C01,diff_device_same_challenge,-0.0001057975798508,frozen_lifecycle
F04,S2,A,C02,F04,S2,A,C03,same_device_same_state_diff_challenge,-0.1599407339661943,frozen_lifecycle
F04,S2,A,C02,F04,S2,A,C04,same_device_same_state_diff_challenge,-0.1153628023919821,frozen_lifecycle
F04,S2,A,C02,F04,S2,A,C05,same_device_same_state_diff_challenge,-0.2087811890165314,frozen_lifecycle
F04,S2,A,C02,F04,S2,A,C06,same_device_same_state_diff_challenge,-0.1444064051954776,frozen_lifecycle
F04,S2,A,C02,F04,S2,A,C07,same_device_same_state_diff_challenge,-0.1760973788704377,frozen_lifecycle
F04,S2,A,C02,F04,S2,A,C08,same_device_same_state_diff_challenge,-0.1300204160957306,frozen_lifecycle
F04,S2,A,C02,F04,S2,B,C02,same_device_same_state_same_challenge,0.3541748081949311,frozen_lifecycle
F04,S2,A,C02,F05,S2,A,C02,diff_device_same_challenge,-0.0011829952433569,frozen_lifecycle
F04,S2,A,C02,F06,S2,A,C02,diff_device_same_challenge,-0.00116734873013,frozen_lifecycle
F04,S2,A,C02,F07,S2,A,C02,diff_device_same_challenge,-0.0012788575168939,frozen_lifecycle
F04,S2,A,C02,F08,S2,A,C02,diff_device_same_challenge,0.003199219144827,frozen_lifecycle
F04,S2,A,C02,F09,S2,A,C02,diff_device_same_challenge,-0.0049966611316989,frozen_lifecycle
F04,S2,A,C02,F10,S2,A,C02,diff_device_same_challenge,0.004861191056602,frozen_lifecycle
F04,S2,A,C02,F11,S2,A,C02,diff_device_same_challenge,0.0006866632581583,frozen_lifecycle
F04,S2,A,C02,F12,S2,A,C02,diff_device_same_challenge,1.3773882550697017e-05,frozen_lifecycle
F04,S2,A,C02,F13,S2,A,C02,diff_device_same_challenge,0.0021876015212735,frozen_lifecycle
F04,S2,A,C02,F14,S2,A,C02,diff_device_same_challenge,0.0004628709017989,frozen_lifecycle
F04,S2,A,C02,F15,S2,A,C02,diff_device_same_challenge,-0.0037581292861129,frozen_lifecycle
F04,S2,A,C03,F04,S2,A,C04,same_device_same_state_diff_challenge,-0.1800312211644585,frozen_lifecycle
F04,S2,A,C03,F04,S2,A,C05,same_device_same_state_diff_challenge,-0.1861331234030609,frozen_lifecycle
F04,S2,A,C03,F04,S2,A,C06,same_device_same_state_diff_challenge,-0.0669198088166185,frozen_lifecycle
F04,S2,A,C03,F04,S2,A,C07,same_device_same_state_diff_challenge,-0.1123525038134773,frozen_lifecycle
F04,S2,A,C03,F04,S2,A,C08,same_device_same_state_diff_challenge,-0.1840417500918799,frozen_lifecycle
F04,S2,A,C03,F04,S2,B,C03,same_device_same_state_same_challenge,0.7106081860985837,frozen_lifecycle
F04,S2,A,C03,F05,S2,A,C03,diff_device_same_challenge,0.0057645661401882,frozen_lifecycle
F04,S2,A,C03,F06,S2,A,C03,diff_device_same_challenge,0.0006901602053672,frozen_lifecycle
F04,S2,A,C03,F07,S2,A,C03,diff_device_same_challenge,7.101376938243002e-05,frozen_lifecycle
F04,S2,A,C03,F08,S2,A,C03,diff_device_same_challenge,0.004662651909579,frozen_lifecycle
F04,S2,A,C03,F09,S2,A,C03,diff_device_same_challenge,-0.007803096412442,frozen_lifecycle
F04,S2,A,C03,F10,S2,A,C03,diff_device_same_challenge,-0.0058183370174364,frozen_lifecycle
F04,S2,A,C03,F11,S2,A,C03,diff_device_same_challenge,0.0006990345179935,frozen_lifecycle
F04,S2,A,C03,F12,S2,A,C03,diff_device_same_challenge,0.0034828725069236,frozen_lifecycle
F04,S2,A,C03,F13,S2,A,C03,diff_device_same_challenge,-0.0027431896939287,frozen_lifecycle
F04,S2,A,C03,F14,S2,A,C03,diff_device_same_challenge,-0.003218594243732,frozen_lifecycle
F04,S2,A,C03,F15,S2,A,C03,diff_device_same_challenge,-0.0047450560838177,frozen_lifecycle
F04,S2,A,C04,F04,S2,A,C05,same_device_same_state_diff_challenge,-0.1024678694195238,frozen_lifecycle
F04,S2,A,C04,F04,S2,A,C06,same_device_same_state_diff_challenge,-0.0837053680352998,frozen_lifecycle
F04,S2,A,C04,F04,S2,A,C07,same_device_same_state_diff_challenge,-0.1554290074125454,frozen_lifecycle
F04,S2,A,C04,F04,S2,A,C08,same_device_same_state_diff_challenge,-0.1047802806604129,frozen_lifecycle
F04,S2,A,C04,F04,S2,B,C04,same_device_same_state_same_challenge,0.5111680245708848,frozen_lifecycle
F04,S2,A,C04,F05,S2,A,C04,diff_device_same_challenge,0.0045265739178994,frozen_lifecycle
F04,S2,A,C04,F06,S2,A,C04,diff_device_same_challenge,0.0005044420902628,frozen_lifecycle
F04,S2,A,C04,F07,S2,A,C04,diff_device_same_challenge,-0.000664250417119,frozen_lifecycle
F04,S2,A,C04,F08,S2,A,C04,diff_device_same_challenge,0.0023821260749183,frozen_lifecycle
F04,S2,A,C04,F09,S2,A,C04,diff_device_same_challenge,0.0012937128406828,frozen_lifecycle
F04,S2,A,C04,F10,S2,A,C04,diff_device_same_challenge,-0.0038215849317325,frozen_lifecycle
F04,S2,A,C04,F11,S2,A,C04,diff_device_same_challenge,-0.0038489607187856,frozen_lifecycle
F04,S2,A,C04,F12,S2,A,C04,diff_device_same_challenge,-0.0014418690862535,frozen_lifecycle
F04,S2,A,C04,F13,S2,A,C04,diff_device_same_challenge,-0.0062687402629506,frozen_lifecycle
F04,S2,A,C04,F14,S2,A,C04,diff_device_same_challenge,0.0048848001389157,frozen_lifecycle
F04,S2,A,C04,F15,S2,A,C04,diff_device_same_challenge,0.0005328477545519,frozen_lifecycle
F04,S2,A,C05,F04,S2,A,C06,same_device_same_state_diff_challenge,-0.0384450069893579,frozen_lifecycle
F04,S2,A,C05,F04,S2,A,C07,same_device_same_state_diff_challenge,-0.0801076056389703,frozen_lifecycle
F04,S2,A,C05,F04,S2,A,C08,same_device_same_state_diff_challenge,-0.2180074848841623,frozen_lifecycle
F04,S2,A,C05,F04,S2,B,C05,same_device_same_state_same_challenge,0.3543041048418255,frozen_lifecycle
F04,S2,A,C05,F05,S2,A,C05,diff_device_same_challenge,0.0022307269922293,frozen_lifecycle
F04,S2,A,C05,F06,S2,A,C05,diff_device_same_challenge,0.0012648215133967,frozen_lifecycle
F04,S2,A,C05,F07,S2,A,C05,diff_device_same_challenge,0.0062261070715711,frozen_lifecycle
F04,S2,A,C05,F08,S2,A,C05,diff_device_same_challenge,0.000327999136296,frozen_lifecycle
F04,S2,A,C05,F09,S2,A,C05,diff_device_same_challenge,0.0017186076248245,frozen_lifecycle
F04,S2,A,C05,F10,S2,A,C05,diff_device_same_challenge,-0.0021888988959611,frozen_lifecycle
F04,S2,A,C05,F11,S2,A,C05,diff_device_same_challenge,-0.0001631272312528,frozen_lifecycle
F04,S2,A,C05,F12,S2,A,C05,diff_device_same_challenge,0.002977616941836,frozen_lifecycle
F04,S2,A,C05,F13,S2,A,C05,diff_device_same_challenge,-0.0035181867479639,frozen_lifecycle
F04,S2,A,C05,F14,S2,A,C05,diff_device_same_challenge,0.0004129564185109,frozen_lifecycle
F04,S2,A,C05,F15,S2,A,C05,diff_device_same_challenge,0.00564469229373,frozen_lifecycle
F04,S2,A,C06,F04,S2,A,C07,same_device_same_state_diff_challenge,-0.1639214530656415,frozen_lifecycle
F04,S2,A,C06,F04,S2,A,C08,same_device_same_state_diff_challenge,-0.2434253099958102,frozen_lifecycle
F04,S2,A,C06,F04,S2,B,C06,same_device_same_state_same_challenge,0.291156215757093,frozen_lifecycle
F04,S2,A,C06,F05,S2,A,C06,diff_device_same_challenge,-0.0022463238646328,frozen_lifecycle
F04,S2,A,C06,F06,S2,A,C06,diff_device_same_challenge,-0.0015472807135545,frozen_lifecycle
F04,S2,A,C06,F07,S2,A,C06,diff_device_same_challenge,0.0028113893254252,frozen_lifecycle
F04,S2,A,C06,F08,S2,A,C06,diff_device_same_challenge,0.0079366546795999,frozen_lifecycle
F04,S2,A,C06,F09,S2,A,C06,diff_device_same_challenge,0.0030252386935208,frozen_lifecycle
F04,S2,A,C06,F10,S2,A,C06,diff_device_same_challenge,0.0021538757656498,frozen_lifecycle
F04,S2,A,C06,F11,S2,A,C06,diff_device_same_challenge,0.000702171707851,frozen_lifecycle
F04,S2,A,C06,F12,S2,A,C06,diff_device_same_challenge,-0.0039475039183581,frozen_lifecycle
F04,S2,A,C06,F13,S2,A,C06,diff_device_same_challenge,0.0005823153529501,frozen_lifecycle
F04,S2,A,C06,F14,S2,A,C06,diff_device_same_challenge,-0.0030798918926188,frozen_lifecycle
F04,S2,A,C06,F15,S2,A,C06,diff_device_same_challenge,-0.0071104601999644,frozen_lifecycle
F04,S2,A,C07,F04,S2,A,C08,same_device_same_state_diff_challenge,-0.0630728114882042,frozen_lifecycle
F04,S2,A,C07,F04,S2,B,C07,same_device_same_state_same_challenge,0.6979522410835676,frozen_lifecycle
F04,S2,A,C07,F05,S2,A,C07,diff_device_same_challenge,0.0005457363563692,frozen_lifecycle
F04,S2,A,C07,F06,S2,A,C07,diff_device_same_challenge,0.000878001958976,frozen_lifecycle
F04,S2,A,C07,F07,S2,A,C07,diff_device_same_challenge,-0.0002003990552535,frozen_lifecycle
F04,S2,A,C07,F08,S2,A,C07,diff_device_same_challenge,-0.0017046237997693,frozen_lifecycle
F04,S2,A,C07,F09,S2,A,C07,diff_device_same_challenge,0.001045055355171,frozen_lifecycle
F04,S2,A,C07,F10,S2,A,C07,diff_device_same_challenge,-0.0013777704119539,frozen_lifecycle
F04,S2,A,C07,F11,S2,A,C07,diff_device_same_challenge,-0.0022666935596181,frozen_lifecycle
F04,S2,A,C07,F12,S2,A,C07,diff_device_same_challenge,1.1734003030947333e-05,frozen_lifecycle
F04,S2,A,C07,F13,S2,A,C07,diff_device_same_challenge,0.0014164298955111,frozen_lifecycle
F04,S2,A,C07,F14,S2,A,C07,diff_device_same_challenge,0.0030645140766621,frozen_lifecycle
F04,S2,A,C07,F15,S2,A,C07,diff_device_same_challenge,0.0009859932384956,frozen_lifecycle
F04,S2,A,C08,F04,S2,B,C08,same_device_same_state_same_challenge,0.8983043038640925,frozen_lifecycle
F04,S2,A,C08,F05,S2,A,C08,diff_device_same_challenge,0.0003822564247747,frozen_lifecycle
F04,S2,A,C08,F06,S2,A,C08,diff_device_same_challenge,0.0004689021545752,frozen_lifecycle
F04,S2,A,C08,F07,S2,A,C08,diff_device_same_challenge,-0.0037472972464514,frozen_lifecycle
F04,S2,A,C08,F08,S2,A,C08,diff_device_same_challenge,-0.0029286495551141,frozen_lifecycle
F04,S2,A,C08,F09,S2,A,C08,diff_device_same_challenge,0.0025175917030698,frozen_lifecycle
F04,S2,A,C08,F10,S2,A,C08,diff_device_same_challenge,-0.000846986919603,frozen_lifecycle
F04,S2,A,C08,F11,S2,A,C08,diff_device_same_challenge,-0.0028277947027072,frozen_lifecycle
F04,S2,A,C08,F12,S2,A,C08,diff_device_same_challenge,-0.0017472180054338,frozen_lifecycle
F04,S2,A,C08,F13,S2,A,C08,diff_device_same_challenge,-0.0034667242107469,frozen_lifecycle
F04,S2,A,C08,F14,S2,A,C08,diff_device_same_challenge,-0.0047850819275772,frozen_lifecycle
F04,S2,A,C08,F15,S2,A,C08,diff_device_same_challenge,-0.0046916006197199,frozen_lifecycle
F04,S2,B,C01,F04,S2,B,C02,same_device_same_state_diff_challenge,-0.1403808029596057,frozen_lifecycle
F04,S2,B,C01,F04,S2,B,C03,same_device_same_state_diff_challenge,-0.2140233605691748,frozen_lifecycle
F04,S2,B,C01,F04,S2,B,C04,same_device_same_state_diff_challenge,-0.1180159973641245,frozen_lifecycle
F04,S2,B,C01,F04,S2,B,C05,same_device_same_state_diff_challenge,-0.135530596410248,frozen_lifecycle
F04,S2,B,C01,F04,S2,B,C06,same_device_same_state_diff_challenge,-0.1611282252430819,frozen_lifecycle
F04,S2,B,C01,F04,S2,B,C07,same_device_same_state_diff_challenge,-0.1823612206681784,frozen_lifecycle
F04,S2,B,C01,F04,S2,B,C08,same_device_same_state_diff_challenge,-0.0655860227324008,frozen_lifecycle
F04,S2,B,C01,F05,S2,B,C01,diff_device_same_challenge,-0.0028577580178313,frozen_lifecycle
F04,S2,B,C01,F06,S2,B,C01,diff_device_same_challenge,0.0034606477285266,frozen_lifecycle
F04,S2,B,C01,F07,S2,B,C01,diff_device_same_challenge,-0.0006272569544715,frozen_lifecycle
F04,S2,B,C01,F08,S2,B,C01,diff_device_same_challenge,-0.0057911527260899,frozen_lifecycle
F04,S2,B,C01,F09,S2,B,C01,diff_device_same_challenge,-0.0026742308181612,frozen_lifecycle
F04,S2,B,C01,F10,S2,B,C01,diff_device_same_challenge,0.0017061045241637,frozen_lifecycle
F04,S2,B,C01,F11,S2,B,C01,diff_device_same_challenge,0.0027839412728519,frozen_lifecycle
F04,S2,B,C01,F12,S2,B,C01,diff_device_same_challenge,0.0020961562036908,frozen_lifecycle
F04,S2,B,C01,F13,S2,B,C01,diff_device_same_challenge,0.0018931000675815,frozen_lifecycle
F04,S2,B,C01,F14,S2,B,C01,diff_device_same_challenge,0.0023756989598236,frozen_lifecycle
F04,S2,B,C01,F15,S2,B,C01,diff_device_same_challenge,-0.0039559763711784,frozen_lifecycle
F04,S2,B,C02,F04,S2,B,C03,same_device_same_state_diff_challenge,-0.0324440930148414,frozen_lifecycle
F04,S2,B,C02,F04,S2,B,C04,same_device_same_state_diff_challenge,-0.2212491643758501,frozen_lifecycle
F04,S2,B,C02,F04,S2,B,C05,same_device_same_state_diff_challenge,-0.2042342911761435,frozen_lifecycle
F04,S2,B,C02,F04,S2,B,C06,same_device_same_state_diff_challenge,-0.1363628402839963,frozen_lifecycle
F04,S2,B,C02,F04,S2,B,C07,same_device_same_state_diff_challenge,-0.0913644582053493,frozen_lifecycle
F04,S2,B,C02,F04,S2,B,C08,same_device_same_state_diff_challenge,-0.1268275482485536,frozen_lifecycle
F04,S2,B,C02,F05,S2,B,C02,diff_device_same_challenge,-0.0032241016138293,frozen_lifecycle
F04,S2,B,C02,F06,S2,B,C02,diff_device_same_challenge,0.0052945710069176,frozen_lifecycle
F04,S2,B,C02,F07,S2,B,C02,diff_device_same_challenge,0.0072113839464793,frozen_lifecycle
F04,S2,B,C02,F08,S2,B,C02,diff_device_same_challenge,-0.0024720445115816,frozen_lifecycle
F04,S2,B,C02,F09,S2,B,C02,diff_device_same_challenge,0.0042344825970081,frozen_lifecycle
F04,S2,B,C02,F10,S2,B,C02,diff_device_same_challenge,0.0010640772837559,frozen_lifecycle
F04,S2,B,C02,F11,S2,B,C02,diff_device_same_challenge,0.0011899207553573,frozen_lifecycle
F04,S2,B,C02,F12,S2,B,C02,diff_device_same_challenge,0.007157388562885,frozen_lifecycle
F04,S2,B,C02,F13,S2,B,C02,diff_device_same_challenge,-0.006339369752736,frozen_lifecycle
F04,S2,B,C02,F14,S2,B,C02,diff_device_same_challenge,-2.0893136402858692e-05,frozen_lifecycle
F04,S2,B,C02,F15,S2,B,C02,diff_device_same_challenge,0.0001626715028925,frozen_lifecycle
F04,S2,B,C03,F04,S2,B,C04,same_device_same_state_diff_challenge,-0.1769491309655272,frozen_lifecycle
F04,S2,B,C03,F04,S2,B,C05,same_device_same_state_diff_challenge,-0.1294240700341626,frozen_lifecycle
F04,S2,B,C03,F04,S2,B,C06,same_device_same_state_diff_challenge,-0.1197422667850568,frozen_lifecycle
F04,S2,B,C03,F04,S2,B,C07,same_device_same_state_diff_challenge,-0.0760667753378447,frozen_lifecycle
F04,S2,B,C03,F04,S2,B,C08,same_device_same_state_diff_challenge,-0.2313191730573595,frozen_lifecycle
F04,S2,B,C03,F05,S2,B,C03,diff_device_same_challenge,0.0018357711375593,frozen_lifecycle
F04,S2,B,C03,F06,S2,B,C03,diff_device_same_challenge,1.9556774708009343e-05,frozen_lifecycle
F04,S2,B,C03,F07,S2,B,C03,diff_device_same_challenge,-0.0012638628334879,frozen_lifecycle
F04,S2,B,C03,F08,S2,B,C03,diff_device_same_challenge,0.0069993384093927,frozen_lifecycle
F04,S2,B,C03,F09,S2,B,C03,diff_device_same_challenge,-0.0038621020286527,frozen_lifecycle
F04,S2,B,C03,F10,S2,B,C03,diff_device_same_challenge,-0.0040310354671764,frozen_lifecycle
F04,S2,B,C03,F11,S2,B,C03,diff_device_same_challenge,0.0018580331438524,frozen_lifecycle
F04,S2,B,C03,F12,S2,B,C03,diff_device_same_challenge,0.0045398593534956,frozen_lifecycle
F04,S2,B,C03,F13,S2,B,C03,diff_device_same_challenge,-0.0052652936029171,frozen_lifecycle
F04,S2,B,C03,F14,S2,B,C03,diff_device_same_challenge,0.0019446748143501,frozen_lifecycle
F04,S2,B,C03,F15,S2,B,C03,diff_device_same_challenge,-0.0038939593142428,frozen_lifecycle
F04,S2,B,C04,F04,S2,B,C05,same_device_same_state_diff_challenge,0.0475066069061174,frozen_lifecycle
F04,S2,B,C04,F04,S2,B,C06,same_device_same_state_diff_challenge,-0.1590686457707374,frozen_lifecycle
F04,S2,B,C04,F04,S2,B,C07,same_device_same_state_diff_challenge,-0.2379504209678768,frozen_lifecycle
F04,S2,B,C04,F04,S2,B,C08,same_device_same_state_diff_challenge,-0.1822570171061059,frozen_lifecycle
F04,S2,B,C04,F05,S2,B,C04,diff_device_same_challenge,-0.0043839199036978,frozen_lifecycle
F04,S2,B,C04,F06,S2,B,C04,diff_device_same_challenge,0.0003279404238347,frozen_lifecycle
F04,S2,B,C04,F07,S2,B,C04,diff_device_same_challenge,0.0025197009470702,frozen_lifecycle
F04,S2,B,C04,F08,S2,B,C04,diff_device_same_challenge,0.0027484511208437,frozen_lifecycle
F04,S2,B,C04,F09,S2,B,C04,diff_device_same_challenge,0.0011501580011594,frozen_lifecycle
F04,S2,B,C04,F10,S2,B,C04,diff_device_same_challenge,-0.0021379742361409,frozen_lifecycle
F04,S2,B,C04,F11,S2,B,C04,diff_device_same_challenge,0.0025328334799182,frozen_lifecycle
F04,S2,B,C04,F12,S2,B,C04,diff_device_same_challenge,0.001418739768966,frozen_lifecycle
F04,S2,B,C04,F13,S2,B,C04,diff_device_same_challenge,-0.0049358765723467,frozen_lifecycle
F04,S2,B,C04,F14,S2,B,C04,diff_device_same_challenge,0.0021276314850112,frozen_lifecycle
F04,S2,B,C04,F15,S2,B,C04,diff_device_same_challenge,0.0012751159299786,frozen_lifecycle
F04,S2,B,C05,F04,S2,B,C06,same_device_same_state_diff_challenge,-0.1910749514178408,frozen_lifecycle
F04,S2,B,C05,F04,S2,B,C07,same_device_same_state_diff_challenge,-0.1883064504700922,frozen_lifecycle
F04,S2,B,C05,F04,S2,B,C08,same_device_same_state_diff_challenge,-0.2191390835541491,frozen_lifecycle
F04,S2,B,C05,F05,S2,B,C05,diff_device_same_challenge,-0.001843400587497,frozen_lifecycle
F04,S2,B,C05,F06,S2,B,C05,diff_device_same_challenge,0.0022179260117997,frozen_lifecycle
F04,S2,B,C05,F07,S2,B,C05,diff_device_same_challenge,0.0018585900203996,frozen_lifecycle
F04,S2,B,C05,F08,S2,B,C05,diff_device_same_challenge,0.0012007956694818,frozen_lifecycle
F04,S2,B,C05,F09,S2,B,C05,diff_device_same_challenge,0.0031246057163597,frozen_lifecycle
F04,S2,B,C05,F10,S2,B,C05,diff_device_same_challenge,-0.0031828004600307,frozen_lifecycle
F04,S2,B,C05,F11,S2,B,C05,diff_device_same_challenge,0.0043701047815573,frozen_lifecycle
F04,S2,B,C05,F12,S2,B,C05,diff_device_same_challenge,0.0038967878624495,frozen_lifecycle
F04,S2,B,C05,F13,S2,B,C05,diff_device_same_challenge,-0.0025359027099983,frozen_lifecycle
F04,S2,B,C05,F14,S2,B,C05,diff_device_same_challenge,0.0028583527323292,frozen_lifecycle
F04,S2,B,C05,F15,S2,B,C05,diff_device_same_challenge,-0.0002826801639231,frozen_lifecycle
F04,S2,B,C06,F04,S2,B,C07,same_device_same_state_diff_challenge,-0.0125233513585158,frozen_lifecycle
F04,S2,B,C06,F04,S2,B,C08,same_device_same_state_diff_challenge,-0.1429884958587611,frozen_lifecycle
F04,S2,B,C06,F05,S2,B,C06,diff_device_same_challenge,-0.0092914213769027,frozen_lifecycle
F04,S2,B,C06,F06,S2,B,C06,diff_device_same_challenge,0.0024393812183903,frozen_lifecycle
F04,S2,B,C06,F07,S2,B,C06,diff_device_same_challenge,0.0065596886327464,frozen_lifecycle
F04,S2,B,C06,F08,S2,B,C06,diff_device_same_challenge,0.0030020998648891,frozen_lifecycle
F04,S2,B,C06,F09,S2,B,C06,diff_device_same_challenge,0.0025037381147029,frozen_lifecycle
F04,S2,B,C06,F10,S2,B,C06,diff_device_same_challenge,-0.001767925853132,frozen_lifecycle
F04,S2,B,C06,F11,S2,B,C06,diff_device_same_challenge,-0.0058634297302759,frozen_lifecycle
F04,S2,B,C06,F12,S2,B,C06,diff_device_same_challenge,0.0054656818179754,frozen_lifecycle
F04,S2,B,C06,F13,S2,B,C06,diff_device_same_challenge,0.0039119016788227,frozen_lifecycle
F04,S2,B,C06,F14,S2,B,C06,diff_device_same_challenge,-0.004701358370163,frozen_lifecycle
F04,S2,B,C06,F15,S2,B,C06,diff_device_same_challenge,0.0005239585924596,frozen_lifecycle
F04,S2,B,C07,F04,S2,B,C08,same_device_same_state_diff_challenge,-0.1399302290834761,frozen_lifecycle
F04,S2,B,C07,F05,S2,B,C07,diff_device_same_challenge,0.0023739925440748,frozen_lifecycle
F04,S2,B,C07,F06,S2,B,C07,diff_device_same_challenge,0.004304253245746,frozen_lifecycle
F04,S2,B,C07,F07,S2,B,C07,diff_device_same_challenge,-0.0010677103989559,frozen_lifecycle
F04,S2,B,C07,F08,S2,B,C07,diff_device_same_challenge,2.465181711432423e-05,frozen_lifecycle
F04,S2,B,C07,F09,S2,B,C07,diff_device_same_challenge,-0.0016531177689818,frozen_lifecycle
F04,S2,B,C07,F10,S2,B,C07,diff_device_same_challenge,0.000377121717024,frozen_lifecycle
F04,S2,B,C07,F11,S2,B,C07,diff_device_same_challenge,0.0004272754146415,frozen_lifecycle
F04,S2,B,C07,F12,S2,B,C07,diff_device_same_challenge,0.0030441914529691,frozen_lifecycle
F04,S2,B,C07,F13,S2,B,C07,diff_device_same_challenge,0.0051492291987958,frozen_lifecycle
F04,S2,B,C07,F14,S2,B,C07,diff_device_same_challenge,0.0057947387384063,frozen_lifecycle
F04,S2,B,C07,F15,S2,B,C07,diff_device_same_challenge,0.0046951991228116,frozen_lifecycle
F04,S2,B,C08,F05,S2,B,C08,diff_device_same_challenge,-0.0061141935238325,frozen_lifecycle
F04,S2,B,C08,F06,S2,B,C08,diff_device_same_challenge,-0.0011904526020544,frozen_lifecycle
F04,S2,B,C08,F07,S2,B,C08,diff_device_same_challenge,-0.0008029437777511,frozen_lifecycle
F04,S2,B,C08,F08,S2,B,C08,diff_device_same_challenge,-0.001940910579364,frozen_lifecycle
F04,S2,B,C08,F09,S2,B,C08,diff_device_same_challenge,-0.000612329151082,frozen_lifecycle
F04,S2,B,C08,F10,S2,B,C08,diff_device_same_challenge,-0.0031406384879427,frozen_lifecycle
F04,S2,B,C08,F11,S2,B,C08,diff_device_same_challenge,-0.0025132753127259,frozen_lifecycle
F04,S2,B,C08,F12,S2,B,C08,diff_device_same_challenge,-0.0001558525652899,frozen_lifecycle
F04,S2,B,C08,F13,S2,B,C08,diff_device_same_challenge,-0.0034303603667743,frozen_lifecycle
F04,S2,B,C08,F14,S2,B,C08,diff_device_same_challenge,-0.0039170803361337,frozen_lifecycle
F04,S2,B,C08,F15,S2,B,C08,diff_device_same_challenge,-0.0013333945074146,frozen_lifecycle
F05,S0,A,C01,F05,S0,A,C02,same_device_same_state_diff_challenge,0.0543167836623974,frozen_lifecycle
F05,S0,A,C01,F05,S0,A,C03,same_device_same_state_diff_challenge,-0.1516917511700801,frozen_lifecycle
F05,S0,A,C01,F05,S0,A,C04,same_device_same_state_diff_challenge,-0.1773985674614221,frozen_lifecycle
F05,S0,A,C01,F05,S0,A,C05,same_device_same_state_diff_challenge,-0.1783143498880059,frozen_lifecycle
F05,S0,A,C01,F05,S0,A,C06,same_device_same_state_diff_challenge,-0.2161212323009682,frozen_lifecycle
F05,S0,A,C01,F05,S0,A,C07,same_device_same_state_diff_challenge,-0.2242755387467901,frozen_lifecycle
F05,S0,A,C01,F05,S0,A,C08,same_device_same_state_diff_challenge,-0.1717759228390467,frozen_lifecycle
F05,S0,A,C01,F05,S0,B,C01,same_device_same_state_same_challenge,0.6275893533309667,frozen_lifecycle
F05,S0,A,C01,F05,S2,A,C01,same_device_diff_state_same_challenge,-0.0017296820987927,frozen_lifecycle
F05,S0,A,C01,F06,S0,A,C01,diff_device_same_challenge,-0.0043163638190502,frozen_lifecycle
F05,S0,A,C01,F07,S0,A,C01,diff_device_same_challenge,0.0043941860818903,frozen_lifecycle
F05,S0,A,C01,F08,S0,A,C01,diff_device_same_challenge,-0.001715309450046,frozen_lifecycle
F05,S0,A,C01,F09,S0,A,C01,diff_device_same_challenge,0.0010175534655249,frozen_lifecycle
F05,S0,A,C01,F10,S0,A,C01,diff_device_same_challenge,0.0035243707897979,frozen_lifecycle
F05,S0,A,C01,F11,S0,A,C01,diff_device_same_challenge,-0.0008272622935188,frozen_lifecycle
F05,S0,A,C01,F12,S0,A,C01,diff_device_same_challenge,0.0012310863090533,frozen_lifecycle
F05,S0,A,C01,F13,S0,A,C01,diff_device_same_challenge,-0.0011583549579543,frozen_lifecycle
F05,S0,A,C01,F14,S0,A,C01,diff_device_same_challenge,-0.0013772135183668,frozen_lifecycle
F05,S0,A,C01,F15,S0,A,C01,diff_device_same_challenge,0.002927356788678,frozen_lifecycle
F05,S0,A,C02,F05,S0,A,C03,same_device_same_state_diff_challenge,0.0727967474758979,frozen_lifecycle
F05,S0,A,C02,F05,S0,A,C04,same_device_same_state_diff_challenge,-0.1279840297426369,frozen_lifecycle
F05,S0,A,C02,F05,S0,A,C05,same_device_same_state_diff_challenge,-0.196664369643656,frozen_lifecycle
F05,S0,A,C02,F05,S0,A,C06,same_device_same_state_diff_challenge,-0.2645048702525025,frozen_lifecycle
F05,S0,A,C02,F05,S0,A,C07,same_device_same_state_diff_challenge,-0.2853969355978658,frozen_lifecycle
F05,S0,A,C02,F05,S0,A,C08,same_device_same_state_diff_challenge,-0.2409904642309796,frozen_lifecycle
F05,S0,A,C02,F05,S0,B,C02,same_device_same_state_same_challenge,0.6823645653360488,frozen_lifecycle
F05,S0,A,C02,F05,S2,A,C02,same_device_diff_state_same_challenge,0.0029232402540551,frozen_lifecycle
F05,S0,A,C02,F06,S0,A,C02,diff_device_same_challenge,0.004661450632876,frozen_lifecycle
F05,S0,A,C02,F07,S0,A,C02,diff_device_same_challenge,-0.0027637249750054,frozen_lifecycle
F05,S0,A,C02,F08,S0,A,C02,diff_device_same_challenge,-0.0039536002867753,frozen_lifecycle
F05,S0,A,C02,F09,S0,A,C02,diff_device_same_challenge,-0.0014901037565797,frozen_lifecycle
F05,S0,A,C02,F10,S0,A,C02,diff_device_same_challenge,0.0060395361382037,frozen_lifecycle
F05,S0,A,C02,F11,S0,A,C02,diff_device_same_challenge,0.0020715194504278,frozen_lifecycle
F05,S0,A,C02,F12,S0,A,C02,diff_device_same_challenge,-0.0027518891129011,frozen_lifecycle
F05,S0,A,C02,F13,S0,A,C02,diff_device_same_challenge,-0.0020404747229235,frozen_lifecycle
F05,S0,A,C02,F14,S0,A,C02,diff_device_same_challenge,0.00657474377124,frozen_lifecycle
F05,S0,A,C02,F15,S0,A,C02,diff_device_same_challenge,-0.0026013149016488,frozen_lifecycle
F05,S0,A,C03,F05,S0,A,C04,same_device_same_state_diff_challenge,0.1321946454663869,frozen_lifecycle
F05,S0,A,C03,F05,S0,A,C05,same_device_same_state_diff_challenge,-0.1595015333957875,frozen_lifecycle
F05,S0,A,C03,F05,S0,A,C06,same_device_same_state_diff_challenge,-0.2865673606568937,frozen_lifecycle
F05,S0,A,C03,F05,S0,A,C07,same_device_same_state_diff_challenge,-0.3139489404816248,frozen_lifecycle
F05,S0,A,C03,F05,S0,A,C08,same_device_same_state_diff_challenge,-0.265381485865967,frozen_lifecycle
F05,S0,A,C03,F05,S0,B,C03,same_device_same_state_same_challenge,0.7924777472834742,frozen_lifecycle
F05,S0,A,C03,F05,S2,A,C03,same_device_diff_state_same_challenge,0.0040780393753256,frozen_lifecycle
F05,S0,A,C03,F06,S0,A,C03,diff_device_same_challenge,-0.0014346548234468,frozen_lifecycle
F05,S0,A,C03,F07,S0,A,C03,diff_device_same_challenge,-0.0009797847886126,frozen_lifecycle
F05,S0,A,C03,F08,S0,A,C03,diff_device_same_challenge,-0.0054610208716256,frozen_lifecycle
F05,S0,A,C03,F09,S0,A,C03,diff_device_same_challenge,0.0003215626504158,frozen_lifecycle
F05,S0,A,C03,F10,S0,A,C03,diff_device_same_challenge,0.0074659679358973,frozen_lifecycle
F05,S0,A,C03,F11,S0,A,C03,diff_device_same_challenge,0.0055710201675136,frozen_lifecycle
F05,S0,A,C03,F12,S0,A,C03,diff_device_same_challenge,-0.0012180049721265,frozen_lifecycle
F05,S0,A,C03,F13,S0,A,C03,diff_device_same_challenge,-0.0029273852999581,frozen_lifecycle
F05,S0,A,C03,F14,S0,A,C03,diff_device_same_challenge,-0.0022132483413307,frozen_lifecycle
F05,S0,A,C03,F15,S0,A,C03,diff_device_same_challenge,0.0008391729004459,frozen_lifecycle
F05,S0,A,C04,F05,S0,A,C05,same_device_same_state_diff_challenge,-0.0200806786678365,frozen_lifecycle
F05,S0,A,C04,F05,S0,A,C06,same_device_same_state_diff_challenge,-0.2529282209023029,frozen_lifecycle
F05,S0,A,C04,F05,S0,A,C07,same_device_same_state_diff_challenge,-0.2859426079246628,frozen_lifecycle
F05,S0,A,C04,F05,S0,A,C08,same_device_same_state_diff_challenge,-0.2473299365312695,frozen_lifecycle
F05,S0,A,C04,F05,S0,B,C04,same_device_same_state_same_challenge,0.7145646432385726,frozen_lifecycle
F05,S0,A,C04,F05,S2,A,C04,same_device_diff_state_same_challenge,-0.0071550424813427,frozen_lifecycle
F05,S0,A,C04,F06,S0,A,C04,diff_device_same_challenge,0.0057910111660517,frozen_lifecycle
F05,S0,A,C04,F07,S0,A,C04,diff_device_same_challenge,0.0050132289118273,frozen_lifecycle
F05,S0,A,C04,F08,S0,A,C04,diff_device_same_challenge,0.003154100212365,frozen_lifecycle
F05,S0,A,C04,F09,S0,A,C04,diff_device_same_challenge,0.0013818104201526,frozen_lifecycle
F05,S0,A,C04,F10,S0,A,C04,diff_device_same_challenge,-0.0009721495942116,frozen_lifecycle
F05,S0,A,C04,F11,S0,A,C04,diff_device_same_challenge,-0.0068398439624612,frozen_lifecycle
F05,S0,A,C04,F12,S0,A,C04,diff_device_same_challenge,-0.0031742565877517,frozen_lifecycle
F05,S0,A,C04,F13,S0,A,C04,diff_device_same_challenge,-0.0009914798640428,frozen_lifecycle
F05,S0,A,C04,F14,S0,A,C04,diff_device_same_challenge,0.0001911282252058,frozen_lifecycle
F05,S0,A,C04,F15,S0,A,C04,diff_device_same_challenge,0.0017632132350676,frozen_lifecycle
F05,S0,A,C05,F05,S0,A,C06,same_device_same_state_diff_challenge,-0.0490506116037827,frozen_lifecycle
F05,S0,A,C05,F05,S0,A,C07,same_device_same_state_diff_challenge,-0.173446732024757,frozen_lifecycle
F05,S0,A,C05,F05,S0,A,C08,same_device_same_state_diff_challenge,-0.1984032062631965,frozen_lifecycle
F05,S0,A,C05,F05,S0,B,C05,same_device_same_state_same_challenge,0.5840569799944434,frozen_lifecycle
F05,S0,A,C05,F05,S2,A,C05,same_device_diff_state_same_challenge,0.0005248457851342,frozen_lifecycle
F05,S0,A,C05,F06,S0,A,C05,diff_device_same_challenge,-0.0014083818603394,frozen_lifecycle
F05,S0,A,C05,F07,S0,A,C05,diff_device_same_challenge,0.00441534556375,frozen_lifecycle
F05,S0,A,C05,F08,S0,A,C05,diff_device_same_challenge,4.4173125350014174e-05,frozen_lifecycle
F05,S0,A,C05,F09,S0,A,C05,diff_device_same_challenge,-0.0005454429256889,frozen_lifecycle
F05,S0,A,C05,F10,S0,A,C05,diff_device_same_challenge,-0.0021700086723597,frozen_lifecycle
F05,S0,A,C05,F11,S0,A,C05,diff_device_same_challenge,-0.0006568078380242,frozen_lifecycle
F05,S0,A,C05,F12,S0,A,C05,diff_device_same_challenge,-0.0040753544559559,frozen_lifecycle
F05,S0,A,C05,F13,S0,A,C05,diff_device_same_challenge,-0.0027994079078777,frozen_lifecycle
F05,S0,A,C05,F14,S0,A,C05,diff_device_same_challenge,0.0007306453989932,frozen_lifecycle
F05,S0,A,C05,F15,S0,A,C05,diff_device_same_challenge,-0.0009289380824944,frozen_lifecycle
F05,S0,A,C06,F05,S0,A,C07,same_device_same_state_diff_challenge,0.1531127999113978,frozen_lifecycle
F05,S0,A,C06,F05,S0,A,C08,same_device_same_state_diff_challenge,-0.0612435283793211,frozen_lifecycle
F05,S0,A,C06,F05,S0,B,C06,same_device_same_state_same_challenge,0.6720815293449076,frozen_lifecycle
F05,S0,A,C06,F05,S2,A,C06,same_device_diff_state_same_challenge,-0.0049553333756268,frozen_lifecycle
F05,S0,A,C06,F06,S0,A,C06,diff_device_same_challenge,-0.0028387945371433,frozen_lifecycle
F05,S0,A,C06,F07,S0,A,C06,diff_device_same_challenge,0.0035301592989052,frozen_lifecycle
F05,S0,A,C06,F08,S0,A,C06,diff_device_same_challenge,-0.0031583919281505,frozen_lifecycle
F05,S0,A,C06,F09,S0,A,C06,diff_device_same_challenge,0.0017965080453946,frozen_lifecycle
F05,S0,A,C06,F10,S0,A,C06,diff_device_same_challenge,0.0023345269191709,frozen_lifecycle
F05,S0,A,C06,F11,S0,A,C06,diff_device_same_challenge,-0.0036015492836224,frozen_lifecycle
F05,S0,A,C06,F12,S0,A,C06,diff_device_same_challenge,-0.0002655448701183,frozen_lifecycle
F05,S0,A,C06,F13,S0,A,C06,diff_device_same_challenge,-0.0035184824465463,frozen_lifecycle
F05,S0,A,C06,F14,S0,A,C06,diff_device_same_challenge,0.003674440845954,frozen_lifecycle
F05,S0,A,C06,F15,S0,A,C06,diff_device_same_challenge,-0.001337482408733,frozen_lifecycle
F05,S0,A,C07,F05,S0,A,C08,same_device_same_state_diff_challenge,0.1402992635876008,frozen_lifecycle
F05,S0,A,C07,F05,S0,B,C07,same_device_same_state_same_challenge,0.7897197223016669,frozen_lifecycle
F05,S0,A,C07,F05,S2,A,C07,same_device_diff_state_same_challenge,0.0005350733844726,frozen_lifecycle
F05,S0,A,C07,F06,S0,A,C07,diff_device_same_challenge,-0.0025259429678264,frozen_lifecycle
F05,S0,A,C07,F07,S0,A,C07,diff_device_same_challenge,0.0008781568497682,frozen_lifecycle
F05,S0,A,C07,F08,S0,A,C07,diff_device_same_challenge,0.0030119417327338,frozen_lifecycle
F05,S0,A,C07,F09,S0,A,C07,diff_device_same_challenge,0.0044513269647773,frozen_lifecycle
F05,S0,A,C07,F10,S0,A,C07,diff_device_same_challenge,0.0058825624821177,frozen_lifecycle
F05,S0,A,C07,F11,S0,A,C07,diff_device_same_challenge,0.0037431658479402,frozen_lifecycle
F05,S0,A,C07,F12,S0,A,C07,diff_device_same_challenge,0.0019296175778651,frozen_lifecycle
F05,S0,A,C07,F13,S0,A,C07,diff_device_same_challenge,0.0087554917660763,frozen_lifecycle
F05,S0,A,C07,F14,S0,A,C07,diff_device_same_challenge,-0.0035212042940291,frozen_lifecycle
F05,S0,A,C07,F15,S0,A,C07,diff_device_same_challenge,0.0059371970925255,frozen_lifecycle
F05,S0,A,C08,F05,S0,B,C08,same_device_same_state_same_challenge,0.828498650317,frozen_lifecycle
F05,S0,A,C08,F05,S2,A,C08,same_device_diff_state_same_challenge,-0.0010415084559489,frozen_lifecycle
F05,S0,A,C08,F06,S0,A,C08,diff_device_same_challenge,0.0030653719942642,frozen_lifecycle
F05,S0,A,C08,F07,S0,A,C08,diff_device_same_challenge,0.0035841648543422,frozen_lifecycle
F05,S0,A,C08,F08,S0,A,C08,diff_device_same_challenge,0.0020679579842431,frozen_lifecycle
F05,S0,A,C08,F09,S0,A,C08,diff_device_same_challenge,0.0037543184446908,frozen_lifecycle
F05,S0,A,C08,F10,S0,A,C08,diff_device_same_challenge,0.0017288206693487,frozen_lifecycle
F05,S0,A,C08,F11,S0,A,C08,diff_device_same_challenge,0.0050356788853931,frozen_lifecycle
F05,S0,A,C08,F12,S0,A,C08,diff_device_same_challenge,-0.0031550981851433,frozen_lifecycle
F05,S0,A,C08,F13,S0,A,C08,diff_device_same_challenge,0.0003871057469717,frozen_lifecycle
F05,S0,A,C08,F14,S0,A,C08,diff_device_same_challenge,-0.0003490770291764,frozen_lifecycle
F05,S0,A,C08,F15,S0,A,C08,diff_device_same_challenge,-0.0011259721524353,frozen_lifecycle
F05,S0,B,C01,F05,S0,B,C02,same_device_same_state_diff_challenge,0.0528111125613485,frozen_lifecycle
F05,S0,B,C01,F05,S0,B,C03,same_device_same_state_diff_challenge,-0.1263837909088095,frozen_lifecycle
F05,S0,B,C01,F05,S0,B,C04,same_device_same_state_diff_challenge,-0.1585177869817289,frozen_lifecycle
F05,S0,B,C01,F05,S0,B,C05,same_device_same_state_diff_challenge,-0.1907580800173059,frozen_lifecycle
F05,S0,B,C01,F05,S0,B,C06,same_device_same_state_diff_challenge,-0.235123617465015,frozen_lifecycle
F05,S0,B,C01,F05,S0,B,C07,same_device_same_state_diff_challenge,-0.2340293823698468,frozen_lifecycle
F05,S0,B,C01,F05,S0,B,C08,same_device_same_state_diff_challenge,-0.1751613650397067,frozen_lifecycle
F05,S0,B,C01,F05,S2,B,C01,same_device_diff_state_same_challenge,-0.0001468748272711,frozen_lifecycle
F05,S0,B,C01,F06,S0,B,C01,diff_device_same_challenge,-0.0048413346503049,frozen_lifecycle
F05,S0,B,C01,F07,S0,B,C01,diff_device_same_challenge,0.0028426675671335,frozen_lifecycle
F05,S0,B,C01,F08,S0,B,C01,diff_device_same_challenge,-0.0023138142785884,frozen_lifecycle
F05,S0,B,C01,F09,S0,B,C01,diff_device_same_challenge,-0.0065446191841907,frozen_lifecycle
F05,S0,B,C01,F10,S0,B,C01,diff_device_same_challenge,0.0030716994462179,frozen_lifecycle
F05,S0,B,C01,F11,S0,B,C01,diff_device_same_challenge,0.000631973253717,frozen_lifecycle
F05,S0,B,C01,F12,S0,B,C01,diff_device_same_challenge,0.0018673280976133,frozen_lifecycle
F05,S0,B,C01,F13,S0,B,C01,diff_device_same_challenge,0.0028030123095249,frozen_lifecycle
F05,S0,B,C01,F14,S0,B,C01,diff_device_same_challenge,0.0056626135321082,frozen_lifecycle
F05,S0,B,C01,F15,S0,B,C01,diff_device_same_challenge,0.0032853795832842,frozen_lifecycle
F05,S0,B,C02,F05,S0,B,C03,same_device_same_state_diff_challenge,0.1215543472294007,frozen_lifecycle
F05,S0,B,C02,F05,S0,B,C04,same_device_same_state_diff_challenge,-0.1116753942918454,frozen_lifecycle
F05,S0,B,C02,F05,S0,B,C05,same_device_same_state_diff_challenge,-0.2286939841448749,frozen_lifecycle
F05,S0,B,C02,F05,S0,B,C06,same_device_same_state_diff_challenge,-0.2986538756357902,frozen_lifecycle
F05,S0,B,C02,F05,S0,B,C07,same_device_same_state_diff_challenge,-0.301701656973912,frozen_lifecycle
F05,S0,B,C02,F05,S0,B,C08,same_device_same_state_diff_challenge,-0.2340806733350516,frozen_lifecycle
F05,S0,B,C02,F05,S2,B,C02,same_device_diff_state_same_challenge,0.0004819413243267,frozen_lifecycle
F05,S0,B,C02,F06,S0,B,C02,diff_device_same_challenge,0.000976860947717,frozen_lifecycle
F05,S0,B,C02,F07,S0,B,C02,diff_device_same_challenge,0.0008180226207764,frozen_lifecycle
F05,S0,B,C02,F08,S0,B,C02,diff_device_same_challenge,-0.0006348033402034,frozen_lifecycle
F05,S0,B,C02,F09,S0,B,C02,diff_device_same_challenge,-0.0011079161747758,frozen_lifecycle
F05,S0,B,C02,F10,S0,B,C02,diff_device_same_challenge,-0.0008366230455356,frozen_lifecycle
F05,S0,B,C02,F11,S0,B,C02,diff_device_same_challenge,0.0041856007487136,frozen_lifecycle
F05,S0,B,C02,F12,S0,B,C02,diff_device_same_challenge,-0.0009539575593393,frozen_lifecycle
F05,S0,B,C02,F13,S0,B,C02,diff_device_same_challenge,0.0006596296878966,frozen_lifecycle
F05,S0,B,C02,F14,S0,B,C02,diff_device_same_challenge,0.0018507245488364,frozen_lifecycle
F05,S0,B,C02,F15,S0,B,C02,diff_device_same_challenge,-0.0049560573239731,frozen_lifecycle
F05,S0,B,C03,F05,S0,B,C04,same_device_same_state_diff_challenge,0.1085770514297018,frozen_lifecycle
F05,S0,B,C03,F05,S0,B,C05,same_device_same_state_diff_challenge,-0.2104319893610739,frozen_lifecycle
F05,S0,B,C03,F05,S0,B,C06,same_device_same_state_diff_challenge,-0.3073821787064031,frozen_lifecycle
F05,S0,B,C03,F05,S0,B,C07,same_device_same_state_diff_challenge,-0.3090570137487654,frozen_lifecycle
F05,S0,B,C03,F05,S0,B,C08,same_device_same_state_diff_challenge,-0.2498643789378524,frozen_lifecycle
F05,S0,B,C03,F05,S2,B,C03,same_device_diff_state_same_challenge,0.0005499854601938,frozen_lifecycle
F05,S0,B,C03,F06,S0,B,C03,diff_device_same_challenge,-0.002362735486039,frozen_lifecycle
F05,S0,B,C03,F07,S0,B,C03,diff_device_same_challenge,-0.0020063623635952,frozen_lifecycle
F05,S0,B,C03,F08,S0,B,C03,diff_device_same_challenge,-0.008658653547189,frozen_lifecycle
F05,S0,B,C03,F09,S0,B,C03,diff_device_same_challenge,-0.004652293051748,frozen_lifecycle
F05,S0,B,C03,F10,S0,B,C03,diff_device_same_challenge,0.0068620152242044,frozen_lifecycle
F05,S0,B,C03,F11,S0,B,C03,diff_device_same_challenge,0.0009168326837688,frozen_lifecycle
F05,S0,B,C03,F12,S0,B,C03,diff_device_same_challenge,-0.0012103576695311,frozen_lifecycle
F05,S0,B,C03,F13,S0,B,C03,diff_device_same_challenge,-0.0035850646574554,frozen_lifecycle
F05,S0,B,C03,F14,S0,B,C03,diff_device_same_challenge,0.0016499635977144,frozen_lifecycle
F05,S0,B,C03,F15,S0,B,C03,diff_device_same_challenge,0.0036232701290707,frozen_lifecycle
F05,S0,B,C04,F05,S0,B,C05,same_device_same_state_diff_challenge,-0.0550889772997541,frozen_lifecycle
F05,S0,B,C04,F05,S0,B,C06,same_device_same_state_diff_challenge,-0.2575614413444501,frozen_lifecycle
F05,S0,B,C04,F05,S0,B,C07,same_device_same_state_diff_challenge,-0.268299904302093,frozen_lifecycle
F05,S0,B,C04,F05,S0,B,C08,same_device_same_state_diff_challenge,-0.223792216756908,frozen_lifecycle
F05,S0,B,C04,F05,S2,B,C04,same_device_diff_state_same_challenge,0.0014477390476053,frozen_lifecycle
F05,S0,B,C04,F06,S0,B,C04,diff_device_same_challenge,0.0029474552754597,frozen_lifecycle
F05,S0,B,C04,F07,S0,B,C04,diff_device_same_challenge,-0.0008346366356655,frozen_lifecycle
F05,S0,B,C04,F08,S0,B,C04,diff_device_same_challenge,1.1624198514284517e-05,frozen_lifecycle
F05,S0,B,C04,F09,S0,B,C04,diff_device_same_challenge,6.506302601025855e-05,frozen_lifecycle
F05,S0,B,C04,F10,S0,B,C04,diff_device_same_challenge,-0.0047545728626714,frozen_lifecycle
F05,S0,B,C04,F11,S0,B,C04,diff_device_same_challenge,-0.0056664696901546,frozen_lifecycle
F05,S0,B,C04,F12,S0,B,C04,diff_device_same_challenge,-0.0074707923585053,frozen_lifecycle
F05,S0,B,C04,F13,S0,B,C04,diff_device_same_challenge,4.528547763601672e-05,frozen_lifecycle
F05,S0,B,C04,F14,S0,B,C04,diff_device_same_challenge,0.0017361153541773,frozen_lifecycle
F05,S0,B,C04,F15,S0,B,C04,diff_device_same_challenge,0.0016738658013951,frozen_lifecycle
F05,S0,B,C05,F05,S0,B,C06,same_device_same_state_diff_challenge,0.0072232927140936,frozen_lifecycle
F05,S0,B,C05,F05,S0,B,C07,same_device_same_state_diff_challenge,-0.1230627188402725,frozen_lifecycle
F05,S0,B,C05,F05,S0,B,C08,same_device_same_state_diff_challenge,-0.1815779281589582,frozen_lifecycle
F05,S0,B,C05,F05,S2,B,C05,same_device_diff_state_same_challenge,0.0001507756562568,frozen_lifecycle
F05,S0,B,C05,F06,S0,B,C05,diff_device_same_challenge,0.004015058702935,frozen_lifecycle
F05,S0,B,C05,F07,S0,B,C05,diff_device_same_challenge,0.0013349793694271,frozen_lifecycle
F05,S0,B,C05,F08,S0,B,C05,diff_device_same_challenge,-0.0005759320852603,frozen_lifecycle
F05,S0,B,C05,F09,S0,B,C05,diff_device_same_challenge,6.501202787734967e-05,frozen_lifecycle
F05,S0,B,C05,F10,S0,B,C05,diff_device_same_challenge,-0.0016565489596172,frozen_lifecycle
F05,S0,B,C05,F11,S0,B,C05,diff_device_same_challenge,0.0010345997151946,frozen_lifecycle
F05,S0,B,C05,F12,S0,B,C05,diff_device_same_challenge,-0.0082535273898549,frozen_lifecycle
F05,S0,B,C05,F13,S0,B,C05,diff_device_same_challenge,-0.0031583770818151,frozen_lifecycle
F05,S0,B,C05,F14,S0,B,C05,diff_device_same_challenge,0.003984845537827,frozen_lifecycle
F05,S0,B,C05,F15,S0,B,C05,diff_device_same_challenge,0.0066155171731408,frozen_lifecycle
F05,S0,B,C06,F05,S0,B,C07,same_device_same_state_diff_challenge,0.1869097690281282,frozen_lifecycle
F05,S0,B,C06,F05,S0,B,C08,same_device_same_state_diff_challenge,-0.0544170267381663,frozen_lifecycle
F05,S0,B,C06,F05,S2,B,C06,same_device_diff_state_same_challenge,-0.0063462939871774,frozen_lifecycle
F05,S0,B,C06,F06,S0,B,C06,diff_device_same_challenge,-0.0026249361831068,frozen_lifecycle
F05,S0,B,C06,F07,S0,B,C06,diff_device_same_challenge,0.0072936181198565,frozen_lifecycle
F05,S0,B,C06,F08,S0,B,C06,diff_device_same_challenge,-0.0027498181998004,frozen_lifecycle
F05,S0,B,C06,F09,S0,B,C06,diff_device_same_challenge,0.0041315367161142,frozen_lifecycle
F05,S0,B,C06,F10,S0,B,C06,diff_device_same_challenge,0.000877644204315,frozen_lifecycle
F05,S0,B,C06,F11,S0,B,C06,diff_device_same_challenge,0.001218420903327,frozen_lifecycle
F05,S0,B,C06,F12,S0,B,C06,diff_device_same_challenge,-0.0032022198783901,frozen_lifecycle
F05,S0,B,C06,F13,S0,B,C06,diff_device_same_challenge,-0.0010617420909897,frozen_lifecycle
F05,S0,B,C06,F14,S0,B,C06,diff_device_same_challenge,0.0013308744433959,frozen_lifecycle
F05,S0,B,C06,F15,S0,B,C06,diff_device_same_challenge,-0.0012682931338872,frozen_lifecycle
F05,S0,B,C07,F05,S0,B,C08,same_device_same_state_diff_challenge,0.0631758040356951,frozen_lifecycle
F05,S0,B,C07,F05,S2,B,C07,same_device_diff_state_same_challenge,-0.0002358898797427,frozen_lifecycle
F05,S0,B,C07,F06,S0,B,C07,diff_device_same_challenge,0.0012827765970762,frozen_lifecycle
F05,S0,B,C07,F07,S0,B,C07,diff_device_same_challenge,-0.0044835805690476,frozen_lifecycle
F05,S0,B,C07,F08,S0,B,C07,diff_device_same_challenge,-0.0003644973171059,frozen_lifecycle
F05,S0,B,C07,F09,S0,B,C07,diff_device_same_challenge,0.0005662700197674,frozen_lifecycle
F05,S0,B,C07,F10,S0,B,C07,diff_device_same_challenge,0.0016577875503456,frozen_lifecycle
F05,S0,B,C07,F11,S0,B,C07,diff_device_same_challenge,0.0011144814882429,frozen_lifecycle
F05,S0,B,C07,F12,S0,B,C07,diff_device_same_challenge,-0.0064715601820946,frozen_lifecycle
F05,S0,B,C07,F13,S0,B,C07,diff_device_same_challenge,0.0044245593391648,frozen_lifecycle
F05,S0,B,C07,F14,S0,B,C07,diff_device_same_challenge,-0.00505032052893,frozen_lifecycle
F05,S0,B,C07,F15,S0,B,C07,diff_device_same_challenge,0.0035486857044021,frozen_lifecycle
F05,S0,B,C08,F05,S2,B,C08,same_device_diff_state_same_challenge,-0.0064876542190861,frozen_lifecycle
F05,S0,B,C08,F06,S0,B,C08,diff_device_same_challenge,-0.0011004656387178,frozen_lifecycle
F05,S0,B,C08,F07,S0,B,C08,diff_device_same_challenge,-0.00039119092379,frozen_lifecycle
F05,S0,B,C08,F08,S0,B,C08,diff_device_same_challenge,0.0057558886945322,frozen_lifecycle
F05,S0,B,C08,F09,S0,B,C08,diff_device_same_challenge,0.003116716383997,frozen_lifecycle
F05,S0,B,C08,F10,S0,B,C08,diff_device_same_challenge,-0.0003221677722791,frozen_lifecycle
F05,S0,B,C08,F11,S0,B,C08,diff_device_same_challenge,0.0030600682880028,frozen_lifecycle
F05,S0,B,C08,F12,S0,B,C08,diff_device_same_challenge,0.0015200473533561,frozen_lifecycle
F05,S0,B,C08,F13,S0,B,C08,diff_device_same_challenge,-0.0028895652926582,frozen_lifecycle
F05,S0,B,C08,F14,S0,B,C08,diff_device_same_challenge,-0.005354585825921,frozen_lifecycle
F05,S0,B,C08,F15,S0,B,C08,diff_device_same_challenge,-0.0007861235507966,frozen_lifecycle
F05,S2,A,C01,F05,S2,A,C02,same_device_same_state_diff_challenge,-0.126768091972224,frozen_lifecycle
F05,S2,A,C01,F05,S2,A,C03,same_device_same_state_diff_challenge,-0.1658989636924472,frozen_lifecycle
F05,S2,A,C01,F05,S2,A,C04,same_device_same_state_diff_challenge,-0.1831959480773787,frozen_lifecycle
F05,S2,A,C01,F05,S2,A,C05,same_device_same_state_diff_challenge,-0.1559489979027203,frozen_lifecycle
F05,S2,A,C01,F05,S2,A,C06,same_device_same_state_diff_challenge,-0.153741845884529,frozen_lifecycle
F05,S2,A,C01,F05,S2,A,C07,same_device_same_state_diff_challenge,-0.1780951724469057,frozen_lifecycle
F05,S2,A,C01,F05,S2,A,C08,same_device_same_state_diff_challenge,-0.1358112713311229,frozen_lifecycle
F05,S2,A,C01,F05,S2,B,C01,same_device_same_state_same_challenge,0.1425958696723199,frozen_lifecycle
F05,S2,A,C01,F06,S2,A,C01,diff_device_same_challenge,-0.0082779525670557,frozen_lifecycle
F05,S2,A,C01,F07,S2,A,C01,diff_device_same_challenge,-0.0046755574542821,frozen_lifecycle
F05,S2,A,C01,F08,S2,A,C01,diff_device_same_challenge,-0.0055948200219011,frozen_lifecycle
F05,S2,A,C01,F09,S2,A,C01,diff_device_same_challenge,0.0002125262667601,frozen_lifecycle
F05,S2,A,C01,F10,S2,A,C01,diff_device_same_challenge,0.0068211171656076,frozen_lifecycle
F05,S2,A,C01,F11,S2,A,C01,diff_device_same_challenge,-0.0001271274703677,frozen_lifecycle
F05,S2,A,C01,F12,S2,A,C01,diff_device_same_challenge,0.0090106562655077,frozen_lifecycle
F05,S2,A,C01,F13,S2,A,C01,diff_device_same_challenge,-0.0041176149298316,frozen_lifecycle
F05,S2,A,C01,F14,S2,A,C01,diff_device_same_challenge,0.005832901722174,frozen_lifecycle
F05,S2,A,C01,F15,S2,A,C01,diff_device_same_challenge,0.0050161464258499,frozen_lifecycle
F05,S2,A,C02,F05,S2,A,C03,same_device_same_state_diff_challenge,-0.0948629820074252,frozen_lifecycle
F05,S2,A,C02,F05,S2,A,C04,same_device_same_state_diff_challenge,-0.1647170713794904,frozen_lifecycle
F05,S2,A,C02,F05,S2,A,C05,same_device_same_state_diff_challenge,-0.1666570597162013,frozen_lifecycle
F05,S2,A,C02,F05,S2,A,C06,same_device_same_state_diff_challenge,-0.1652780285240187,frozen_lifecycle
F05,S2,A,C02,F05,S2,A,C07,same_device_same_state_diff_challenge,-0.1863540402731748,frozen_lifecycle
F05,S2,A,C02,F05,S2,A,C08,same_device_same_state_diff_challenge,-0.173149649490841,frozen_lifecycle
F05,S2,A,C02,F05,S2,B,C02,same_device_same_state_same_challenge,0.5205293778722898,frozen_lifecycle
F05,S2,A,C02,F06,S2,A,C02,diff_device_same_challenge,0.0036656044619025,frozen_lifecycle
F05,S2,A,C02,F07,S2,A,C02,diff_device_same_challenge,-0.0007074211003462,frozen_lifecycle
F05,S2,A,C02,F08,S2,A,C02,diff_device_same_challenge,0.0046942168562233,frozen_lifecycle
F05,S2,A,C02,F09,S2,A,C02,diff_device_same_challenge,0.0017526879882922,frozen_lifecycle
F05,S2,A,C02,F10,S2,A,C02,diff_device_same_challenge,0.0055951070677276,frozen_lifecycle
F05,S2,A,C02,F11,S2,A,C02,diff_device_same_challenge,-0.0006203820803225,frozen_lifecycle
F05,S2,A,C02,F12,S2,A,C02,diff_device_same_challenge,0.0014287935590269,frozen_lifecycle
F05,S2,A,C02,F13,S2,A,C02,diff_device_same_challenge,-0.0024891437882346,frozen_lifecycle
F05,S2,A,C02,F14,S2,A,C02,diff_device_same_challenge,-0.0029995866138496,frozen_lifecycle
F05,S2,A,C02,F15,S2,A,C02,diff_device_same_challenge,0.0021196654063184,frozen_lifecycle
F05,S2,A,C03,F05,S2,A,C04,same_device_same_state_diff_challenge,0.0158301848790179,frozen_lifecycle
F05,S2,A,C03,F05,S2,A,C05,same_device_same_state_diff_challenge,-0.1831715250982847,frozen_lifecycle
F05,S2,A,C03,F05,S2,A,C06,same_device_same_state_diff_challenge,-0.1869649864577939,frozen_lifecycle
F05,S2,A,C03,F05,S2,A,C07,same_device_same_state_diff_challenge,-0.226076311636145,frozen_lifecycle
F05,S2,A,C03,F05,S2,A,C08,same_device_same_state_diff_challenge,-0.2013085635405065,frozen_lifecycle
F05,S2,A,C03,F05,S2,B,C03,same_device_same_state_same_challenge,0.6187298957717394,frozen_lifecycle
F05,S2,A,C03,F06,S2,A,C03,diff_device_same_challenge,0.0045402989557881,frozen_lifecycle
F05,S2,A,C03,F07,S2,A,C03,diff_device_same_challenge,8.563640938011613e-05,frozen_lifecycle
F05,S2,A,C03,F08,S2,A,C03,diff_device_same_challenge,-0.0016661161580057,frozen_lifecycle
F05,S2,A,C03,F09,S2,A,C03,diff_device_same_challenge,-0.0040298713167006,frozen_lifecycle
F05,S2,A,C03,F10,S2,A,C03,diff_device_same_challenge,0.0014373044501451,frozen_lifecycle
F05,S2,A,C03,F11,S2,A,C03,diff_device_same_challenge,0.0032125775364612,frozen_lifecycle
F05,S2,A,C03,F12,S2,A,C03,diff_device_same_challenge,-0.0026847525537032,frozen_lifecycle
F05,S2,A,C03,F13,S2,A,C03,diff_device_same_challenge,0.002501547499707,frozen_lifecycle
F05,S2,A,C03,F14,S2,A,C03,diff_device_same_challenge,0.0005653475588798,frozen_lifecycle
F05,S2,A,C03,F15,S2,A,C03,diff_device_same_challenge,0.0051989993867929,frozen_lifecycle
F05,S2,A,C04,F05,S2,A,C05,same_device_same_state_diff_challenge,-0.0868241213984815,frozen_lifecycle
F05,S2,A,C04,F05,S2,A,C06,same_device_same_state_diff_challenge,-0.1019836011842123,frozen_lifecycle
F05,S2,A,C04,F05,S2,A,C07,same_device_same_state_diff_challenge,-0.2224076001240935,frozen_lifecycle
F05,S2,A,C04,F05,S2,A,C08,same_device_same_state_diff_challenge,-0.2228709624589092,frozen_lifecycle
F05,S2,A,C04,F05,S2,B,C04,same_device_same_state_same_challenge,0.2764781612335817,frozen_lifecycle
F05,S2,A,C04,F06,S2,A,C04,diff_device_same_challenge,-0.0038228106732969,frozen_lifecycle
F05,S2,A,C04,F07,S2,A,C04,diff_device_same_challenge,0.0040200978293767,frozen_lifecycle
F05,S2,A,C04,F08,S2,A,C04,diff_device_same_challenge,-0.0011772047201231,frozen_lifecycle
F05,S2,A,C04,F09,S2,A,C04,diff_device_same_challenge,0.001479645954485,frozen_lifecycle
F05,S2,A,C04,F10,S2,A,C04,diff_device_same_challenge,-0.0006723243542984,frozen_lifecycle
F05,S2,A,C04,F11,S2,A,C04,diff_device_same_challenge,0.0027968270616646,frozen_lifecycle
F05,S2,A,C04,F12,S2,A,C04,diff_device_same_challenge,0.0004215161528821,frozen_lifecycle
F05,S2,A,C04,F13,S2,A,C04,diff_device_same_challenge,0.0025020956982105,frozen_lifecycle
F05,S2,A,C04,F14,S2,A,C04,diff_device_same_challenge,-0.0046242279748345,frozen_lifecycle
F05,S2,A,C04,F15,S2,A,C04,diff_device_same_challenge,0.0015499204674235,frozen_lifecycle
F05,S2,A,C05,F05,S2,A,C06,same_device_same_state_diff_challenge,0.0499126552823251,frozen_lifecycle
F05,S2,A,C05,F05,S2,A,C07,same_device_same_state_diff_challenge,-0.2365344447201424,frozen_lifecycle
F05,S2,A,C05,F05,S2,A,C08,same_device_same_state_diff_challenge,-0.2288873405595648,frozen_lifecycle
F05,S2,A,C05,F05,S2,B,C05,same_device_same_state_same_challenge,0.56761197359887,frozen_lifecycle
F05,S2,A,C05,F06,S2,A,C05,diff_device_same_challenge,8.955049315431125e-05,frozen_lifecycle
F05,S2,A,C05,F07,S2,A,C05,diff_device_same_challenge,0.0070000394722704,frozen_lifecycle
F05,S2,A,C05,F08,S2,A,C05,diff_device_same_challenge,0.0031024905692857,frozen_lifecycle
F05,S2,A,C05,F09,S2,A,C05,diff_device_same_challenge,0.0012862391086252,frozen_lifecycle
F05,S2,A,C05,F10,S2,A,C05,diff_device_same_challenge,-0.0027047885940453,frozen_lifecycle
F05,S2,A,C05,F11,S2,A,C05,diff_device_same_challenge,-0.0030459396935838,frozen_lifecycle
F05,S2,A,C05,F12,S2,A,C05,diff_device_same_challenge,0.0028286359536424,frozen_lifecycle
F05,S2,A,C05,F13,S2,A,C05,diff_device_same_challenge,0.0006079357933303,frozen_lifecycle
F05,S2,A,C05,F14,S2,A,C05,diff_device_same_challenge,0.001092003721606,frozen_lifecycle
F05,S2,A,C05,F15,S2,A,C05,diff_device_same_challenge,0.003629007270143,frozen_lifecycle
F05,S2,A,C06,F05,S2,A,C07,same_device_same_state_diff_challenge,-0.096223557298582,frozen_lifecycle
F05,S2,A,C06,F05,S2,A,C08,same_device_same_state_diff_challenge,-0.1826289787973114,frozen_lifecycle
F05,S2,A,C06,F05,S2,B,C06,same_device_same_state_same_challenge,0.728598878807782,frozen_lifecycle
F05,S2,A,C06,F06,S2,A,C06,diff_device_same_challenge,-0.00096879329689,frozen_lifecycle
F05,S2,A,C06,F07,S2,A,C06,diff_device_same_challenge,0.002151073041727,frozen_lifecycle
F05,S2,A,C06,F08,S2,A,C06,diff_device_same_challenge,0.0075281450488105,frozen_lifecycle
F05,S2,A,C06,F09,S2,A,C06,diff_device_same_challenge,0.002548313984686,frozen_lifecycle
F05,S2,A,C06,F10,S2,A,C06,diff_device_same_challenge,-0.0040069868159987,frozen_lifecycle
F05,S2,A,C06,F11,S2,A,C06,diff_device_same_challenge,0.000502734070751,frozen_lifecycle
F05,S2,A,C06,F12,S2,A,C06,diff_device_same_challenge,-0.004693057380709,frozen_lifecycle
F05,S2,A,C06,F13,S2,A,C06,diff_device_same_challenge,-0.0010522633394774,frozen_lifecycle
F05,S2,A,C06,F14,S2,A,C06,diff_device_same_challenge,-0.0030114660176911,frozen_lifecycle
F05,S2,A,C06,F15,S2,A,C06,diff_device_same_challenge,-0.000265881487644,frozen_lifecycle
F05,S2,A,C07,F05,S2,A,C08,same_device_same_state_diff_challenge,0.1810927904827795,frozen_lifecycle
F05,S2,A,C07,F05,S2,B,C07,same_device_same_state_same_challenge,0.782191593315265,frozen_lifecycle
F05,S2,A,C07,F06,S2,A,C07,diff_device_same_challenge,-0.004496759421051,frozen_lifecycle
F05,S2,A,C07,F07,S2,A,C07,diff_device_same_challenge,-0.0007629854259663,frozen_lifecycle
F05,S2,A,C07,F08,S2,A,C07,diff_device_same_challenge,-0.0038647046718659,frozen_lifecycle
F05,S2,A,C07,F09,S2,A,C07,diff_device_same_challenge,-0.0042588595785054,frozen_lifecycle
F05,S2,A,C07,F10,S2,A,C07,diff_device_same_challenge,-0.0007831592219906,frozen_lifecycle
F05,S2,A,C07,F11,S2,A,C07,diff_device_same_challenge,0.0004585543416502,frozen_lifecycle
F05,S2,A,C07,F12,S2,A,C07,diff_device_same_challenge,0.0017766932768039,frozen_lifecycle
F05,S2,A,C07,F13,S2,A,C07,diff_device_same_challenge,-0.0005951125856174,frozen_lifecycle
F05,S2,A,C07,F14,S2,A,C07,diff_device_same_challenge,0.0070714378514493,frozen_lifecycle
F05,S2,A,C07,F15,S2,A,C07,diff_device_same_challenge,0.0009188260256711,frozen_lifecycle
F05,S2,A,C08,F05,S2,B,C08,same_device_same_state_same_challenge,0.1705772913155761,frozen_lifecycle
F05,S2,A,C08,F06,S2,A,C08,diff_device_same_challenge,-0.0051000018879206,frozen_lifecycle
F05,S2,A,C08,F07,S2,A,C08,diff_device_same_challenge,-0.0033533246958985,frozen_lifecycle
F05,S2,A,C08,F08,S2,A,C08,diff_device_same_challenge,0.0017892773317319,frozen_lifecycle
F05,S2,A,C08,F09,S2,A,C08,diff_device_same_challenge,0.0030920954981372,frozen_lifecycle
F05,S2,A,C08,F10,S2,A,C08,diff_device_same_challenge,0.0002452865644937,frozen_lifecycle
F05,S2,A,C08,F11,S2,A,C08,diff_device_same_challenge,-0.0002132812459222,frozen_lifecycle
F05,S2,A,C08,F12,S2,A,C08,diff_device_same_challenge,-0.0006198222833641,frozen_lifecycle
F05,S2,A,C08,F13,S2,A,C08,diff_device_same_challenge,0.0021950287982923,frozen_lifecycle
F05,S2,A,C08,F14,S2,A,C08,diff_device_same_challenge,-0.0030011880754863,frozen_lifecycle
F05,S2,A,C08,F15,S2,A,C08,diff_device_same_challenge,-0.0013982961296445,frozen_lifecycle
F05,S2,B,C01,F05,S2,B,C02,same_device_same_state_diff_challenge,-0.066895869376246,frozen_lifecycle
F05,S2,B,C01,F05,S2,B,C03,same_device_same_state_diff_challenge,-0.0977584179018614,frozen_lifecycle
F05,S2,B,C01,F05,S2,B,C04,same_device_same_state_diff_challenge,-0.1438486396707329,frozen_lifecycle
F05,S2,B,C01,F05,S2,B,C05,same_device_same_state_diff_challenge,-0.2030261689202372,frozen_lifecycle
F05,S2,B,C01,F05,S2,B,C06,same_device_same_state_diff_challenge,-0.2350241835013417,frozen_lifecycle
F05,S2,B,C01,F05,S2,B,C07,same_device_same_state_diff_challenge,-0.1646300418743102,frozen_lifecycle
F05,S2,B,C01,F05,S2,B,C08,same_device_same_state_diff_challenge,-0.2055533995090901,frozen_lifecycle
F05,S2,B,C01,F06,S2,B,C01,diff_device_same_challenge,-0.0038868612240065,frozen_lifecycle
F05,S2,B,C01,F07,S2,B,C01,diff_device_same_challenge,-0.0038092388576557,frozen_lifecycle
F05,S2,B,C01,F08,S2,B,C01,diff_device_same_challenge,-0.0009351442128525,frozen_lifecycle
F05,S2,B,C01,F09,S2,B,C01,diff_device_same_challenge,-0.0008304329558508,frozen_lifecycle
F05,S2,B,C01,F10,S2,B,C01,diff_device_same_challenge,0.0118230802731695,frozen_lifecycle
F05,S2,B,C01,F11,S2,B,C01,diff_device_same_challenge,-0.00371542076715,frozen_lifecycle
F05,S2,B,C01,F12,S2,B,C01,diff_device_same_challenge,-0.005767302451679,frozen_lifecycle
F05,S2,B,C01,F13,S2,B,C01,diff_device_same_challenge,-0.001542315074371,frozen_lifecycle
F05,S2,B,C01,F14,S2,B,C01,diff_device_same_challenge,0.0043477325938974,frozen_lifecycle
F05,S2,B,C01,F15,S2,B,C01,diff_device_same_challenge,-0.0037448908622229,frozen_lifecycle
F05,S2,B,C02,F05,S2,B,C03,same_device_same_state_diff_challenge,-0.0588864015334669,frozen_lifecycle
F05,S2,B,C02,F05,S2,B,C04,same_device_same_state_diff_challenge,-0.144833184458558,frozen_lifecycle
F05,S2,B,C02,F05,S2,B,C05,same_device_same_state_diff_challenge,-0.2148672931664814,frozen_lifecycle
F05,S2,B,C02,F05,S2,B,C06,same_device_same_state_diff_challenge,-0.2455383844095915,frozen_lifecycle
F05,S2,B,C02,F05,S2,B,C07,same_device_same_state_diff_challenge,-0.1572943495970248,frozen_lifecycle
F05,S2,B,C02,F05,S2,B,C08,same_device_same_state_diff_challenge,-0.1944282912541239,frozen_lifecycle
F05,S2,B,C02,F06,S2,B,C02,diff_device_same_challenge,0.0011227051950082,frozen_lifecycle
F05,S2,B,C02,F07,S2,B,C02,diff_device_same_challenge,0.0008716104991385,frozen_lifecycle
F05,S2,B,C02,F08,S2,B,C02,diff_device_same_challenge,-0.0076313244290866,frozen_lifecycle
F05,S2,B,C02,F09,S2,B,C02,diff_device_same_challenge,-0.0008796951229462,frozen_lifecycle
F05,S2,B,C02,F10,S2,B,C02,diff_device_same_challenge,0.0025223237559627,frozen_lifecycle
F05,S2,B,C02,F11,S2,B,C02,diff_device_same_challenge,0.0013590283566175,frozen_lifecycle
F05,S2,B,C02,F12,S2,B,C02,diff_device_same_challenge,-0.0013832983972369,frozen_lifecycle
F05,S2,B,C02,F13,S2,B,C02,diff_device_same_challenge,-0.0009730156322902,frozen_lifecycle
F05,S2,B,C02,F14,S2,B,C02,diff_device_same_challenge,-0.0007676549844182,frozen_lifecycle
F05,S2,B,C02,F15,S2,B,C02,diff_device_same_challenge,0.0046856161207254,frozen_lifecycle
F05,S2,B,C03,F05,S2,B,C04,same_device_same_state_diff_challenge,-0.0965383342637856,frozen_lifecycle
F05,S2,B,C03,F05,S2,B,C05,same_device_same_state_diff_challenge,-0.1994843966558502,frozen_lifecycle
F05,S2,B,C03,F05,S2,B,C06,same_device_same_state_diff_challenge,-0.2389953357268984,frozen_lifecycle
F05,S2,B,C03,F05,S2,B,C07,same_device_same_state_diff_challenge,-0.1790973658863721,frozen_lifecycle
F05,S2,B,C03,F05,S2,B,C08,same_device_same_state_diff_challenge,-0.21897350616194,frozen_lifecycle
F05,S2,B,C03,F06,S2,B,C03,diff_device_same_challenge,-0.0017673216904767,frozen_lifecycle
F05,S2,B,C03,F07,S2,B,C03,diff_device_same_challenge,0.0055485739772473,frozen_lifecycle
F05,S2,B,C03,F08,S2,B,C03,diff_device_same_challenge,-0.0042206704374668,frozen_lifecycle
F05,S2,B,C03,F09,S2,B,C03,diff_device_same_challenge,-0.0017036213290325,frozen_lifecycle
F05,S2,B,C03,F10,S2,B,C03,diff_device_same_challenge,-0.0026930338169042,frozen_lifecycle
F05,S2,B,C03,F11,S2,B,C03,diff_device_same_challenge,0.0010621741771897,frozen_lifecycle
F05,S2,B,C03,F12,S2,B,C03,diff_device_same_challenge,0.0021428155683251,frozen_lifecycle
F05,S2,B,C03,F13,S2,B,C03,diff_device_same_challenge,-0.0014286197572902,frozen_lifecycle
F05,S2,B,C03,F14,S2,B,C03,diff_device_same_challenge,-0.0032732632914815,frozen_lifecycle
F05,S2,B,C03,F15,S2,B,C03,diff_device_same_challenge,-0.0003713438175309,frozen_lifecycle
F05,S2,B,C04,F05,S2,B,C05,same_device_same_state_diff_challenge,0.0319516245258792,frozen_lifecycle
F05,S2,B,C04,F05,S2,B,C06,same_device_same_state_diff_challenge,-0.16725485074645,frozen_lifecycle
F05,S2,B,C04,F05,S2,B,C07,same_device_same_state_diff_challenge,-0.2350973862725263,frozen_lifecycle
F05,S2,B,C04,F05,S2,B,C08,same_device_same_state_diff_challenge,-0.2542445622158461,frozen_lifecycle
F05,S2,B,C04,F06,S2,B,C04,diff_device_same_challenge,0.0035013448290764,frozen_lifecycle
F05,S2,B,C04,F07,S2,B,C04,diff_device_same_challenge,-0.0005091482196572,frozen_lifecycle
F05,S2,B,C04,F08,S2,B,C04,diff_device_same_challenge,-0.0032929873790013,frozen_lifecycle
F05,S2,B,C04,F09,S2,B,C04,diff_device_same_challenge,-0.0049459277485321,frozen_lifecycle
F05,S2,B,C04,F10,S2,B,C04,diff_device_same_challenge,0.004992288104064,frozen_lifecycle
F05,S2,B,C04,F11,S2,B,C04,diff_device_same_challenge,-0.0020772299876805,frozen_lifecycle
F05,S2,B,C04,F12,S2,B,C04,diff_device_same_challenge,-0.0124542772400724,frozen_lifecycle
F05,S2,B,C04,F13,S2,B,C04,diff_device_same_challenge,-0.0005761844380923,frozen_lifecycle
F05,S2,B,C04,F14,S2,B,C04,diff_device_same_challenge,-0.0008630097546071,frozen_lifecycle
F05,S2,B,C04,F15,S2,B,C04,diff_device_same_challenge,-0.000116437152134,frozen_lifecycle
F05,S2,B,C05,F05,S2,B,C06,same_device_same_state_diff_challenge,0.0821444775775315,frozen_lifecycle
F05,S2,B,C05,F05,S2,B,C07,same_device_same_state_diff_challenge,-0.2309344940484692,frozen_lifecycle
F05,S2,B,C05,F05,S2,B,C08,same_device_same_state_diff_challenge,-0.1843308775719047,frozen_lifecycle
F05,S2,B,C05,F06,S2,B,C05,diff_device_same_challenge,-0.0047364283097725,frozen_lifecycle
F05,S2,B,C05,F07,S2,B,C05,diff_device_same_challenge,0.0040356127202561,frozen_lifecycle
F05,S2,B,C05,F08,S2,B,C05,diff_device_same_challenge,0.0058400811220363,frozen_lifecycle
F05,S2,B,C05,F09,S2,B,C05,diff_device_same_challenge,-0.0010332852237161,frozen_lifecycle
F05,S2,B,C05,F10,S2,B,C05,diff_device_same_challenge,0.0007195305061336,frozen_lifecycle
F05,S2,B,C05,F11,S2,B,C05,diff_device_same_challenge,-0.0043755836570348,frozen_lifecycle
F05,S2,B,C05,F12,S2,B,C05,diff_device_same_challenge,-0.0008226097294258,frozen_lifecycle
F05,S2,B,C05,F13,S2,B,C05,diff_device_same_challenge,-0.0035732568218686,frozen_lifecycle
F05,S2,B,C05,F14,S2,B,C05,diff_device_same_challenge,0.0017848356428467,frozen_lifecycle
F05,S2,B,C05,F15,S2,B,C05,diff_device_same_challenge,-0.001439231954407,frozen_lifecycle
F05,S2,B,C06,F05,S2,B,C07,same_device_same_state_diff_challenge,-0.0979022490040563,frozen_lifecycle
F05,S2,B,C06,F05,S2,B,C08,same_device_same_state_diff_challenge,0.0166750317984074,frozen_lifecycle
F05,S2,B,C06,F06,S2,B,C06,diff_device_same_challenge,0.0036366001881049,frozen_lifecycle
F05,S2,B,C06,F07,S2,B,C06,diff_device_same_challenge,-0.001435940222926,frozen_lifecycle
F05,S2,B,C06,F08,S2,B,C06,diff_device_same_challenge,0.0082970820739635,frozen_lifecycle
F05,S2,B,C06,F09,S2,B,C06,diff_device_same_challenge,-0.0004205268750202,frozen_lifecycle
F05,S2,B,C06,F10,S2,B,C06,diff_device_same_challenge,0.0035515161857833,frozen_lifecycle
F05,S2,B,C06,F11,S2,B,C06,diff_device_same_challenge,0.0007645959681364,frozen_lifecycle
F05,S2,B,C06,F12,S2,B,C06,diff_device_same_challenge,-0.0065493058542861,frozen_lifecycle
F05,S2,B,C06,F13,S2,B,C06,diff_device_same_challenge,0.0001228385350299,frozen_lifecycle
F05,S2,B,C06,F14,S2,B,C06,diff_device_same_challenge,-0.0017010386522368,frozen_lifecycle
F05,S2,B,C06,F15,S2,B,C06,diff_device_same_challenge,0.004183419186405,frozen_lifecycle
F05,S2,B,C07,F05,S2,B,C08,same_device_same_state_diff_challenge,0.1232313121199717,frozen_lifecycle
F05,S2,B,C07,F06,S2,B,C07,diff_device_same_challenge,-0.0032173552418087,frozen_lifecycle
F05,S2,B,C07,F07,S2,B,C07,diff_device_same_challenge,-0.0022753383770339,frozen_lifecycle
F05,S2,B,C07,F08,S2,B,C07,diff_device_same_challenge,-0.0023930209163966,frozen_lifecycle
F05,S2,B,C07,F09,S2,B,C07,diff_device_same_challenge,-0.0020469013997551,frozen_lifecycle
F05,S2,B,C07,F10,S2,B,C07,diff_device_same_challenge,0.0030309317822,frozen_lifecycle
F05,S2,B,C07,F11,S2,B,C07,diff_device_same_challenge,-0.0018546879768566,frozen_lifecycle
F05,S2,B,C07,F12,S2,B,C07,diff_device_same_challenge,0.0002689524881314,frozen_lifecycle
F05,S2,B,C07,F13,S2,B,C07,diff_device_same_challenge,-0.003591966740754,frozen_lifecycle
F05,S2,B,C07,F14,S2,B,C07,diff_device_same_challenge,-0.0014604992225344,frozen_lifecycle
F05,S2,B,C07,F15,S2,B,C07,diff_device_same_challenge,0.0008415812033643,frozen_lifecycle
F05,S2,B,C08,F06,S2,B,C08,diff_device_same_challenge,-0.0010633992459945,frozen_lifecycle
F05,S2,B,C08,F07,S2,B,C08,diff_device_same_challenge,0.0019610945666126,frozen_lifecycle
F05,S2,B,C08,F08,S2,B,C08,diff_device_same_challenge,0.0002033188309734,frozen_lifecycle
F05,S2,B,C08,F09,S2,B,C08,diff_device_same_challenge,0.0052734630026419,frozen_lifecycle
F05,S2,B,C08,F10,S2,B,C08,diff_device_same_challenge,-0.0003058732926925,frozen_lifecycle
F05,S2,B,C08,F11,S2,B,C08,diff_device_same_challenge,-0.0057595369260142,frozen_lifecycle
F05,S2,B,C08,F12,S2,B,C08,diff_device_same_challenge,0.0010654453884346,frozen_lifecycle
F05,S2,B,C08,F13,S2,B,C08,diff_device_same_challenge,0.0009336097949451,frozen_lifecycle
F05,S2,B,C08,F14,S2,B,C08,diff_device_same_challenge,-0.001593073469416,frozen_lifecycle
F05,S2,B,C08,F15,S2,B,C08,diff_device_same_challenge,-0.0001251249592966,frozen_lifecycle
F06,S0,A,C01,F06,S0,A,C02,same_device_same_state_diff_challenge,-0.1182777752733956,frozen_lifecycle
F06,S0,A,C01,F06,S0,A,C03,same_device_same_state_diff_challenge,-0.1409461506095994,frozen_lifecycle
F06,S0,A,C01,F06,S0,A,C04,same_device_same_state_diff_challenge,-0.1506175684918865,frozen_lifecycle
F06,S0,A,C01,F06,S0,A,C05,same_device_same_state_diff_challenge,-0.0973248652407393,frozen_lifecycle
F06,S0,A,C01,F06,S0,A,C06,same_device_same_state_diff_challenge,-0.1772750582846456,frozen_lifecycle
F06,S0,A,C01,F06,S0,A,C07,same_device_same_state_diff_challenge,-0.182731723827359,frozen_lifecycle
F06,S0,A,C01,F06,S0,A,C08,same_device_same_state_diff_challenge,-0.1505092084772116,frozen_lifecycle
F06,S0,A,C01,F06,S0,B,C01,same_device_same_state_same_challenge,0.658700017913431,frozen_lifecycle
F06,S0,A,C01,F06,S1,A,C01,same_device_diff_state_same_challenge,-0.0065012540325879,frozen_lifecycle
F06,S0,A,C01,F06,S2,A,C01,same_device_diff_state_same_challenge,0.0010914143166083,frozen_lifecycle
F06,S0,A,C01,F07,S0,A,C01,diff_device_same_challenge,-0.0027452540946818,frozen_lifecycle
F06,S0,A,C01,F08,S0,A,C01,diff_device_same_challenge,-0.0006311627444134,frozen_lifecycle
F06,S0,A,C01,F09,S0,A,C01,diff_device_same_challenge,-0.0026335032400037,frozen_lifecycle
F06,S0,A,C01,F10,S0,A,C01,diff_device_same_challenge,-0.0049403302022673,frozen_lifecycle
F06,S0,A,C01,F11,S0,A,C01,diff_device_same_challenge,-0.0008728258946173,frozen_lifecycle
F06,S0,A,C01,F12,S0,A,C01,diff_device_same_challenge,0.001589604983264,frozen_lifecycle
F06,S0,A,C01,F13,S0,A,C01,diff_device_same_challenge,-0.0004952576988554,frozen_lifecycle
F06,S0,A,C01,F14,S0,A,C01,diff_device_same_challenge,-0.0026526827349041,frozen_lifecycle
F06,S0,A,C01,F15,S0,A,C01,diff_device_same_challenge,0.0020082533544104,frozen_lifecycle
F06,S0,A,C02,F06,S0,A,C03,same_device_same_state_diff_challenge,0.1493754240093392,frozen_lifecycle
F06,S0,A,C02,F06,S0,A,C04,same_device_same_state_diff_challenge,-0.1270437771691704,frozen_lifecycle
F06,S0,A,C02,F06,S0,A,C05,same_device_same_state_diff_challenge,-0.2298792834083761,frozen_lifecycle
F06,S0,A,C02,F06,S0,A,C06,same_device_same_state_diff_challenge,-0.2390530518907571,frozen_lifecycle
F06,S0,A,C02,F06,S0,A,C07,same_device_same_state_diff_challenge,-0.2391412207167124,frozen_lifecycle
F06,S0,A,C02,F06,S0,A,C08,same_device_same_state_diff_challenge,-0.1542882714718126,frozen_lifecycle
F06,S0,A,C02,F06,S0,B,C02,same_device_same_state_same_challenge,0.7205228535616303,frozen_lifecycle
F06,S0,A,C02,F06,S1,A,C02,same_device_diff_state_same_challenge,0.0006183196845771,frozen_lifecycle
F06,S0,A,C02,F06,S2,A,C02,same_device_diff_state_same_challenge,0.0010063403862383,frozen_lifecycle
F06,S0,A,C02,F07,S0,A,C02,diff_device_same_challenge,0.0044412862090807,frozen_lifecycle
F06,S0,A,C02,F08,S0,A,C02,diff_device_same_challenge,-0.0052762433116127,frozen_lifecycle
F06,S0,A,C02,F09,S0,A,C02,diff_device_same_challenge,0.0029806580665552,frozen_lifecycle
F06,S0,A,C02,F10,S0,A,C02,diff_device_same_challenge,-0.0061718141775418,frozen_lifecycle
F06,S0,A,C02,F11,S0,A,C02,diff_device_same_challenge,0.003750509632023,frozen_lifecycle
F06,S0,A,C02,F12,S0,A,C02,diff_device_same_challenge,-0.0030714457137415,frozen_lifecycle
F06,S0,A,C02,F13,S0,A,C02,diff_device_same_challenge,-0.0042207833501546,frozen_lifecycle
F06,S0,A,C02,F14,S0,A,C02,diff_device_same_challenge,-0.0121931240178458,frozen_lifecycle
F06,S0,A,C02,F15,S0,A,C02,diff_device_same_challenge,0.0018039281964862,frozen_lifecycle
F06,S0,A,C03,F06,S0,A,C04,same_device_same_state_diff_challenge,-0.1275719233857672,frozen_lifecycle
F06,S0,A,C03,F06,S0,A,C05,same_device_same_state_diff_challenge,-0.2166027197917195,frozen_lifecycle
F06,S0,A,C03,F06,S0,A,C06,same_device_same_state_diff_challenge,-0.2388792106812086,frozen_lifecycle
F06,S0,A,C03,F06,S0,A,C07,same_device_same_state_diff_challenge,-0.2364698338892568,frozen_lifecycle
F06,S0,A,C03,F06,S0,A,C08,same_device_same_state_diff_challenge,-0.1655650869994342,frozen_lifecycle
F06,S0,A,C03,F06,S0,B,C03,same_device_same_state_same_challenge,0.2660158331705185,frozen_lifecycle
F06,S0,A,C03,F06,S1,A,C03,same_device_diff_state_same_challenge,-0.0026990985247961,frozen_lifecycle
F06,S0,A,C03,F06,S2,A,C03,same_device_diff_state_same_challenge,-0.0009097749987538,frozen_lifecycle
F06,S0,A,C03,F07,S0,A,C03,diff_device_same_challenge,-0.0099980635735317,frozen_lifecycle
F06,S0,A,C03,F08,S0,A,C03,diff_device_same_challenge,-0.0042137140692037,frozen_lifecycle
F06,S0,A,C03,F09,S0,A,C03,diff_device_same_challenge,0.004731816493712,frozen_lifecycle
F06,S0,A,C03,F10,S0,A,C03,diff_device_same_challenge,-0.0064324755922474,frozen_lifecycle
F06,S0,A,C03,F11,S0,A,C03,diff_device_same_challenge,-0.0031026076782456,frozen_lifecycle
F06,S0,A,C03,F12,S0,A,C03,diff_device_same_challenge,0.0020398465698151,frozen_lifecycle
F06,S0,A,C03,F13,S0,A,C03,diff_device_same_challenge,0.0081846071420282,frozen_lifecycle
F06,S0,A,C03,F14,S0,A,C03,diff_device_same_challenge,-0.0007460841940433,frozen_lifecycle
F06,S0,A,C03,F15,S0,A,C03,diff_device_same_challenge,-0.0006175234561635,frozen_lifecycle
F06,S0,A,C04,F06,S0,A,C05,same_device_same_state_diff_challenge,-0.0337927994826769,frozen_lifecycle
F06,S0,A,C04,F06,S0,A,C06,same_device_same_state_diff_challenge,-0.2163261970838172,frozen_lifecycle
F06,S0,A,C04,F06,S0,A,C07,same_device_same_state_diff_challenge,-0.2157203958689205,frozen_lifecycle
F06,S0,A,C04,F06,S0,A,C08,same_device_same_state_diff_challenge,-0.1304138835304495,frozen_lifecycle
F06,S0,A,C04,F06,S0,B,C04,same_device_same_state_same_challenge,0.5763033642054999,frozen_lifecycle
F06,S0,A,C04,F06,S1,A,C04,same_device_diff_state_same_challenge,-0.0080054679848928,frozen_lifecycle
F06,S0,A,C04,F06,S2,A,C04,same_device_diff_state_same_challenge,-0.002826551069223,frozen_lifecycle
F06,S0,A,C04,F07,S0,A,C04,diff_device_same_challenge,-0.0037446584504615,frozen_lifecycle
F06,S0,A,C04,F08,S0,A,C04,diff_device_same_challenge,0.0035768434203704,frozen_lifecycle
F06,S0,A,C04,F09,S0,A,C04,diff_device_same_challenge,8.848133743555652e-05,frozen_lifecycle
F06,S0,A,C04,F10,S0,A,C04,diff_device_same_challenge,-0.004742008348556,frozen_lifecycle
F06,S0,A,C04,F11,S0,A,C04,diff_device_same_challenge,-0.0005026324828021,frozen_lifecycle
F06,S0,A,C04,F12,S0,A,C04,diff_device_same_challenge,-0.0034848611336242,frozen_lifecycle
F06,S0,A,C04,F13,S0,A,C04,diff_device_same_challenge,-0.002209602368399,frozen_lifecycle
F06,S0,A,C04,F14,S0,A,C04,diff_device_same_challenge,-0.0033140600138683,frozen_lifecycle
F06,S0,A,C04,F15,S0,A,C04,diff_device_same_challenge,-0.0021246344872835,frozen_lifecycle
F06,S0,A,C05,F06,S0,A,C06,same_device_same_state_diff_challenge,-0.1076517194993261,frozen_lifecycle
F06,S0,A,C05,F06,S0,A,C07,same_device_same_state_diff_challenge,-0.145979779821007,frozen_lifecycle
F06,S0,A,C05,F06,S0,A,C08,same_device_same_state_diff_challenge,-0.167823214795653,frozen_lifecycle
F06,S0,A,C05,F06,S0,B,C05,same_device_same_state_same_challenge,0.4077758518347738,frozen_lifecycle
F06,S0,A,C05,F06,S1,A,C05,same_device_diff_state_same_challenge,0.0037438179971271,frozen_lifecycle
F06,S0,A,C05,F06,S2,A,C05,same_device_diff_state_same_challenge,-0.0018302144375714,frozen_lifecycle
F06,S0,A,C05,F07,S0,A,C05,diff_device_same_challenge,-0.0007004351766404,frozen_lifecycle
F06,S0,A,C05,F08,S0,A,C05,diff_device_same_challenge,-0.00332218272747,frozen_lifecycle
F06,S0,A,C05,F09,S0,A,C05,diff_device_same_challenge,-0.0035725048891979,frozen_lifecycle
F06,S0,A,C05,F10,S0,A,C05,diff_device_same_challenge,-0.0018644415981938,frozen_lifecycle
F06,S0,A,C05,F11,S0,A,C05,diff_device_same_challenge,-0.0003136526567152,frozen_lifecycle
F06,S0,A,C05,F12,S0,A,C05,diff_device_same_challenge,0.001181070462448,frozen_lifecycle
F06,S0,A,C05,F13,S0,A,C05,diff_device_same_challenge,-0.0014206218403152,frozen_lifecycle
F06,S0,A,C05,F14,S0,A,C05,diff_device_same_challenge,-0.0037597143776255,frozen_lifecycle
F06,S0,A,C05,F15,S0,A,C05,diff_device_same_challenge,-0.0038786620617457,frozen_lifecycle
F06,S0,A,C06,F06,S0,A,C07,same_device_same_state_diff_challenge,0.1715387583696835,frozen_lifecycle
F06,S0,A,C06,F06,S0,A,C08,same_device_same_state_diff_challenge,-0.1627509264339166,frozen_lifecycle
F06,S0,A,C06,F06,S0,B,C06,same_device_same_state_same_challenge,0.8756634176720289,frozen_lifecycle
F06,S0,A,C06,F06,S1,A,C06,same_device_diff_state_same_challenge,-0.0002474464702991,frozen_lifecycle
F06,S0,A,C06,F06,S2,A,C06,same_device_diff_state_same_challenge,0.0033287967443115,frozen_lifecycle
F06,S0,A,C06,F07,S0,A,C06,diff_device_same_challenge,-0.0004858244315676,frozen_lifecycle
F06,S0,A,C06,F08,S0,A,C06,diff_device_same_challenge,0.0021462064596506,frozen_lifecycle
F06,S0,A,C06,F09,S0,A,C06,diff_device_same_challenge,0.0037295478865433,frozen_lifecycle
F06,S0,A,C06,F10,S0,A,C06,diff_device_same_challenge,-0.0001273555069973,frozen_lifecycle
F06,S0,A,C06,F11,S0,A,C06,diff_device_same_challenge,-0.0011904883049827,frozen_lifecycle
F06,S0,A,C06,F12,S0,A,C06,diff_device_same_challenge,-0.0015632428401692,frozen_lifecycle
F06,S0,A,C06,F13,S0,A,C06,diff_device_same_challenge,-0.003854696828466,frozen_lifecycle
F06,S0,A,C06,F14,S0,A,C06,diff_device_same_challenge,-0.0007994593248807,frozen_lifecycle
F06,S0,A,C06,F15,S0,A,C06,diff_device_same_challenge,-0.0024302547718113,frozen_lifecycle
F06,S0,A,C07,F06,S0,A,C08,same_device_same_state_diff_challenge,-0.1443599236582089,frozen_lifecycle
F06,S0,A,C07,F06,S0,B,C07,same_device_same_state_same_challenge,0.5405928697132455,frozen_lifecycle
F06,S0,A,C07,F06,S1,A,C07,same_device_diff_state_same_challenge,-0.0002592115138598,frozen_lifecycle
F06,S0,A,C07,F06,S2,A,C07,same_device_diff_state_same_challenge,0.0086493498811883,frozen_lifecycle
F06,S0,A,C07,F07,S0,A,C07,diff_device_same_challenge,-0.0005498905750237,frozen_lifecycle
F06,S0,A,C07,F08,S0,A,C07,diff_device_same_challenge,0.0008255546912871,frozen_lifecycle
F06,S0,A,C07,F09,S0,A,C07,diff_device_same_challenge,0.00590088513495,frozen_lifecycle
F06,S0,A,C07,F10,S0,A,C07,diff_device_same_challenge,-0.0047554067006683,frozen_lifecycle
F06,S0,A,C07,F11,S0,A,C07,diff_device_same_challenge,0.0019484370060089,frozen_lifecycle
F06,S0,A,C07,F12,S0,A,C07,diff_device_same_challenge,0.0003463569136876,frozen_lifecycle
F06,S0,A,C07,F13,S0,A,C07,diff_device_same_challenge,-0.0042624653601115,frozen_lifecycle
F06,S0,A,C07,F14,S0,A,C07,diff_device_same_challenge,2.9322294059319217e-05,frozen_lifecycle
F06,S0,A,C07,F15,S0,A,C07,diff_device_same_challenge,0.0040536613054238,frozen_lifecycle
F06,S0,A,C08,F06,S0,B,C08,same_device_same_state_same_challenge,0.4620233574173734,frozen_lifecycle
F06,S0,A,C08,F06,S1,A,C08,same_device_diff_state_same_challenge,-0.0104177406494571,frozen_lifecycle
F06,S0,A,C08,F06,S2,A,C08,same_device_diff_state_same_challenge,-0.0012668755189561,frozen_lifecycle
F06,S0,A,C08,F07,S0,A,C08,diff_device_same_challenge,-0.0008051805334063,frozen_lifecycle
F06,S0,A,C08,F08,S0,A,C08,diff_device_same_challenge,-6.995931545542425e-05,frozen_lifecycle
F06,S0,A,C08,F09,S0,A,C08,diff_device_same_challenge,-0.0033698208602011,frozen_lifecycle
F06,S0,A,C08,F10,S0,A,C08,diff_device_same_challenge,-0.0019326267084586,frozen_lifecycle
F06,S0,A,C08,F11,S0,A,C08,diff_device_same_challenge,-0.0069973220051383,frozen_lifecycle
F06,S0,A,C08,F12,S0,A,C08,diff_device_same_challenge,0.0017714616992499,frozen_lifecycle
F06,S0,A,C08,F13,S0,A,C08,diff_device_same_challenge,-0.0041070439293965,frozen_lifecycle
F06,S0,A,C08,F14,S0,A,C08,diff_device_same_challenge,-0.000258851549507,frozen_lifecycle
F06,S0,A,C08,F15,S0,A,C08,diff_device_same_challenge,-0.0008811504360316,frozen_lifecycle
F06,S0,B,C01,F06,S0,B,C02,same_device_same_state_diff_challenge,-0.0286772796967045,frozen_lifecycle
F06,S0,B,C01,F06,S0,B,C03,same_device_same_state_diff_challenge,-0.1821775616173176,frozen_lifecycle
F06,S0,B,C01,F06,S0,B,C04,same_device_same_state_diff_challenge,-0.1602841704822437,frozen_lifecycle
F06,S0,B,C01,F06,S0,B,C05,same_device_same_state_diff_challenge,-0.1550264667195416,frozen_lifecycle
F06,S0,B,C01,F06,S0,B,C06,same_device_same_state_diff_challenge,-0.1841789484579357,frozen_lifecycle
F06,S0,B,C01,F06,S0,B,C07,same_device_same_state_diff_challenge,-0.1705052106110633,frozen_lifecycle
F06,S0,B,C01,F06,S0,B,C08,same_device_same_state_diff_challenge,-0.1250023397473183,frozen_lifecycle
F06,S0,B,C01,F06,S1,B,C01,same_device_diff_state_same_challenge,-0.0025391166491143,frozen_lifecycle
F06,S0,B,C01,F06,S2,B,C01,same_device_diff_state_same_challenge,0.0064312521244786,frozen_lifecycle
F06,S0,B,C01,F07,S0,B,C01,diff_device_same_challenge,0.0029276318043144,frozen_lifecycle
F06,S0,B,C01,F08,S0,B,C01,diff_device_same_challenge,-0.0032035381312182,frozen_lifecycle
F06,S0,B,C01,F09,S0,B,C01,diff_device_same_challenge,-0.0040999746416469,frozen_lifecycle
F06,S0,B,C01,F10,S0,B,C01,diff_device_same_challenge,-0.0079583923760933,frozen_lifecycle
F06,S0,B,C01,F11,S0,B,C01,diff_device_same_challenge,-0.0024141338772809,frozen_lifecycle
F06,S0,B,C01,F12,S0,B,C01,diff_device_same_challenge,0.0007095381352609,frozen_lifecycle
F06,S0,B,C01,F13,S0,B,C01,diff_device_same_challenge,0.0027098887778243,frozen_lifecycle
F06,S0,B,C01,F14,S0,B,C01,diff_device_same_challenge,0.0025748030235029,frozen_lifecycle
F06,S0,B,C01,F15,S0,B,C01,diff_device_same_challenge,-0.0004820486857525,frozen_lifecycle
F06,S0,B,C02,F06,S0,B,C03,same_device_same_state_diff_challenge,-0.0077368712453354,frozen_lifecycle
F06,S0,B,C02,F06,S0,B,C04,same_device_same_state_diff_challenge,-0.1680671203008298,frozen_lifecycle
F06,S0,B,C02,F06,S0,B,C05,same_device_same_state_diff_challenge,-0.2315524257042922,frozen_lifecycle
F06,S0,B,C02,F06,S0,B,C06,same_device_same_state_diff_challenge,-0.2476826467604013,frozen_lifecycle
F06,S0,B,C02,F06,S0,B,C07,same_device_same_state_diff_challenge,-0.2061977860400969,frozen_lifecycle
F06,S0,B,C02,F06,S0,B,C08,same_device_same_state_diff_challenge,-0.1406694966436253,frozen_lifecycle
F06,S0,B,C02,F06,S1,B,C02,same_device_diff_state_same_challenge,-0.0024746827047871,frozen_lifecycle
F06,S0,B,C02,F06,S2,B,C02,same_device_diff_state_same_challenge,-0.0009760009624752,frozen_lifecycle
F06,S0,B,C02,F07,S0,B,C02,diff_device_same_challenge,0.0095486660334859,frozen_lifecycle
F06,S0,B,C02,F08,S0,B,C02,diff_device_same_challenge,-0.0060032671690634,frozen_lifecycle
F06,S0,B,C02,F09,S0,B,C02,diff_device_same_challenge,0.0056231539366028,frozen_lifecycle
F06,S0,B,C02,F10,S0,B,C02,diff_device_same_challenge,0.0002857869375565,frozen_lifecycle
F06,S0,B,C02,F11,S0,B,C02,diff_device_same_challenge,0.0024573226496146,frozen_lifecycle
F06,S0,B,C02,F12,S0,B,C02,diff_device_same_challenge,0.0020991332916845,frozen_lifecycle
F06,S0,B,C02,F13,S0,B,C02,diff_device_same_challenge,-0.0007915952465111,frozen_lifecycle
F06,S0,B,C02,F14,S0,B,C02,diff_device_same_challenge,-0.0016086044400577,frozen_lifecycle
F06,S0,B,C02,F15,S0,B,C02,diff_device_same_challenge,-0.0002400754987077,frozen_lifecycle
F06,S0,B,C03,F06,S0,B,C04,same_device_same_state_diff_challenge,0.0628142159489882,frozen_lifecycle
F06,S0,B,C03,F06,S0,B,C05,same_device_same_state_diff_challenge,-0.2394099849084755,frozen_lifecycle
F06,S0,B,C03,F06,S0,B,C06,same_device_same_state_diff_challenge,-0.2568189434196397,frozen_lifecycle
F06,S0,B,C03,F06,S0,B,C07,same_device_same_state_diff_challenge,-0.2576805960442057,frozen_lifecycle
F06,S0,B,C03,F06,S0,B,C08,same_device_same_state_diff_challenge,-0.1461142076209394,frozen_lifecycle
F06,S0,B,C03,F06,S1,B,C03,same_device_diff_state_same_challenge,-0.0010693367948579,frozen_lifecycle
F06,S0,B,C03,F06,S2,B,C03,same_device_diff_state_same_challenge,0.0046858577576263,frozen_lifecycle
F06,S0,B,C03,F07,S0,B,C03,diff_device_same_challenge,0.0013890305299578,frozen_lifecycle
F06,S0,B,C03,F08,S0,B,C03,diff_device_same_challenge,0.003494283436944,frozen_lifecycle
F06,S0,B,C03,F09,S0,B,C03,diff_device_same_challenge,0.0055139083948515,frozen_lifecycle
F06,S0,B,C03,F10,S0,B,C03,diff_device_same_challenge,0.0033568105134487,frozen_lifecycle
F06,S0,B,C03,F11,S0,B,C03,diff_device_same_challenge,-0.0052935174707033,frozen_lifecycle
F06,S0,B,C03,F12,S0,B,C03,diff_device_same_challenge,-0.0001943811021582,frozen_lifecycle
F06,S0,B,C03,F13,S0,B,C03,diff_device_same_challenge,0.0015243523134097,frozen_lifecycle
F06,S0,B,C03,F14,S0,B,C03,diff_device_same_challenge,-0.0023479573067565,frozen_lifecycle
F06,S0,B,C03,F15,S0,B,C03,diff_device_same_challenge,-7.082583517250505e-05,frozen_lifecycle
F06,S0,B,C04,F06,S0,B,C05,same_device_same_state_diff_challenge,-0.1452307603513024,frozen_lifecycle
F06,S0,B,C04,F06,S0,B,C06,same_device_same_state_diff_challenge,-0.2157464035004376,frozen_lifecycle
F06,S0,B,C04,F06,S0,B,C07,same_device_same_state_diff_challenge,-0.232117423800852,frozen_lifecycle
F06,S0,B,C04,F06,S0,B,C08,same_device_same_state_diff_challenge,-0.1415050449102633,frozen_lifecycle
F06,S0,B,C04,F06,S1,B,C04,same_device_diff_state_same_challenge,0.0062837953898805,frozen_lifecycle
F06,S0,B,C04,F06,S2,B,C04,same_device_diff_state_same_challenge,-0.0015645960111211,frozen_lifecycle
F06,S0,B,C04,F07,S0,B,C04,diff_device_same_challenge,-0.0048303813200255,frozen_lifecycle
F06,S0,B,C04,F08,S0,B,C04,diff_device_same_challenge,0.0030360220059478,frozen_lifecycle
F06,S0,B,C04,F09,S0,B,C04,diff_device_same_challenge,-0.0021340320923557,frozen_lifecycle
F06,S0,B,C04,F10,S0,B,C04,diff_device_same_challenge,-0.0075875987251009,frozen_lifecycle
F06,S0,B,C04,F11,S0,B,C04,diff_device_same_challenge,-0.0022629669390447,frozen_lifecycle
F06,S0,B,C04,F12,S0,B,C04,diff_device_same_challenge,-0.0026759002616306,frozen_lifecycle
F06,S0,B,C04,F13,S0,B,C04,diff_device_same_challenge,-0.0055669520901546,frozen_lifecycle
F06,S0,B,C04,F14,S0,B,C04,diff_device_same_challenge,0.0013922720943684,frozen_lifecycle
F06,S0,B,C04,F15,S0,B,C04,diff_device_same_challenge,-0.0030481551515127,frozen_lifecycle
F06,S0,B,C05,F06,S0,B,C06,same_device_same_state_diff_challenge,0.0450923681120842,frozen_lifecycle
F06,S0,B,C05,F06,S0,B,C07,same_device_same_state_diff_challenge,0.0066542543318287,frozen_lifecycle
F06,S0,B,C05,F06,S0,B,C08,same_device_same_state_diff_challenge,-0.1964931787320589,frozen_lifecycle
F06,S0,B,C05,F06,S1,B,C05,same_device_diff_state_same_challenge,0.0117603650683947,frozen_lifecycle
F06,S0,B,C05,F06,S2,B,C05,same_device_diff_state_same_challenge,0.0017715253489985,frozen_lifecycle
F06,S0,B,C05,F07,S0,B,C05,diff_device_same_challenge,0.0003962027368034,frozen_lifecycle
F06,S0,B,C05,F08,S0,B,C05,diff_device_same_challenge,0.0007535551641156,frozen_lifecycle
F06,S0,B,C05,F09,S0,B,C05,diff_device_same_challenge,0.0051414798057887,frozen_lifecycle
F06,S0,B,C05,F10,S0,B,C05,diff_device_same_challenge,0.0054770499666582,frozen_lifecycle
F06,S0,B,C05,F11,S0,B,C05,diff_device_same_challenge,0.000747687790624,frozen_lifecycle
F06,S0,B,C05,F12,S0,B,C05,diff_device_same_challenge,0.0025281721481824,frozen_lifecycle
F06,S0,B,C05,F13,S0,B,C05,diff_device_same_challenge,-0.0061626207087219,frozen_lifecycle
F06,S0,B,C05,F14,S0,B,C05,diff_device_same_challenge,0.0003854010091146,frozen_lifecycle
F06,S0,B,C05,F15,S0,B,C05,diff_device_same_challenge,-0.0035843427785416,frozen_lifecycle
F06,S0,B,C06,F06,S0,B,C07,same_device_same_state_diff_challenge,0.0963126126850636,frozen_lifecycle
F06,S0,B,C06,F06,S0,B,C08,same_device_same_state_diff_challenge,-0.1746885262819371,frozen_lifecycle
F06,S0,B,C06,F06,S1,B,C06,same_device_diff_state_same_challenge,0.0008898310048232,frozen_lifecycle
F06,S0,B,C06,F06,S2,B,C06,same_device_diff_state_same_challenge,0.0052760179202926,frozen_lifecycle
F06,S0,B,C06,F07,S0,B,C06,diff_device_same_challenge,0.007312705343785,frozen_lifecycle
F06,S0,B,C06,F08,S0,B,C06,diff_device_same_challenge,-0.0006297770882372,frozen_lifecycle
F06,S0,B,C06,F09,S0,B,C06,diff_device_same_challenge,0.0007542999253671,frozen_lifecycle
F06,S0,B,C06,F10,S0,B,C06,diff_device_same_challenge,0.0015189781062547,frozen_lifecycle
F06,S0,B,C06,F11,S0,B,C06,diff_device_same_challenge,0.0016103573282239,frozen_lifecycle
F06,S0,B,C06,F12,S0,B,C06,diff_device_same_challenge,0.0025985726336478,frozen_lifecycle
F06,S0,B,C06,F13,S0,B,C06,diff_device_same_challenge,0.0016370644835733,frozen_lifecycle
F06,S0,B,C06,F14,S0,B,C06,diff_device_same_challenge,0.0009402338471398,frozen_lifecycle
F06,S0,B,C06,F15,S0,B,C06,diff_device_same_challenge,0.0007119814605547,frozen_lifecycle
F06,S0,B,C07,F06,S0,B,C08,same_device_same_state_diff_challenge,-0.187570060208575,frozen_lifecycle
F06,S0,B,C07,F06,S1,B,C07,same_device_diff_state_same_challenge,-0.0001694367967446,frozen_lifecycle
F06,S0,B,C07,F06,S2,B,C07,same_device_diff_state_same_challenge,0.0053707366361553,frozen_lifecycle
F06,S0,B,C07,F07,S0,B,C07,diff_device_same_challenge,-0.0014834815895758,frozen_lifecycle
F06,S0,B,C07,F08,S0,B,C07,diff_device_same_challenge,0.0047095999912292,frozen_lifecycle
F06,S0,B,C07,F09,S0,B,C07,diff_device_same_challenge,0.0036782720544024,frozen_lifecycle
F06,S0,B,C07,F10,S0,B,C07,diff_device_same_challenge,0.0026932079377876,frozen_lifecycle
F06,S0,B,C07,F11,S0,B,C07,diff_device_same_challenge,0.0019392738721419,frozen_lifecycle
F06,S0,B,C07,F12,S0,B,C07,diff_device_same_challenge,0.0068412129126277,frozen_lifecycle
F06,S0,B,C07,F13,S0,B,C07,diff_device_same_challenge,-0.000921768292509,frozen_lifecycle
F06,S0,B,C07,F14,S0,B,C07,diff_device_same_challenge,-0.0080023322552839,frozen_lifecycle
F06,S0,B,C07,F15,S0,B,C07,diff_device_same_challenge,0.0054775947876051,frozen_lifecycle
F06,S0,B,C08,F06,S1,B,C08,same_device_diff_state_same_challenge,-0.0032059344826959,frozen_lifecycle
F06,S0,B,C08,F06,S2,B,C08,same_device_diff_state_same_challenge,0.0051843735715015,frozen_lifecycle
F06,S0,B,C08,F07,S0,B,C08,diff_device_same_challenge,-0.0114459837325526,frozen_lifecycle
F06,S0,B,C08,F08,S0,B,C08,diff_device_same_challenge,-0.0043606148121683,frozen_lifecycle
F06,S0,B,C08,F09,S0,B,C08,diff_device_same_challenge,-0.0019810310556909,frozen_lifecycle
F06,S0,B,C08,F10,S0,B,C08,diff_device_same_challenge,-0.0016907134082821,frozen_lifecycle
F06,S0,B,C08,F11,S0,B,C08,diff_device_same_challenge,-0.0026697507811102,frozen_lifecycle
F06,S0,B,C08,F12,S0,B,C08,diff_device_same_challenge,-0.0023490412046716,frozen_lifecycle
F06,S0,B,C08,F13,S0,B,C08,diff_device_same_challenge,-0.0007708740241101,frozen_lifecycle
F06,S0,B,C08,F14,S0,B,C08,diff_device_same_challenge,0.0045149089199954,frozen_lifecycle
F06,S0,B,C08,F15,S0,B,C08,diff_device_same_challenge,0.002376408851614,frozen_lifecycle
F06,S1,A,C01,F06,S1,A,C02,same_device_same_state_diff_challenge,-0.0695382716943731,frozen_lifecycle
F06,S1,A,C01,F06,S1,A,C03,same_device_same_state_diff_challenge,-0.1342508106729663,frozen_lifecycle
F06,S1,A,C01,F06,S1,A,C04,same_device_same_state_diff_challenge,-0.1281440650391787,frozen_lifecycle
F06,S1,A,C01,F06,S1,A,C05,same_device_same_state_diff_challenge,-0.1465347185491909,frozen_lifecycle
F06,S1,A,C01,F06,S1,A,C06,same_device_same_state_diff_challenge,-0.1883549726594384,frozen_lifecycle
F06,S1,A,C01,F06,S1,A,C07,same_device_same_state_diff_challenge,-0.1897776531108353,frozen_lifecycle
F06,S1,A,C01,F06,S1,A,C08,same_device_same_state_diff_challenge,-0.1517324706101932,frozen_lifecycle
F06,S1,A,C01,F06,S1,B,C01,same_device_same_state_same_challenge,0.2256946079800647,frozen_lifecycle
F06,S1,A,C01,F06,S2,A,C01,same_device_diff_state_same_challenge,-0.0058547518620477,frozen_lifecycle
F06,S1,A,C01,F07,S1,A,C01,diff_device_same_challenge,0.0020506851662221,frozen_lifecycle
F06,S1,A,C01,F08,S1,A,C01,diff_device_same_challenge,-0.0018123963433248,frozen_lifecycle
F06,S1,A,C01,F09,S1,A,C01,diff_device_same_challenge,-0.0060782989745614,frozen_lifecycle
F06,S1,A,C01,F10,S1,A,C01,diff_device_same_challenge,0.0035194234289471,frozen_lifecycle
F06,S1,A,C01,F11,S1,A,C01,diff_device_same_challenge,-0.003625649449011,frozen_lifecycle
F06,S1,A,C01,F12,S1,A,C01,diff_device_same_challenge,0.0029176919164346,frozen_lifecycle
F06,S1,A,C01,F13,S1,A,C01,diff_device_same_challenge,0.0037543563985002,frozen_lifecycle
F06,S1,A,C01,F14,S1,A,C01,diff_device_same_challenge,0.0046498763758535,frozen_lifecycle
F06,S1,A,C01,F15,S1,A,C01,diff_device_same_challenge,-0.0013587432497705,frozen_lifecycle
F06,S1,A,C02,F06,S1,A,C03,same_device_same_state_diff_challenge,-0.0939352213478569,frozen_lifecycle
F06,S1,A,C02,F06,S1,A,C04,same_device_same_state_diff_challenge,-0.1222037508893199,frozen_lifecycle
F06,S1,A,C02,F06,S1,A,C05,same_device_same_state_diff_challenge,-0.1552748393077609,frozen_lifecycle
F06,S1,A,C02,F06,S1,A,C06,same_device_same_state_diff_challenge,-0.1820002677773866,frozen_lifecycle
F06,S1,A,C02,F06,S1,A,C07,same_device_same_state_diff_challenge,-0.2058264706314894,frozen_lifecycle
F06,S1,A,C02,F06,S1,A,C08,same_device_same_state_diff_challenge,-0.1622076042637831,frozen_lifecycle
F06,S1,A,C02,F06,S1,B,C02,same_device_same_state_same_challenge,0.1609354287097241,frozen_lifecycle
F06,S1,A,C02,F06,S2,A,C02,same_device_diff_state_same_challenge,-0.009753195836378,frozen_lifecycle
F06,S1,A,C02,F07,S1,A,C02,diff_device_same_challenge,-0.0022218395620847,frozen_lifecycle
F06,S1,A,C02,F08,S1,A,C02,diff_device_same_challenge,0.0034617181728069,frozen_lifecycle
F06,S1,A,C02,F09,S1,A,C02,diff_device_same_challenge,0.0008045885562705,frozen_lifecycle
F06,S1,A,C02,F10,S1,A,C02,diff_device_same_challenge,-0.0017777928765418,frozen_lifecycle
F06,S1,A,C02,F11,S1,A,C02,diff_device_same_challenge,0.0023323949264598,frozen_lifecycle
F06,S1,A,C02,F12,S1,A,C02,diff_device_same_challenge,-0.0062302681672338,frozen_lifecycle
F06,S1,A,C02,F13,S1,A,C02,diff_device_same_challenge,0.0002402010557629,frozen_lifecycle
F06,S1,A,C02,F14,S1,A,C02,diff_device_same_challenge,-0.0031024006650802,frozen_lifecycle
F06,S1,A,C02,F15,S1,A,C02,diff_device_same_challenge,0.0054834958495129,frozen_lifecycle
F06,S1,A,C03,F06,S1,A,C04,same_device_same_state_diff_challenge,-0.1609414213118934,frozen_lifecycle
F06,S1,A,C03,F06,S1,A,C05,same_device_same_state_diff_challenge,-0.1826591855270992,frozen_lifecycle
F06,S1,A,C03,F06,S1,A,C06,same_device_same_state_diff_challenge,-0.130064903913113,frozen_lifecycle
F06,S1,A,C03,F06,S1,A,C07,same_device_same_state_diff_challenge,-0.1499132005992146,frozen_lifecycle
F06,S1,A,C03,F06,S1,A,C08,same_device_same_state_diff_challenge,-0.1526601358413231,frozen_lifecycle
F06,S1,A,C03,F06,S1,B,C03,same_device_same_state_same_challenge,0.4835706804454818,frozen_lifecycle
F06,S1,A,C03,F06,S2,A,C03,same_device_diff_state_same_challenge,-0.0067186666906888,frozen_lifecycle
F06,S1,A,C03,F07,S1,A,C03,diff_device_same_challenge,0.0059801226279256,frozen_lifecycle
F06,S1,A,C03,F08,S1,A,C03,diff_device_same_challenge,-0.0125115812330308,frozen_lifecycle
F06,S1,A,C03,F09,S1,A,C03,diff_device_same_challenge,0.0075334250811412,frozen_lifecycle
F06,S1,A,C03,F10,S1,A,C03,diff_device_same_challenge,0.0071722133037207,frozen_lifecycle
F06,S1,A,C03,F11,S1,A,C03,diff_device_same_challenge,-0.0008143149292111,frozen_lifecycle
F06,S1,A,C03,F12,S1,A,C03,diff_device_same_challenge,-0.0027831290555055,frozen_lifecycle
F06,S1,A,C03,F13,S1,A,C03,diff_device_same_challenge,-0.0007049981638249,frozen_lifecycle
F06,S1,A,C03,F14,S1,A,C03,diff_device_same_challenge,-0.0039460503041885,frozen_lifecycle
F06,S1,A,C03,F15,S1,A,C03,diff_device_same_challenge,0.0047242154829302,frozen_lifecycle
F06,S1,A,C04,F06,S1,A,C05,same_device_same_state_diff_challenge,0.0028836160287797,frozen_lifecycle
F06,S1,A,C04,F06,S1,A,C06,same_device_same_state_diff_challenge,-0.2244627750257941,frozen_lifecycle
F06,S1,A,C04,F06,S1,A,C07,same_device_same_state_diff_challenge,-0.2325285711210114,frozen_lifecycle
F06,S1,A,C04,F06,S1,A,C08,same_device_same_state_diff_challenge,-0.156670624754419,frozen_lifecycle
F06,S1,A,C04,F06,S1,B,C04,same_device_same_state_same_challenge,0.4133188241221671,frozen_lifecycle
F06,S1,A,C04,F06,S2,A,C04,same_device_diff_state_same_challenge,2.931436152189119e-05,frozen_lifecycle
F06,S1,A,C04,F07,S1,A,C04,diff_device_same_challenge,0.0009993098433941,frozen_lifecycle
F06,S1,A,C04,F08,S1,A,C04,diff_device_same_challenge,-0.0012210536891114,frozen_lifecycle
F06,S1,A,C04,F09,S1,A,C04,diff_device_same_challenge,0.0022546526517838,frozen_lifecycle
F06,S1,A,C04,F10,S1,A,C04,diff_device_same_challenge,-0.0008670845583068,frozen_lifecycle
F06,S1,A,C04,F11,S1,A,C04,diff_device_same_challenge,-0.0086965119824638,frozen_lifecycle
F06,S1,A,C04,F12,S1,A,C04,diff_device_same_challenge,0.0055984127986472,frozen_lifecycle
F06,S1,A,C04,F13,S1,A,C04,diff_device_same_challenge,-0.0071182830721191,frozen_lifecycle
F06,S1,A,C04,F14,S1,A,C04,diff_device_same_challenge,-0.0004923545563616,frozen_lifecycle
F06,S1,A,C04,F15,S1,A,C04,diff_device_same_challenge,0.0027949838804056,frozen_lifecycle
F06,S1,A,C05,F06,S1,A,C06,same_device_same_state_diff_challenge,-0.0791601068757687,frozen_lifecycle
F06,S1,A,C05,F06,S1,A,C07,same_device_same_state_diff_challenge,-0.2399267987288398,frozen_lifecycle
F06,S1,A,C05,F06,S1,A,C08,same_device_same_state_diff_challenge,-0.2021271305157135,frozen_lifecycle
F06,S1,A,C05,F06,S1,B,C05,same_device_same_state_same_challenge,0.7405891388118863,frozen_lifecycle
F06,S1,A,C05,F06,S2,A,C05,same_device_diff_state_same_challenge,-0.0114787512382504,frozen_lifecycle
F06,S1,A,C05,F07,S1,A,C05,diff_device_same_challenge,-0.0028459139673745,frozen_lifecycle
F06,S1,A,C05,F08,S1,A,C05,diff_device_same_challenge,-0.0046955386186574,frozen_lifecycle
F06,S1,A,C05,F09,S1,A,C05,diff_device_same_challenge,0.0026693032632124,frozen_lifecycle
F06,S1,A,C05,F10,S1,A,C05,diff_device_same_challenge,-0.0066304495301554,frozen_lifecycle
F06,S1,A,C05,F11,S1,A,C05,diff_device_same_challenge,-0.0008289531523317,frozen_lifecycle
F06,S1,A,C05,F12,S1,A,C05,diff_device_same_challenge,0.0011968162954805,frozen_lifecycle
F06,S1,A,C05,F13,S1,A,C05,diff_device_same_challenge,-0.0020019899030208,frozen_lifecycle
F06,S1,A,C05,F14,S1,A,C05,diff_device_same_challenge,0.0033155626154112,frozen_lifecycle
F06,S1,A,C05,F15,S1,A,C05,diff_device_same_challenge,0.0089891580670298,frozen_lifecycle
F06,S1,A,C06,F06,S1,A,C07,same_device_same_state_diff_challenge,0.0322250587934221,frozen_lifecycle
F06,S1,A,C06,F06,S1,A,C08,same_device_same_state_diff_challenge,-0.1970355587829509,frozen_lifecycle
F06,S1,A,C06,F06,S1,B,C06,same_device_same_state_same_challenge,0.8669057342049428,frozen_lifecycle
F06,S1,A,C06,F06,S2,A,C06,same_device_diff_state_same_challenge,0.0019508969874245,frozen_lifecycle
F06,S1,A,C06,F07,S1,A,C06,diff_device_same_challenge,-0.0036646404095129,frozen_lifecycle
F06,S1,A,C06,F08,S1,A,C06,diff_device_same_challenge,-0.0044024148455013,frozen_lifecycle
F06,S1,A,C06,F09,S1,A,C06,diff_device_same_challenge,0.0038035056833586,frozen_lifecycle
F06,S1,A,C06,F10,S1,A,C06,diff_device_same_challenge,0.0004513322686069,frozen_lifecycle
F06,S1,A,C06,F11,S1,A,C06,diff_device_same_challenge,-0.0073544256913676,frozen_lifecycle
F06,S1,A,C06,F12,S1,A,C06,diff_device_same_challenge,0.0030304927980352,frozen_lifecycle
F06,S1,A,C06,F13,S1,A,C06,diff_device_same_challenge,0.0053661623809184,frozen_lifecycle
F06,S1,A,C06,F14,S1,A,C06,diff_device_same_challenge,0.0043164680384341,frozen_lifecycle
F06,S1,A,C06,F15,S1,A,C06,diff_device_same_challenge,2.1585945130197227e-05,frozen_lifecycle
F06,S1,A,C07,F06,S1,A,C08,same_device_same_state_diff_challenge,0.0037365803200997,frozen_lifecycle
F06,S1,A,C07,F06,S1,B,C07,same_device_same_state_same_challenge,0.8477518056061498,frozen_lifecycle
F06,S1,A,C07,F06,S2,A,C07,same_device_diff_state_same_challenge,-0.0062040109618619,frozen_lifecycle
F06,S1,A,C07,F07,S1,A,C07,diff_device_same_challenge,0.0013581695476324,frozen_lifecycle
F06,S1,A,C07,F08,S1,A,C07,diff_device_same_challenge,-0.0064317708645939,frozen_lifecycle
F06,S1,A,C07,F09,S1,A,C07,diff_device_same_challenge,-0.000861929000533,frozen_lifecycle
F06,S1,A,C07,F10,S1,A,C07,diff_device_same_challenge,-0.00056178210621,frozen_lifecycle
F06,S1,A,C07,F11,S1,A,C07,diff_device_same_challenge,0.0100340900099568,frozen_lifecycle
F06,S1,A,C07,F12,S1,A,C07,diff_device_same_challenge,-0.0050644378430101,frozen_lifecycle
F06,S1,A,C07,F13,S1,A,C07,diff_device_same_challenge,-0.0012034759966457,frozen_lifecycle
F06,S1,A,C07,F14,S1,A,C07,diff_device_same_challenge,-0.0011589131259529,frozen_lifecycle
F06,S1,A,C07,F15,S1,A,C07,diff_device_same_challenge,0.0056238853205165,frozen_lifecycle
F06,S1,A,C08,F06,S1,B,C08,same_device_same_state_same_challenge,0.8641059358675748,frozen_lifecycle
F06,S1,A,C08,F06,S2,A,C08,same_device_diff_state_same_challenge,0.0010549566160153,frozen_lifecycle
F06,S1,A,C08,F07,S1,A,C08,diff_device_same_challenge,-0.0002400668071502,frozen_lifecycle
F06,S1,A,C08,F08,S1,A,C08,diff_device_same_challenge,-0.0072921141502374,frozen_lifecycle
F06,S1,A,C08,F09,S1,A,C08,diff_device_same_challenge,0.0020616745494008,frozen_lifecycle
F06,S1,A,C08,F10,S1,A,C08,diff_device_same_challenge,0.0013616975837518,frozen_lifecycle
F06,S1,A,C08,F11,S1,A,C08,diff_device_same_challenge,0.0027875203574448,frozen_lifecycle
F06,S1,A,C08,F12,S1,A,C08,diff_device_same_challenge,-0.0023334823835981,frozen_lifecycle
F06,S1,A,C08,F13,S1,A,C08,diff_device_same_challenge,-0.000858008940164,frozen_lifecycle
F06,S1,A,C08,F14,S1,A,C08,diff_device_same_challenge,0.0044178634699731,frozen_lifecycle
F06,S1,A,C08,F15,S1,A,C08,diff_device_same_challenge,0.0001936094893297,frozen_lifecycle
F06,S1,B,C01,F06,S1,B,C02,same_device_same_state_diff_challenge,-0.0591210489371609,frozen_lifecycle
F06,S1,B,C01,F06,S1,B,C03,same_device_same_state_diff_challenge,-0.1382112271564646,frozen_lifecycle
F06,S1,B,C01,F06,S1,B,C04,same_device_same_state_diff_challenge,-0.1112360149654957,frozen_lifecycle
F06,S1,B,C01,F06,S1,B,C05,same_device_same_state_diff_challenge,-0.1462770906783043,frozen_lifecycle
F06,S1,B,C01,F06,S1,B,C06,same_device_same_state_diff_challenge,-0.2008280555018534,frozen_lifecycle
F06,S1,B,C01,F06,S1,B,C07,same_device_same_state_diff_challenge,-0.2051125157664751,frozen_lifecycle
F06,S1,B,C01,F06,S1,B,C08,same_device_same_state_diff_challenge,-0.1478964995096433,frozen_lifecycle
F06,S1,B,C01,F06,S2,B,C01,same_device_diff_state_same_challenge,0.0082644188312045,frozen_lifecycle
F06,S1,B,C01,F07,S1,B,C01,diff_device_same_challenge,0.0067249078626506,frozen_lifecycle
F06,S1,B,C01,F08,S1,B,C01,diff_device_same_challenge,-0.0034946268027226,frozen_lifecycle
F06,S1,B,C01,F09,S1,B,C01,diff_device_same_challenge,-0.0054515949353941,frozen_lifecycle
F06,S1,B,C01,F10,S1,B,C01,diff_device_same_challenge,-0.0021365555009154,frozen_lifecycle
F06,S1,B,C01,F11,S1,B,C01,diff_device_same_challenge,0.0018132374441874,frozen_lifecycle
F06,S1,B,C01,F12,S1,B,C01,diff_device_same_challenge,0.0015211452153872,frozen_lifecycle
F06,S1,B,C01,F13,S1,B,C01,diff_device_same_challenge,0.0022624668155895,frozen_lifecycle
F06,S1,B,C01,F14,S1,B,C01,diff_device_same_challenge,-0.0048276330906855,frozen_lifecycle
F06,S1,B,C01,F15,S1,B,C01,diff_device_same_challenge,-0.002790323651316,frozen_lifecycle
F06,S1,B,C02,F06,S1,B,C03,same_device_same_state_diff_challenge,-0.1312297670972184,frozen_lifecycle
F06,S1,B,C02,F06,S1,B,C04,same_device_same_state_diff_challenge,-0.1367479319919336,frozen_lifecycle
F06,S1,B,C02,F06,S1,B,C05,same_device_same_state_diff_challenge,-0.1070956614513217,frozen_lifecycle
F06,S1,B,C02,F06,S1,B,C06,same_device_same_state_diff_challenge,-0.1825307965206556,frozen_lifecycle
F06,S1,B,C02,F06,S1,B,C07,same_device_same_state_diff_challenge,-0.2261977473371371,frozen_lifecycle
F06,S1,B,C02,F06,S1,B,C08,same_device_same_state_diff_challenge,-0.1702053644857647,frozen_lifecycle
F06,S1,B,C02,F06,S2,B,C02,same_device_diff_state_same_challenge,-0.005722637466134,frozen_lifecycle
F06,S1,B,C02,F07,S1,B,C02,diff_device_same_challenge,-0.0062141965407813,frozen_lifecycle
F06,S1,B,C02,F08,S1,B,C02,diff_device_same_challenge,0.000996547082008,frozen_lifecycle
F06,S1,B,C02,F09,S1,B,C02,diff_device_same_challenge,0.0040482842235624,frozen_lifecycle
F06,S1,B,C02,F10,S1,B,C02,diff_device_same_challenge,0.0050129570864684,frozen_lifecycle
F06,S1,B,C02,F11,S1,B,C02,diff_device_same_challenge,-0.0011136098829512,frozen_lifecycle
F06,S1,B,C02,F12,S1,B,C02,diff_device_same_challenge,0.0034198193675918,frozen_lifecycle
F06,S1,B,C02,F13,S1,B,C02,diff_device_same_challenge,0.005251521147788,frozen_lifecycle
F06,S1,B,C02,F14,S1,B,C02,diff_device_same_challenge,-0.0005892924642227,frozen_lifecycle
F06,S1,B,C02,F15,S1,B,C02,diff_device_same_challenge,0.0103412713376416,frozen_lifecycle
F06,S1,B,C03,F06,S1,B,C04,same_device_same_state_diff_challenge,0.005611014232629,frozen_lifecycle
F06,S1,B,C03,F06,S1,B,C05,same_device_same_state_diff_challenge,-0.2075904610486963,frozen_lifecycle
F06,S1,B,C03,F06,S1,B,C06,same_device_same_state_diff_challenge,-0.2024129448207348,frozen_lifecycle
F06,S1,B,C03,F06,S1,B,C07,same_device_same_state_diff_challenge,-0.1864062355848499,frozen_lifecycle
F06,S1,B,C03,F06,S1,B,C08,same_device_same_state_diff_challenge,-0.144914581183781,frozen_lifecycle
F06,S1,B,C03,F06,S2,B,C03,same_device_diff_state_same_challenge,-0.0054526917402783,frozen_lifecycle
F06,S1,B,C03,F07,S1,B,C03,diff_device_same_challenge,0.0128803982701841,frozen_lifecycle
F06,S1,B,C03,F08,S1,B,C03,diff_device_same_challenge,-0.0044647285916975,frozen_lifecycle
F06,S1,B,C03,F09,S1,B,C03,diff_device_same_challenge,-0.0003704910828681,frozen_lifecycle
F06,S1,B,C03,F10,S1,B,C03,diff_device_same_challenge,-0.0021973142377165,frozen_lifecycle
F06,S1,B,C03,F11,S1,B,C03,diff_device_same_challenge,0.0004699791326378,frozen_lifecycle
F06,S1,B,C03,F12,S1,B,C03,diff_device_same_challenge,-0.0053136685342698,frozen_lifecycle
F06,S1,B,C03,F13,S1,B,C03,diff_device_same_challenge,0.000869478971717,frozen_lifecycle
F06,S1,B,C03,F14,S1,B,C03,diff_device_same_challenge,0.0002017472101127,frozen_lifecycle
F06,S1,B,C03,F15,S1,B,C03,diff_device_same_challenge,0.0001790796795609,frozen_lifecycle
F06,S1,B,C04,F06,S1,B,C05,same_device_same_state_diff_challenge,-0.1876696186796137,frozen_lifecycle
F06,S1,B,C04,F06,S1,B,C06,same_device_same_state_diff_challenge,-0.2397856841661836,frozen_lifecycle
F06,S1,B,C04,F06,S1,B,C07,same_device_same_state_diff_challenge,-0.1919972598485054,frozen_lifecycle
F06,S1,B,C04,F06,S1,B,C08,same_device_same_state_diff_challenge,-0.117714814084887,frozen_lifecycle
F06,S1,B,C04,F06,S2,B,C04,same_device_diff_state_same_challenge,-5.9760775037547016e-05,frozen_lifecycle
F06,S1,B,C04,F07,S1,B,C04,diff_device_same_challenge,-0.0056722663237105,frozen_lifecycle
F06,S1,B,C04,F08,S1,B,C04,diff_device_same_challenge,-0.0004568852167503,frozen_lifecycle
F06,S1,B,C04,F09,S1,B,C04,diff_device_same_challenge,-0.0039658202439168,frozen_lifecycle
F06,S1,B,C04,F10,S1,B,C04,diff_device_same_challenge,-0.0084852300745364,frozen_lifecycle
F06,S1,B,C04,F11,S1,B,C04,diff_device_same_challenge,0.0034229936947033,frozen_lifecycle
F06,S1,B,C04,F12,S1,B,C04,diff_device_same_challenge,-0.001948167372246,frozen_lifecycle
F06,S1,B,C04,F13,S1,B,C04,diff_device_same_challenge,0.0019439783569147,frozen_lifecycle
F06,S1,B,C04,F14,S1,B,C04,diff_device_same_challenge,0.0036781733524652,frozen_lifecycle
F06,S1,B,C04,F15,S1,B,C04,diff_device_same_challenge,0.0050517949582593,frozen_lifecycle
F06,S1,B,C05,F06,S1,B,C06,same_device_same_state_diff_challenge,0.0251651996207626,frozen_lifecycle
F06,S1,B,C05,F06,S1,B,C07,same_device_same_state_diff_challenge,-0.186704204009186,frozen_lifecycle
F06,S1,B,C05,F06,S1,B,C08,same_device_same_state_diff_challenge,-0.1923951136532015,frozen_lifecycle
F06,S1,B,C05,F06,S2,B,C05,same_device_diff_state_same_challenge,-0.0061583093767605,frozen_lifecycle
F06,S1,B,C05,F07,S1,B,C05,diff_device_same_challenge,-0.0119773713820559,frozen_lifecycle
F06,S1,B,C05,F08,S1,B,C05,diff_device_same_challenge,-0.0025689999024388,frozen_lifecycle
F06,S1,B,C05,F09,S1,B,C05,diff_device_same_challenge,0.0077954006711523,frozen_lifecycle
F06,S1,B,C05,F10,S1,B,C05,diff_device_same_challenge,-0.0004622770609754,frozen_lifecycle
F06,S1,B,C05,F11,S1,B,C05,diff_device_same_challenge,0.0031200688216275,frozen_lifecycle
F06,S1,B,C05,F12,S1,B,C05,diff_device_same_challenge,-9.772953313452458e-05,frozen_lifecycle
F06,S1,B,C05,F13,S1,B,C05,diff_device_same_challenge,0.0039644058022359,frozen_lifecycle
F06,S1,B,C05,F14,S1,B,C05,diff_device_same_challenge,0.0057791743456453,frozen_lifecycle
F06,S1,B,C05,F15,S1,B,C05,diff_device_same_challenge,0.0019210421944682,frozen_lifecycle
F06,S1,B,C06,F06,S1,B,C07,same_device_same_state_diff_challenge,0.031271743092713,frozen_lifecycle
F06,S1,B,C06,F06,S1,B,C08,same_device_same_state_diff_challenge,-0.2151260554338369,frozen_lifecycle
F06,S1,B,C06,F06,S2,B,C06,same_device_diff_state_same_challenge,0.0066763302731792,frozen_lifecycle
F06,S1,B,C06,F07,S1,B,C06,diff_device_same_challenge,-0.0078029784939166,frozen_lifecycle
F06,S1,B,C06,F08,S1,B,C06,diff_device_same_challenge,0.0021962110285241,frozen_lifecycle
F06,S1,B,C06,F09,S1,B,C06,diff_device_same_challenge,0.0021690675996172,frozen_lifecycle
F06,S1,B,C06,F10,S1,B,C06,diff_device_same_challenge,0.0002083930750223,frozen_lifecycle
F06,S1,B,C06,F11,S1,B,C06,diff_device_same_challenge,0.0012798657026765,frozen_lifecycle
F06,S1,B,C06,F12,S1,B,C06,diff_device_same_challenge,-0.004221471330369,frozen_lifecycle
F06,S1,B,C06,F13,S1,B,C06,diff_device_same_challenge,0.00244901984367,frozen_lifecycle
F06,S1,B,C06,F14,S1,B,C06,diff_device_same_challenge,0.0019024713696524,frozen_lifecycle
F06,S1,B,C06,F15,S1,B,C06,diff_device_same_challenge,-4.1122221849341385e-05,frozen_lifecycle
F06,S1,B,C07,F06,S1,B,C08,same_device_same_state_diff_challenge,-0.026087070051295,frozen_lifecycle
F06,S1,B,C07,F06,S2,B,C07,same_device_diff_state_same_challenge,-0.0035738692079631,frozen_lifecycle
F06,S1,B,C07,F07,S1,B,C07,diff_device_same_challenge,0.0025833589385355,frozen_lifecycle
F06,S1,B,C07,F08,S1,B,C07,diff_device_same_challenge,-0.0072701646657891,frozen_lifecycle
F06,S1,B,C07,F09,S1,B,C07,diff_device_same_challenge,-0.0006541668756101,frozen_lifecycle
F06,S1,B,C07,F10,S1,B,C07,diff_device_same_challenge,0.0009366647642165,frozen_lifecycle
F06,S1,B,C07,F11,S1,B,C07,diff_device_same_challenge,0.0050359333315436,frozen_lifecycle
F06,S1,B,C07,F12,S1,B,C07,diff_device_same_challenge,0.0006324346065773,frozen_lifecycle
F06,S1,B,C07,F13,S1,B,C07,diff_device_same_challenge,0.0005882249782467,frozen_lifecycle
F06,S1,B,C07,F14,S1,B,C07,diff_device_same_challenge,0.0010130319081088,frozen_lifecycle
F06,S1,B,C07,F15,S1,B,C07,diff_device_same_challenge,0.0064015634604592,frozen_lifecycle
F06,S1,B,C08,F06,S2,B,C08,same_device_diff_state_same_challenge,0.0075083982004658,frozen_lifecycle
F06,S1,B,C08,F07,S1,B,C08,diff_device_same_challenge,0.0075519553510927,frozen_lifecycle
F06,S1,B,C08,F08,S1,B,C08,diff_device_same_challenge,-0.0069988616665716,frozen_lifecycle
F06,S1,B,C08,F09,S1,B,C08,diff_device_same_challenge,-0.0013134118265067,frozen_lifecycle
F06,S1,B,C08,F10,S1,B,C08,diff_device_same_challenge,-0.0002107920413524,frozen_lifecycle
F06,S1,B,C08,F11,S1,B,C08,diff_device_same_challenge,0.001729411677429,frozen_lifecycle
F06,S1,B,C08,F12,S1,B,C08,diff_device_same_challenge,0.0014080147715856,frozen_lifecycle
F06,S1,B,C08,F13,S1,B,C08,diff_device_same_challenge,0.0023411191630326,frozen_lifecycle
F06,S1,B,C08,F14,S1,B,C08,diff_device_same_challenge,0.0112178921125223,frozen_lifecycle
F06,S1,B,C08,F15,S1,B,C08,diff_device_same_challenge,0.0019458808092068,frozen_lifecycle
F06,S2,A,C01,F06,S2,A,C02,same_device_same_state_diff_challenge,0.048290208491394,frozen_lifecycle
F06,S2,A,C01,F06,S2,A,C03,same_device_same_state_diff_challenge,-0.0891584151696658,frozen_lifecycle
F06,S2,A,C01,F06,S2,A,C04,same_device_same_state_diff_challenge,-0.1455559509757378,frozen_lifecycle
F06,S2,A,C01,F06,S2,A,C05,same_device_same_state_diff_challenge,-0.2036470625439519,frozen_lifecycle
F06,S2,A,C01,F06,S2,A,C06,same_device_same_state_diff_challenge,-0.2497053289366943,frozen_lifecycle
F06,S2,A,C01,F06,S2,A,C07,same_device_same_state_diff_challenge,-0.1963311794562252,frozen_lifecycle
F06,S2,A,C01,F06,S2,A,C08,same_device_same_state_diff_challenge,-0.2270929557619905,frozen_lifecycle
F06,S2,A,C01,F06,S2,B,C01,same_device_same_state_same_challenge,0.4103701606300627,frozen_lifecycle
F06,S2,A,C01,F07,S2,A,C01,diff_device_same_challenge,-0.0004495629958708,frozen_lifecycle
F06,S2,A,C01,F08,S2,A,C01,diff_device_same_challenge,0.0018693524271926,frozen_lifecycle
F06,S2,A,C01,F09,S2,A,C01,diff_device_same_challenge,0.0053393379714115,frozen_lifecycle
F06,S2,A,C01,F10,S2,A,C01,diff_device_same_challenge,0.0024874584536554,frozen_lifecycle
F06,S2,A,C01,F11,S2,A,C01,diff_device_same_challenge,0.0093309759091229,frozen_lifecycle
F06,S2,A,C01,F12,S2,A,C01,diff_device_same_challenge,0.000633604721684,frozen_lifecycle
F06,S2,A,C01,F13,S2,A,C01,diff_device_same_challenge,0.0032946222837335,frozen_lifecycle
F06,S2,A,C01,F14,S2,A,C01,diff_device_same_challenge,0.0001200457917632,frozen_lifecycle
F06,S2,A,C01,F15,S2,A,C01,diff_device_same_challenge,-0.0013880643143108,frozen_lifecycle
F06,S2,A,C02,F06,S2,A,C03,same_device_same_state_diff_challenge,-0.0694480829844827,frozen_lifecycle
F06,S2,A,C02,F06,S2,A,C04,same_device_same_state_diff_challenge,-0.1087685588980977,frozen_lifecycle
F06,S2,A,C02,F06,S2,A,C05,same_device_same_state_diff_challenge,-0.2305277660863376,frozen_lifecycle
F06,S2,A,C02,F06,S2,A,C06,same_device_same_state_diff_challenge,-0.256486554207727,frozen_lifecycle
F06,S2,A,C02,F06,S2,A,C07,same_device_same_state_diff_challenge,-0.2261703863717961,frozen_lifecycle
F06,S2,A,C02,F06,S2,A,C08,same_device_same_state_diff_challenge,-0.2544545428094699,frozen_lifecycle
F06,S2,A,C02,F06,S2,B,C02,same_device_same_state_same_challenge,0.358475323425358,frozen_lifecycle
F06,S2,A,C02,F07,S2,A,C02,diff_device_same_challenge,-0.0080002623669003,frozen_lifecycle
F06,S2,A,C02,F08,S2,A,C02,diff_device_same_challenge,-0.0031938777133202,frozen_lifecycle
F06,S2,A,C02,F09,S2,A,C02,diff_device_same_challenge,0.0042775772149993,frozen_lifecycle
F06,S2,A,C02,F10,S2,A,C02,diff_device_same_challenge,-0.0010182576250569,frozen_lifecycle
F06,S2,A,C02,F11,S2,A,C02,diff_device_same_challenge,0.0023508675592228,frozen_lifecycle
F06,S2,A,C02,F12,S2,A,C02,diff_device_same_challenge,0.0017133758448071,frozen_lifecycle
F06,S2,A,C02,F13,S2,A,C02,diff_device_same_challenge,-0.0007946000516232,frozen_lifecycle
F06,S2,A,C02,F14,S2,A,C02,diff_device_same_challenge,0.0001443919960476,frozen_lifecycle
F06,S2,A,C02,F15,S2,A,C02,diff_device_same_challenge,0.003671513946068,frozen_lifecycle
F06,S2,A,C03,F06,S2,A,C04,same_device_same_state_diff_challenge,-0.0751712709491028,frozen_lifecycle
F06,S2,A,C03,F06,S2,A,C05,same_device_same_state_diff_challenge,-0.143707866760353,frozen_lifecycle
F06,S2,A,C03,F06,S2,A,C06,same_device_same_state_diff_challenge,-0.216331925707753,frozen_lifecycle
F06,S2,A,C03,F06,S2,A,C07,same_device_same_state_diff_challenge,-0.1959436819878786,frozen_lifecycle
F06,S2,A,C03,F06,S2,A,C08,same_device_same_state_diff_challenge,-0.24356438765652,frozen_lifecycle
F06,S2,A,C03,F06,S2,B,C03,same_device_same_state_same_challenge,0.5837469047789103,frozen_lifecycle
F06,S2,A,C03,F07,S2,A,C03,diff_device_same_challenge,-0.003372694688072,frozen_lifecycle
F06,S2,A,C03,F08,S2,A,C03,diff_device_same_challenge,7.315105761341547e-05,frozen_lifecycle
F06,S2,A,C03,F09,S2,A,C03,diff_device_same_challenge,0.0008250489946789,frozen_lifecycle
F06,S2,A,C03,F10,S2,A,C03,diff_device_same_challenge,0.0018930681103507,frozen_lifecycle
F06,S2,A,C03,F11,S2,A,C03,diff_device_same_challenge,0.0099272683810312,frozen_lifecycle
F06,S2,A,C03,F12,S2,A,C03,diff_device_same_challenge,0.0019180068714033,frozen_lifecycle
F06,S2,A,C03,F13,S2,A,C03,diff_device_same_challenge,0.0017726815103557,frozen_lifecycle
F06,S2,A,C03,F14,S2,A,C03,diff_device_same_challenge,0.0050255673195386,frozen_lifecycle
F06,S2,A,C03,F15,S2,A,C03,diff_device_same_challenge,-0.0003010816487969,frozen_lifecycle
F06,S2,A,C04,F06,S2,A,C05,same_device_same_state_diff_challenge,-0.0001736499694111,frozen_lifecycle
F06,S2,A,C04,F06,S2,A,C06,same_device_same_state_diff_challenge,-0.2003222065362116,frozen_lifecycle
F06,S2,A,C04,F06,S2,A,C07,same_device_same_state_diff_challenge,-0.22137549640694,frozen_lifecycle
F06,S2,A,C04,F06,S2,A,C08,same_device_same_state_diff_challenge,-0.2380570903333674,frozen_lifecycle
F06,S2,A,C04,F06,S2,B,C04,same_device_same_state_same_challenge,0.7687269348944946,frozen_lifecycle
F06,S2,A,C04,F07,S2,A,C04,diff_device_same_challenge,-0.0057755344683697,frozen_lifecycle
F06,S2,A,C04,F08,S2,A,C04,diff_device_same_challenge,-0.0046147491042577,frozen_lifecycle
F06,S2,A,C04,F09,S2,A,C04,diff_device_same_challenge,0.0054803258749632,frozen_lifecycle
F06,S2,A,C04,F10,S2,A,C04,diff_device_same_challenge,-0.0005006642182505,frozen_lifecycle
F06,S2,A,C04,F11,S2,A,C04,diff_device_same_challenge,0.0019413938226217,frozen_lifecycle
F06,S2,A,C04,F12,S2,A,C04,diff_device_same_challenge,-0.0035549635036473,frozen_lifecycle
F06,S2,A,C04,F13,S2,A,C04,diff_device_same_challenge,0.0036095909394106,frozen_lifecycle
F06,S2,A,C04,F14,S2,A,C04,diff_device_same_challenge,-0.0021153027956874,frozen_lifecycle
F06,S2,A,C04,F15,S2,A,C04,diff_device_same_challenge,0.0021981814542743,frozen_lifecycle
F06,S2,A,C05,F06,S2,A,C06,same_device_same_state_diff_challenge,-0.0493391893998668,frozen_lifecycle
F06,S2,A,C05,F06,S2,A,C07,same_device_same_state_diff_challenge,-0.1520652449254848,frozen_lifecycle
F06,S2,A,C05,F06,S2,A,C08,same_device_same_state_diff_challenge,-0.1681078680099079,frozen_lifecycle
F06,S2,A,C05,F06,S2,B,C05,same_device_same_state_same_challenge,0.6475118681779712,frozen_lifecycle
F06,S2,A,C05,F07,S2,A,C05,diff_device_same_challenge,-0.0038855174083834,frozen_lifecycle
F06,S2,A,C05,F08,S2,A,C05,diff_device_same_challenge,-0.0073812245593492,frozen_lifecycle
F06,S2,A,C05,F09,S2,A,C05,diff_device_same_challenge,0.0007985368716616,frozen_lifecycle
F06,S2,A,C05,F10,S2,A,C05,diff_device_same_challenge,-0.0103223657984302,frozen_lifecycle
F06,S2,A,C05,F11,S2,A,C05,diff_device_same_challenge,0.0037126361201038,frozen_lifecycle
F06,S2,A,C05,F12,S2,A,C05,diff_device_same_challenge,0.0036008670166693,frozen_lifecycle
F06,S2,A,C05,F13,S2,A,C05,diff_device_same_challenge,-0.001132625812323,frozen_lifecycle
F06,S2,A,C05,F14,S2,A,C05,diff_device_same_challenge,-0.0008429553709088,frozen_lifecycle
F06,S2,A,C05,F15,S2,A,C05,diff_device_same_challenge,-0.0088712438573809,frozen_lifecycle
F06,S2,A,C06,F06,S2,A,C07,same_device_same_state_diff_challenge,-0.0619208382521676,frozen_lifecycle
F06,S2,A,C06,F06,S2,A,C08,same_device_same_state_diff_challenge,0.1232837071798735,frozen_lifecycle
F06,S2,A,C06,F06,S2,B,C06,same_device_same_state_same_challenge,0.5694970031018401,frozen_lifecycle
F06,S2,A,C06,F07,S2,A,C06,diff_device_same_challenge,0.0048388082303259,frozen_lifecycle
F06,S2,A,C06,F08,S2,A,C06,diff_device_same_challenge,0.0012885465801895,frozen_lifecycle
F06,S2,A,C06,F09,S2,A,C06,diff_device_same_challenge,0.0035284100427229,frozen_lifecycle
F06,S2,A,C06,F10,S2,A,C06,diff_device_same_challenge,-0.0008473037617585,frozen_lifecycle
F06,S2,A,C06,F11,S2,A,C06,diff_device_same_challenge,0.0015507503582047,frozen_lifecycle
F06,S2,A,C06,F12,S2,A,C06,diff_device_same_challenge,-0.0039533024884355,frozen_lifecycle
F06,S2,A,C06,F13,S2,A,C06,diff_device_same_challenge,0.0059449053777049,frozen_lifecycle
F06,S2,A,C06,F14,S2,A,C06,diff_device_same_challenge,-6.600608086350994e-05,frozen_lifecycle
F06,S2,A,C06,F15,S2,A,C06,diff_device_same_challenge,-0.0058413076917115,frozen_lifecycle
F06,S2,A,C07,F06,S2,A,C08,same_device_same_state_diff_challenge,0.0607970415919628,frozen_lifecycle
F06,S2,A,C07,F06,S2,B,C07,same_device_same_state_same_challenge,0.6450532183245999,frozen_lifecycle
F06,S2,A,C07,F07,S2,A,C07,diff_device_same_challenge,0.003589465023398,frozen_lifecycle
F06,S2,A,C07,F08,S2,A,C07,diff_device_same_challenge,-0.0025997837816969,frozen_lifecycle
F06,S2,A,C07,F09,S2,A,C07,diff_device_same_challenge,-0.0061468585314659,frozen_lifecycle
F06,S2,A,C07,F10,S2,A,C07,diff_device_same_challenge,-0.0012429505684932,frozen_lifecycle
F06,S2,A,C07,F11,S2,A,C07,diff_device_same_challenge,0.0010065232538615,frozen_lifecycle
F06,S2,A,C07,F12,S2,A,C07,diff_device_same_challenge,-0.0009314526913574,frozen_lifecycle
F06,S2,A,C07,F13,S2,A,C07,diff_device_same_challenge,0.0040116894866579,frozen_lifecycle
F06,S2,A,C07,F14,S2,A,C07,diff_device_same_challenge,-0.0070985590283168,frozen_lifecycle
F06,S2,A,C07,F15,S2,A,C07,diff_device_same_challenge,0.0053682563158391,frozen_lifecycle
F06,S2,A,C08,F06,S2,B,C08,same_device_same_state_same_challenge,0.3058803187082554,frozen_lifecycle
F06,S2,A,C08,F07,S2,A,C08,diff_device_same_challenge,0.001161060885104,frozen_lifecycle
F06,S2,A,C08,F08,S2,A,C08,diff_device_same_challenge,-0.0021367647955337,frozen_lifecycle
F06,S2,A,C08,F09,S2,A,C08,diff_device_same_challenge,-0.0006593558506672,frozen_lifecycle
F06,S2,A,C08,F10,S2,A,C08,diff_device_same_challenge,0.0057292518810589,frozen_lifecycle
F06,S2,A,C08,F11,S2,A,C08,diff_device_same_challenge,0.0041859361693685,frozen_lifecycle
F06,S2,A,C08,F12,S2,A,C08,diff_device_same_challenge,0.0009362423368243,frozen_lifecycle
F06,S2,A,C08,F13,S2,A,C08,diff_device_same_challenge,-0.0020386076023487,frozen_lifecycle
F06,S2,A,C08,F14,S2,A,C08,diff_device_same_challenge,-0.0053536062244304,frozen_lifecycle
F06,S2,A,C08,F15,S2,A,C08,diff_device_same_challenge,0.0004636951075481,frozen_lifecycle
F06,S2,B,C01,F06,S2,B,C02,same_device_same_state_diff_challenge,0.0524585553019963,frozen_lifecycle
F06,S2,B,C01,F06,S2,B,C03,same_device_same_state_diff_challenge,-0.1239017088995517,frozen_lifecycle
F06,S2,B,C01,F06,S2,B,C04,same_device_same_state_diff_challenge,-0.1789461963500843,frozen_lifecycle
F06,S2,B,C01,F06,S2,B,C05,same_device_same_state_diff_challenge,-0.244645479906589,frozen_lifecycle
F06,S2,B,C01,F06,S2,B,C06,same_device_same_state_diff_challenge,-0.2539993057284786,frozen_lifecycle
F06,S2,B,C01,F06,S2,B,C07,same_device_same_state_diff_challenge,-0.2012125495574722,frozen_lifecycle
F06,S2,B,C01,F06,S2,B,C08,same_device_same_state_diff_challenge,-0.1526488805556723,frozen_lifecycle
F06,S2,B,C01,F07,S2,B,C01,diff_device_same_challenge,0.0059925665612847,frozen_lifecycle
F06,S2,B,C01,F08,S2,B,C01,diff_device_same_challenge,-0.0062050195943111,frozen_lifecycle
F06,S2,B,C01,F09,S2,B,C01,diff_device_same_challenge,0.001629642770711,frozen_lifecycle
F06,S2,B,C01,F10,S2,B,C01,diff_device_same_challenge,-0.0037646680642148,frozen_lifecycle
F06,S2,B,C01,F11,S2,B,C01,diff_device_same_challenge,5.417373973458959e-06,frozen_lifecycle
F06,S2,B,C01,F12,S2,B,C01,diff_device_same_challenge,0.0019043063963395,frozen_lifecycle
F06,S2,B,C01,F13,S2,B,C01,diff_device_same_challenge,0.0024449225436359,frozen_lifecycle
F06,S2,B,C01,F14,S2,B,C01,diff_device_same_challenge,-0.0033703284776422,frozen_lifecycle
F06,S2,B,C01,F15,S2,B,C01,diff_device_same_challenge,0.0003730723611706,frozen_lifecycle
F06,S2,B,C02,F06,S2,B,C03,same_device_same_state_diff_challenge,-0.0808255319523516,frozen_lifecycle
F06,S2,B,C02,F06,S2,B,C04,same_device_same_state_diff_challenge,-0.1174129427072665,frozen_lifecycle
F06,S2,B,C02,F06,S2,B,C05,same_device_same_state_diff_challenge,-0.2229923723983284,frozen_lifecycle
F06,S2,B,C02,F06,S2,B,C06,same_device_same_state_diff_challenge,-0.2645150355609775,frozen_lifecycle
F06,S2,B,C02,F06,S2,B,C07,same_device_same_state_diff_challenge,-0.2492655178095788,frozen_lifecycle
F06,S2,B,C02,F06,S2,B,C08,same_device_same_state_diff_challenge,-0.1724797615629368,frozen_lifecycle
F06,S2,B,C02,F07,S2,B,C02,diff_device_same_challenge,0.0009454847100321,frozen_lifecycle
F06,S2,B,C02,F08,S2,B,C02,diff_device_same_challenge,-0.0039198270568808,frozen_lifecycle
F06,S2,B,C02,F09,S2,B,C02,diff_device_same_challenge,0.0077433088272109,frozen_lifecycle
F06,S2,B,C02,F10,S2,B,C02,diff_device_same_challenge,-0.0036655492213995,frozen_lifecycle
F06,S2,B,C02,F11,S2,B,C02,diff_device_same_challenge,0.0057448121315681,frozen_lifecycle
F06,S2,B,C02,F12,S2,B,C02,diff_device_same_challenge,0.0036084066558305,frozen_lifecycle
F06,S2,B,C02,F13,S2,B,C02,diff_device_same_challenge,0.0036255348529294,frozen_lifecycle
F06,S2,B,C02,F14,S2,B,C02,diff_device_same_challenge,-0.0053547816374729,frozen_lifecycle
F06,S2,B,C02,F15,S2,B,C02,diff_device_same_challenge,0.0046449623275973,frozen_lifecycle
F06,S2,B,C03,F06,S2,B,C04,same_device_same_state_diff_challenge,0.0083170636227498,frozen_lifecycle
F06,S2,B,C03,F06,S2,B,C05,same_device_same_state_diff_challenge,-0.1780223216915568,frozen_lifecycle
F06,S2,B,C03,F06,S2,B,C06,same_device_same_state_diff_challenge,-0.2106901900375782,frozen_lifecycle
F06,S2,B,C03,F06,S2,B,C07,same_device_same_state_diff_challenge,-0.234640500877519,frozen_lifecycle
F06,S2,B,C03,F06,S2,B,C08,same_device_same_state_diff_challenge,-0.1744806415909839,frozen_lifecycle
F06,S2,B,C03,F07,S2,B,C03,diff_device_same_challenge,-0.0051845068563279,frozen_lifecycle
F06,S2,B,C03,F08,S2,B,C03,diff_device_same_challenge,-0.0030311412228002,frozen_lifecycle
F06,S2,B,C03,F09,S2,B,C03,diff_device_same_challenge,0.004957812612217,frozen_lifecycle
F06,S2,B,C03,F10,S2,B,C03,diff_device_same_challenge,-0.003969464120898,frozen_lifecycle
F06,S2,B,C03,F11,S2,B,C03,diff_device_same_challenge,-0.0005526728032687,frozen_lifecycle
F06,S2,B,C03,F12,S2,B,C03,diff_device_same_challenge,0.0021569026401599,frozen_lifecycle
F06,S2,B,C03,F13,S2,B,C03,diff_device_same_challenge,0.0029210198888756,frozen_lifecycle
F06,S2,B,C03,F14,S2,B,C03,diff_device_same_challenge,-0.0106477108120756,frozen_lifecycle
F06,S2,B,C03,F15,S2,B,C03,diff_device_same_challenge,-0.0057822070497752,frozen_lifecycle
F06,S2,B,C04,F06,S2,B,C05,same_device_same_state_diff_challenge,-0.0028231422665073,frozen_lifecycle
F06,S2,B,C04,F06,S2,B,C06,same_device_same_state_diff_challenge,-0.2215615373834805,frozen_lifecycle
F06,S2,B,C04,F06,S2,B,C07,same_device_same_state_diff_challenge,-0.2516501314352952,frozen_lifecycle
F06,S2,B,C04,F06,S2,B,C08,same_device_same_state_diff_challenge,-0.2035291368772092,frozen_lifecycle
F06,S2,B,C04,F07,S2,B,C04,diff_device_same_challenge,-0.00717194543469,frozen_lifecycle
F06,S2,B,C04,F08,S2,B,C04,diff_device_same_challenge,-0.0019154551063623,frozen_lifecycle
F06,S2,B,C04,F09,S2,B,C04,diff_device_same_challenge,0.0016430741177339,frozen_lifecycle
F06,S2,B,C04,F10,S2,B,C04,diff_device_same_challenge,0.0014182134895307,frozen_lifecycle
F06,S2,B,C04,F11,S2,B,C04,diff_device_same_challenge,-0.0001278612017719,frozen_lifecycle
F06,S2,B,C04,F12,S2,B,C04,diff_device_same_challenge,0.0022779602020966,frozen_lifecycle
F06,S2,B,C04,F13,S2,B,C04,diff_device_same_challenge,0.004815402234363,frozen_lifecycle
F06,S2,B,C04,F14,S2,B,C04,diff_device_same_challenge,-0.0028456719888869,frozen_lifecycle
F06,S2,B,C04,F15,S2,B,C04,diff_device_same_challenge,-0.0080289651951089,frozen_lifecycle
F06,S2,B,C05,F06,S2,B,C06,same_device_same_state_diff_challenge,-0.0080773582164935,frozen_lifecycle
F06,S2,B,C05,F06,S2,B,C07,same_device_same_state_diff_challenge,-0.07628397320519,frozen_lifecycle
F06,S2,B,C05,F06,S2,B,C08,same_device_same_state_diff_challenge,-0.1647292993906127,frozen_lifecycle
F06,S2,B,C05,F07,S2,B,C05,diff_device_same_challenge,0.001807525521137,frozen_lifecycle
F06,S2,B,C05,F08,S2,B,C05,diff_device_same_challenge,-0.0046231110857628,frozen_lifecycle
F06,S2,B,C05,F09,S2,B,C05,diff_device_same_challenge,-0.0008346861444511,frozen_lifecycle
F06,S2,B,C05,F10,S2,B,C05,diff_device_same_challenge,-0.0026134705979201,frozen_lifecycle
F06,S2,B,C05,F11,S2,B,C05,diff_device_same_challenge,0.0022838397113806,frozen_lifecycle
F06,S2,B,C05,F12,S2,B,C05,diff_device_same_challenge,0.0032283008806743,frozen_lifecycle
F06,S2,B,C05,F13,S2,B,C05,diff_device_same_challenge,0.0062000306576312,frozen_lifecycle
F06,S2,B,C05,F14,S2,B,C05,diff_device_same_challenge,-0.0018934857850624,frozen_lifecycle
F06,S2,B,C05,F15,S2,B,C05,diff_device_same_challenge,-0.005700057728492,frozen_lifecycle
F06,S2,B,C06,F06,S2,B,C07,same_device_same_state_diff_challenge,0.1062555204133144,frozen_lifecycle
F06,S2,B,C06,F06,S2,B,C08,same_device_same_state_diff_challenge,-0.0837017675155362,frozen_lifecycle
F06,S2,B,C06,F07,S2,B,C06,diff_device_same_challenge,0.004103908184648,frozen_lifecycle
F06,S2,B,C06,F08,S2,B,C06,diff_device_same_challenge,0.0036225050517487,frozen_lifecycle
F06,S2,B,C06,F09,S2,B,C06,diff_device_same_challenge,0.0054895683392396,frozen_lifecycle
F06,S2,B,C06,F10,S2,B,C06,diff_device_same_challenge,0.0012827920646012,frozen_lifecycle
F06,S2,B,C06,F11,S2,B,C06,diff_device_same_challenge,0.0016172607698923,frozen_lifecycle
F06,S2,B,C06,F12,S2,B,C06,diff_device_same_challenge,0.0014754535665339,frozen_lifecycle
F06,S2,B,C06,F13,S2,B,C06,diff_device_same_challenge,0.0055789938463616,frozen_lifecycle
F06,S2,B,C06,F14,S2,B,C06,diff_device_same_challenge,-0.0029009198493987,frozen_lifecycle
F06,S2,B,C06,F15,S2,B,C06,diff_device_same_challenge,-0.0050472428074565,frozen_lifecycle
F06,S2,B,C07,F06,S2,B,C08,same_device_same_state_diff_challenge,-0.0834412603501747,frozen_lifecycle
F06,S2,B,C07,F07,S2,B,C07,diff_device_same_challenge,0.0044745938212911,frozen_lifecycle
F06,S2,B,C07,F08,S2,B,C07,diff_device_same_challenge,0.0020015145107918,frozen_lifecycle
F06,S2,B,C07,F09,S2,B,C07,diff_device_same_challenge,0.0095194600215486,frozen_lifecycle
F06,S2,B,C07,F10,S2,B,C07,diff_device_same_challenge,-0.0065509715386614,frozen_lifecycle
F06,S2,B,C07,F11,S2,B,C07,diff_device_same_challenge,0.004244641749262,frozen_lifecycle
F06,S2,B,C07,F12,S2,B,C07,diff_device_same_challenge,-0.0035802986952365,frozen_lifecycle
F06,S2,B,C07,F13,S2,B,C07,diff_device_same_challenge,0.0046277194241645,frozen_lifecycle
F06,S2,B,C07,F14,S2,B,C07,diff_device_same_challenge,-0.0004910200960658,frozen_lifecycle
F06,S2,B,C07,F15,S2,B,C07,diff_device_same_challenge,0.0034787133377343,frozen_lifecycle
F06,S2,B,C08,F07,S2,B,C08,diff_device_same_challenge,0.0019648052664923,frozen_lifecycle
F06,S2,B,C08,F08,S2,B,C08,diff_device_same_challenge,0.0016330215769732,frozen_lifecycle
F06,S2,B,C08,F09,S2,B,C08,diff_device_same_challenge,0.004790019915751,frozen_lifecycle
F06,S2,B,C08,F10,S2,B,C08,diff_device_same_challenge,0.0020021662004678,frozen_lifecycle
F06,S2,B,C08,F11,S2,B,C08,diff_device_same_challenge,0.0003229389340677,frozen_lifecycle
F06,S2,B,C08,F12,S2,B,C08,diff_device_same_challenge,0.0031519588433712,frozen_lifecycle
F06,S2,B,C08,F13,S2,B,C08,diff_device_same_challenge,0.001567871721022,frozen_lifecycle
F06,S2,B,C08,F14,S2,B,C08,diff_device_same_challenge,-0.0083397747848254,frozen_lifecycle
F06,S2,B,C08,F15,S2,B,C08,diff_device_same_challenge,-0.001890008419655,frozen_lifecycle
F07,S0,A,C01,F07,S0,A,C02,same_device_same_state_diff_challenge,-0.0562837652287409,frozen_lifecycle
F07,S0,A,C01,F07,S0,A,C03,same_device_same_state_diff_challenge,-0.1117207055191273,frozen_lifecycle
F07,S0,A,C01,F07,S0,A,C04,same_device_same_state_diff_challenge,-0.1044843496687462,frozen_lifecycle
F07,S0,A,C01,F07,S0,A,C05,same_device_same_state_diff_challenge,-0.1659854306049607,frozen_lifecycle
F07,S0,A,C01,F07,S0,A,C06,same_device_same_state_diff_challenge,-0.1828437685135839,frozen_lifecycle
F07,S0,A,C01,F07,S0,A,C07,same_device_same_state_diff_challenge,-0.171477562609643,frozen_lifecycle
F07,S0,A,C01,F07,S0,A,C08,same_device_same_state_diff_challenge,-0.1706177992589052,frozen_lifecycle
F07,S0,A,C01,F07,S0,B,C01,same_device_same_state_same_challenge,0.2797720178201223,frozen_lifecycle
F07,S0,A,C01,F07,S1,A,C01,same_device_diff_state_same_challenge,0.0016758793735023,frozen_lifecycle
F07,S0,A,C01,F07,S2,A,C01,same_device_diff_state_same_challenge,-0.0069591858710053,frozen_lifecycle
F07,S0,A,C01,F08,S0,A,C01,diff_device_same_challenge,-0.004499369712932,frozen_lifecycle
F07,S0,A,C01,F09,S0,A,C01,diff_device_same_challenge,-0.0037670551690399,frozen_lifecycle
F07,S0,A,C01,F10,S0,A,C01,diff_device_same_challenge,-0.0028952408406297,frozen_lifecycle
F07,S0,A,C01,F11,S0,A,C01,diff_device_same_challenge,-0.0051746488153584,frozen_lifecycle
F07,S0,A,C01,F12,S0,A,C01,diff_device_same_challenge,-0.0005408670209571,frozen_lifecycle
F07,S0,A,C01,F13,S0,A,C01,diff_device_same_challenge,-0.0059883669726184,frozen_lifecycle
F07,S0,A,C01,F14,S0,A,C01,diff_device_same_challenge,0.0044296155996656,frozen_lifecycle
F07,S0,A,C01,F15,S0,A,C01,diff_device_same_challenge,-0.0023323697311006,frozen_lifecycle
F07,S0,A,C02,F07,S0,A,C03,same_device_same_state_diff_challenge,-0.1202939241110042,frozen_lifecycle
F07,S0,A,C02,F07,S0,A,C04,same_device_same_state_diff_challenge,-0.097593580425028,frozen_lifecycle
F07,S0,A,C02,F07,S0,A,C05,same_device_same_state_diff_challenge,-0.168377280478896,frozen_lifecycle
F07,S0,A,C02,F07,S0,A,C06,same_device_same_state_diff_challenge,-0.1891021805882733,frozen_lifecycle
F07,S0,A,C02,F07,S0,A,C07,same_device_same_state_diff_challenge,-0.1763007997259011,frozen_lifecycle
F07,S0,A,C02,F07,S0,A,C08,same_device_same_state_diff_challenge,-0.1729846718770821,frozen_lifecycle
F07,S0,A,C02,F07,S0,B,C02,same_device_same_state_same_challenge,0.129432638164455,frozen_lifecycle
F07,S0,A,C02,F07,S1,A,C02,same_device_diff_state_same_challenge,-0.0035015183475161,frozen_lifecycle
F07,S0,A,C02,F07,S2,A,C02,same_device_diff_state_same_challenge,-0.0042034171285124,frozen_lifecycle
F07,S0,A,C02,F08,S0,A,C02,diff_device_same_challenge,0.0001517785533674,frozen_lifecycle
F07,S0,A,C02,F09,S0,A,C02,diff_device_same_challenge,-0.0024259126878072,frozen_lifecycle
F07,S0,A,C02,F10,S0,A,C02,diff_device_same_challenge,-0.0009393136688752,frozen_lifecycle
F07,S0,A,C02,F11,S0,A,C02,diff_device_same_challenge,-0.0002598922765703,frozen_lifecycle
F07,S0,A,C02,F12,S0,A,C02,diff_device_same_challenge,-0.0018338808022482,frozen_lifecycle
F07,S0,A,C02,F13,S0,A,C02,diff_device_same_challenge,-0.005575352557243,frozen_lifecycle
F07,S0,A,C02,F14,S0,A,C02,diff_device_same_challenge,0.0001999015043485,frozen_lifecycle
F07,S0,A,C02,F15,S0,A,C02,diff_device_same_challenge,0.0036573858987653,frozen_lifecycle
F07,S0,A,C03,F07,S0,A,C04,same_device_same_state_diff_challenge,-0.1390731960288817,frozen_lifecycle
F07,S0,A,C03,F07,S0,A,C05,same_device_same_state_diff_challenge,-0.1379087454256568,frozen_lifecycle
F07,S0,A,C03,F07,S0,A,C06,same_device_same_state_diff_challenge,-0.179013415355228,frozen_lifecycle
F07,S0,A,C03,F07,S0,A,C07,same_device_same_state_diff_challenge,-0.1789710835089487,frozen_lifecycle
F07,S0,A,C03,F07,S0,A,C08,same_device_same_state_diff_challenge,-0.2008049051471372,frozen_lifecycle
F07,S0,A,C03,F07,S0,B,C03,same_device_same_state_same_challenge,0.3330109912653289,frozen_lifecycle
F07,S0,A,C03,F07,S1,A,C03,same_device_diff_state_same_challenge,0.0005514588721161,frozen_lifecycle
F07,S0,A,C03,F07,S2,A,C03,same_device_diff_state_same_challenge,-0.0049607029769174,frozen_lifecycle
F07,S0,A,C03,F08,S0,A,C03,diff_device_same_challenge,-0.0011626252745609,frozen_lifecycle
F07,S0,A,C03,F09,S0,A,C03,diff_device_same_challenge,0.0025542673925927,frozen_lifecycle
F07,S0,A,C03,F10,S0,A,C03,diff_device_same_challenge,0.0059599594002627,frozen_lifecycle
F07,S0,A,C03,F11,S0,A,C03,diff_device_same_challenge,-0.0018421835286867,frozen_lifecycle
F07,S0,A,C03,F12,S0,A,C03,diff_device_same_challenge,0.0008612130209203,frozen_lifecycle
F07,S0,A,C03,F13,S0,A,C03,diff_device_same_challenge,0.0020625961708433,frozen_lifecycle
F07,S0,A,C03,F14,S0,A,C03,diff_device_same_challenge,0.0045367540840748,frozen_lifecycle
F07,S0,A,C03,F15,S0,A,C03,diff_device_same_challenge,-0.0003761088964577,frozen_lifecycle
F07,S0,A,C04,F07,S0,A,C05,same_device_same_state_diff_challenge,-0.1303931542071501,frozen_lifecycle
F07,S0,A,C04,F07,S0,A,C06,same_device_same_state_diff_challenge,-0.1856396115542385,frozen_lifecycle
F07,S0,A,C04,F07,S0,A,C07,same_device_same_state_diff_challenge,-0.1742820825037376,frozen_lifecycle
F07,S0,A,C04,F07,S0,A,C08,same_device_same_state_diff_challenge,-0.1807418504812357,frozen_lifecycle
F07,S0,A,C04,F07,S0,B,C04,same_device_same_state_same_challenge,0.6514100012344698,frozen_lifecycle
F07,S0,A,C04,F07,S1,A,C04,same_device_diff_state_same_challenge,-0.0062228548923531,frozen_lifecycle
F07,S0,A,C04,F07,S2,A,C04,same_device_diff_state_same_challenge,-0.0008793421442656,frozen_lifecycle
F07,S0,A,C04,F08,S0,A,C04,diff_device_same_challenge,0.0054780704411208,frozen_lifecycle
F07,S0,A,C04,F09,S0,A,C04,diff_device_same_challenge,-0.0062508041378274,frozen_lifecycle
F07,S0,A,C04,F10,S0,A,C04,diff_device_same_challenge,0.0051602451927613,frozen_lifecycle
F07,S0,A,C04,F11,S0,A,C04,diff_device_same_challenge,-0.0046772184947401,frozen_lifecycle
F07,S0,A,C04,F12,S0,A,C04,diff_device_same_challenge,0.0011432726625685,frozen_lifecycle
F07,S0,A,C04,F13,S0,A,C04,diff_device_same_challenge,-0.0036568027490477,frozen_lifecycle
F07,S0,A,C04,F14,S0,A,C04,diff_device_same_challenge,0.0017287909104213,frozen_lifecycle
F07,S0,A,C04,F15,S0,A,C04,diff_device_same_challenge,-0.0019171117469279,frozen_lifecycle
F07,S0,A,C05,F07,S0,A,C06,same_device_same_state_diff_challenge,-0.0190044180097677,frozen_lifecycle
F07,S0,A,C05,F07,S0,A,C07,same_device_same_state_diff_challenge,-0.1725196035645161,frozen_lifecycle
F07,S0,A,C05,F07,S0,A,C08,same_device_same_state_diff_challenge,-0.1796315537972956,frozen_lifecycle
F07,S0,A,C05,F07,S0,B,C05,same_device_same_state_same_challenge,0.4167403191857954,frozen_lifecycle
F07,S0,A,C05,F07,S1,A,C05,same_device_diff_state_same_challenge,0.0042395819960617,frozen_lifecycle
F07,S0,A,C05,F07,S2,A,C05,same_device_diff_state_same_challenge,0.0052252085743688,frozen_lifecycle
F07,S0,A,C05,F08,S0,A,C05,diff_device_same_challenge,0.0038918111486442,frozen_lifecycle
F07,S0,A,C05,F09,S0,A,C05,diff_device_same_challenge,-0.0013834651898378,frozen_lifecycle
F07,S0,A,C05,F10,S0,A,C05,diff_device_same_challenge,0.00126703627792,frozen_lifecycle
F07,S0,A,C05,F11,S0,A,C05,diff_device_same_challenge,0.0041867436408176,frozen_lifecycle
F07,S0,A,C05,F12,S0,A,C05,diff_device_same_challenge,0.0021822322675882,frozen_lifecycle
F07,S0,A,C05,F13,S0,A,C05,diff_device_same_challenge,-0.0047324127820653,frozen_lifecycle
F07,S0,A,C05,F14,S0,A,C05,diff_device_same_challenge,0.000982828017461,frozen_lifecycle
F07,S0,A,C05,F15,S0,A,C05,diff_device_same_challenge,-0.002197956962888,frozen_lifecycle
F07,S0,A,C06,F07,S0,A,C07,same_device_same_state_diff_challenge,-0.0803389686814599,frozen_lifecycle
F07,S0,A,C06,F07,S0,A,C08,same_device_same_state_diff_challenge,-0.1183553985173814,frozen_lifecycle
F07,S0,A,C06,F07,S0,B,C06,same_device_same_state_same_challenge,-0.0050050932041054,frozen_lifecycle
F07,S0,A,C06,F07,S1,A,C06,same_device_diff_state_same_challenge,0.0004238481874528,frozen_lifecycle
F07,S0,A,C06,F07,S2,A,C06,same_device_diff_state_same_challenge,0.0046401493582157,frozen_lifecycle
F07,S0,A,C06,F08,S0,A,C06,diff_device_same_challenge,0.0028392815116047,frozen_lifecycle
F07,S0,A,C06,F09,S0,A,C06,diff_device_same_challenge,0.0007204753894341,frozen_lifecycle
F07,S0,A,C06,F10,S0,A,C06,diff_device_same_challenge,0.0009117351344386,frozen_lifecycle
F07,S0,A,C06,F11,S0,A,C06,diff_device_same_challenge,-0.004715371088062,frozen_lifecycle
F07,S0,A,C06,F12,S0,A,C06,diff_device_same_challenge,0.0035291077482211,frozen_lifecycle
F07,S0,A,C06,F13,S0,A,C06,diff_device_same_challenge,-0.002560039662966,frozen_lifecycle
F07,S0,A,C06,F14,S0,A,C06,diff_device_same_challenge,-0.0015660956131636,frozen_lifecycle
F07,S0,A,C06,F15,S0,A,C06,diff_device_same_challenge,0.0010605511907491,frozen_lifecycle
F07,S0,A,C07,F07,S0,A,C08,same_device_same_state_diff_challenge,-0.029742851291977,frozen_lifecycle
F07,S0,A,C07,F07,S0,B,C07,same_device_same_state_same_challenge,0.5555571067840724,frozen_lifecycle
F07,S0,A,C07,F07,S1,A,C07,same_device_diff_state_same_challenge,0.0044179339359323,frozen_lifecycle
F07,S0,A,C07,F07,S2,A,C07,same_device_diff_state_same_challenge,-0.0017430311144446,frozen_lifecycle
F07,S0,A,C07,F08,S0,A,C07,diff_device_same_challenge,-0.0008020840580778,frozen_lifecycle
F07,S0,A,C07,F09,S0,A,C07,diff_device_same_challenge,-0.0046358247597692,frozen_lifecycle
F07,S0,A,C07,F10,S0,A,C07,diff_device_same_challenge,-0.0011382411556472,frozen_lifecycle
F07,S0,A,C07,F11,S0,A,C07,diff_device_same_challenge,0.0020330224366752,frozen_lifecycle
F07,S0,A,C07,F12,S0,A,C07,diff_device_same_challenge,0.0013338930752175,frozen_lifecycle
F07,S0,A,C07,F13,S0,A,C07,diff_device_same_challenge,-0.0074311961800918,frozen_lifecycle
F07,S0,A,C07,F14,S0,A,C07,diff_device_same_challenge,-0.0028131503401039,frozen_lifecycle
F07,S0,A,C07,F15,S0,A,C07,diff_device_same_challenge,-0.0010601215735754,frozen_lifecycle
F07,S0,A,C08,F07,S0,B,C08,same_device_same_state_same_challenge,0.6491796615643299,frozen_lifecycle
F07,S0,A,C08,F07,S1,A,C08,same_device_diff_state_same_challenge,0.0044668203414922,frozen_lifecycle
F07,S0,A,C08,F07,S2,A,C08,same_device_diff_state_same_challenge,-0.0036076503251834,frozen_lifecycle
F07,S0,A,C08,F08,S0,A,C08,diff_device_same_challenge,0.0059571921903976,frozen_lifecycle
F07,S0,A,C08,F09,S0,A,C08,diff_device_same_challenge,0.0066153623053295,frozen_lifecycle
F07,S0,A,C08,F10,S0,A,C08,diff_device_same_challenge,-0.0092282956027629,frozen_lifecycle
F07,S0,A,C08,F11,S0,A,C08,diff_device_same_challenge,-0.0014128536626913,frozen_lifecycle
F07,S0,A,C08,F12,S0,A,C08,diff_device_same_challenge,-0.0077351556996733,frozen_lifecycle
F07,S0,A,C08,F13,S0,A,C08,diff_device_same_challenge,-0.0008560913129772,frozen_lifecycle
F07,S0,A,C08,F14,S0,A,C08,diff_device_same_challenge,0.0020687293701387,frozen_lifecycle
F07,S0,A,C08,F15,S0,A,C08,diff_device_same_challenge,0.0040465952965728,frozen_lifecycle
F07,S0,B,C01,F07,S0,B,C02,same_device_same_state_diff_challenge,-0.1181509484801627,frozen_lifecycle
F07,S0,B,C01,F07,S0,B,C03,same_device_same_state_diff_challenge,-0.1291491697352483,frozen_lifecycle
F07,S0,B,C01,F07,S0,B,C04,same_device_same_state_diff_challenge,-0.0879251963112063,frozen_lifecycle
F07,S0,B,C01,F07,S0,B,C05,same_device_same_state_diff_challenge,-0.1523738506782969,frozen_lifecycle
F07,S0,B,C01,F07,S0,B,C06,same_device_same_state_diff_challenge,-0.0858327769616059,frozen_lifecycle
F07,S0,B,C01,F07,S0,B,C07,same_device_same_state_diff_challenge,-0.1905456891993937,frozen_lifecycle
F07,S0,B,C01,F07,S0,B,C08,same_device_same_state_diff_challenge,-0.1762696669049186,frozen_lifecycle
F07,S0,B,C01,F07,S1,B,C01,same_device_diff_state_same_challenge,-0.0012770472972708,frozen_lifecycle
F07,S0,B,C01,F07,S2,B,C01,same_device_diff_state_same_challenge,0.0026404616489351,frozen_lifecycle
F07,S0,B,C01,F08,S0,B,C01,diff_device_same_challenge,0.0031537383511065,frozen_lifecycle
F07,S0,B,C01,F09,S0,B,C01,diff_device_same_challenge,0.0034417488174579,frozen_lifecycle
F07,S0,B,C01,F10,S0,B,C01,diff_device_same_challenge,-0.0035343708856225,frozen_lifecycle
F07,S0,B,C01,F11,S0,B,C01,diff_device_same_challenge,0.0016554842954148,frozen_lifecycle
F07,S0,B,C01,F12,S0,B,C01,diff_device_same_challenge,0.0012442365135759,frozen_lifecycle
F07,S0,B,C01,F13,S0,B,C01,diff_device_same_challenge,0.0051492060552091,frozen_lifecycle
F07,S0,B,C01,F14,S0,B,C01,diff_device_same_challenge,0.0021808189836781,frozen_lifecycle
F07,S0,B,C01,F15,S0,B,C01,diff_device_same_challenge,-0.0066081983014808,frozen_lifecycle
F07,S0,B,C02,F07,S0,B,C03,same_device_same_state_diff_challenge,-0.1415986172436192,frozen_lifecycle
F07,S0,B,C02,F07,S0,B,C04,same_device_same_state_diff_challenge,-0.0692232759795024,frozen_lifecycle
F07,S0,B,C02,F07,S0,B,C05,same_device_same_state_diff_challenge,-0.1824857978220085,frozen_lifecycle
F07,S0,B,C02,F07,S0,B,C06,same_device_same_state_diff_challenge,-0.127415964978083,frozen_lifecycle
F07,S0,B,C02,F07,S0,B,C07,same_device_same_state_diff_challenge,-0.2105293904232051,frozen_lifecycle
F07,S0,B,C02,F07,S0,B,C08,same_device_same_state_diff_challenge,-0.1982115981991469,frozen_lifecycle
F07,S0,B,C02,F07,S1,B,C02,same_device_diff_state_same_challenge,-0.0018473649474419,frozen_lifecycle
F07,S0,B,C02,F07,S2,B,C02,same_device_diff_state_same_challenge,0.0016096991113044,frozen_lifecycle
F07,S0,B,C02,F08,S0,B,C02,diff_device_same_challenge,-0.0012935247770403,frozen_lifecycle
F07,S0,B,C02,F09,S0,B,C02,diff_device_same_challenge,0.0028599558180984,frozen_lifecycle
F07,S0,B,C02,F10,S0,B,C02,diff_device_same_challenge,-0.0006560144182314,frozen_lifecycle
F07,S0,B,C02,F11,S0,B,C02,diff_device_same_challenge,0.0002612022504375,frozen_lifecycle
F07,S0,B,C02,F12,S0,B,C02,diff_device_same_challenge,-0.0044797480303183,frozen_lifecycle
F07,S0,B,C02,F13,S0,B,C02,diff_device_same_challenge,-0.0053405631856693,frozen_lifecycle
F07,S0,B,C02,F14,S0,B,C02,diff_device_same_challenge,0.0045006718956474,frozen_lifecycle
F07,S0,B,C02,F15,S0,B,C02,diff_device_same_challenge,0.0027862334434561,frozen_lifecycle
F07,S0,B,C03,F07,S0,B,C04,same_device_same_state_diff_challenge,-0.1069545728523081,frozen_lifecycle
F07,S0,B,C03,F07,S0,B,C05,same_device_same_state_diff_challenge,-0.1289938473730161,frozen_lifecycle
F07,S0,B,C03,F07,S0,B,C06,same_device_same_state_diff_challenge,-0.142030781470958,frozen_lifecycle
F07,S0,B,C03,F07,S0,B,C07,same_device_same_state_diff_challenge,-0.1976585941609077,frozen_lifecycle
F07,S0,B,C03,F07,S0,B,C08,same_device_same_state_diff_challenge,-0.2054190291728997,frozen_lifecycle
F07,S0,B,C03,F07,S1,B,C03,same_device_diff_state_same_challenge,-0.0027309097213253,frozen_lifecycle
F07,S0,B,C03,F07,S2,B,C03,same_device_diff_state_same_challenge,0.007716447088765,frozen_lifecycle
F07,S0,B,C03,F08,S0,B,C03,diff_device_same_challenge,0.0003635219630151,frozen_lifecycle
F07,S0,B,C03,F09,S0,B,C03,diff_device_same_challenge,-0.0019062028005933,frozen_lifecycle
F07,S0,B,C03,F10,S0,B,C03,diff_device_same_challenge,-0.0007320817092921,frozen_lifecycle
F07,S0,B,C03,F11,S0,B,C03,diff_device_same_challenge,-0.0052852432291217,frozen_lifecycle
F07,S0,B,C03,F12,S0,B,C03,diff_device_same_challenge,0.0003723367833709,frozen_lifecycle
F07,S0,B,C03,F13,S0,B,C03,diff_device_same_challenge,0.0038080745323189,frozen_lifecycle
F07,S0,B,C03,F14,S0,B,C03,diff_device_same_challenge,0.0023269538129581,frozen_lifecycle
F07,S0,B,C03,F15,S0,B,C03,diff_device_same_challenge,0.0039805365930592,frozen_lifecycle
F07,S0,B,C04,F07,S0,B,C05,same_device_same_state_diff_challenge,-0.1559119655430512,frozen_lifecycle
F07,S0,B,C04,F07,S0,B,C06,same_device_same_state_diff_challenge,-0.1126769190762255,frozen_lifecycle
F07,S0,B,C04,F07,S0,B,C07,same_device_same_state_diff_challenge,-0.1815352153461949,frozen_lifecycle
F07,S0,B,C04,F07,S0,B,C08,same_device_same_state_diff_challenge,-0.1709300456746736,frozen_lifecycle
F07,S0,B,C04,F07,S1,B,C04,same_device_diff_state_same_challenge,-0.0054631239527067,frozen_lifecycle
F07,S0,B,C04,F07,S2,B,C04,same_device_diff_state_same_challenge,0.0016050939252193,frozen_lifecycle
F07,S0,B,C04,F08,S0,B,C04,diff_device_same_challenge,0.0039867504260521,frozen_lifecycle
F07,S0,B,C04,F09,S0,B,C04,diff_device_same_challenge,-0.0050643090571716,frozen_lifecycle
F07,S0,B,C04,F10,S0,B,C04,diff_device_same_challenge,0.0021098156713973,frozen_lifecycle
F07,S0,B,C04,F11,S0,B,C04,diff_device_same_challenge,-0.0014353370265286,frozen_lifecycle
F07,S0,B,C04,F12,S0,B,C04,diff_device_same_challenge,0.0028352220462787,frozen_lifecycle
F07,S0,B,C04,F13,S0,B,C04,diff_device_same_challenge,0.0014292574671424,frozen_lifecycle
F07,S0,B,C04,F14,S0,B,C04,diff_device_same_challenge,0.0007296145814013,frozen_lifecycle
F07,S0,B,C04,F15,S0,B,C04,diff_device_same_challenge,-0.0016273959271187,frozen_lifecycle
F07,S0,B,C05,F07,S0,B,C06,same_device_same_state_diff_challenge,-0.1486639490471621,frozen_lifecycle
F07,S0,B,C05,F07,S0,B,C07,same_device_same_state_diff_challenge,-0.1371522032272023,frozen_lifecycle
F07,S0,B,C05,F07,S0,B,C08,same_device_same_state_diff_challenge,-0.1623415157831748,frozen_lifecycle
F07,S0,B,C05,F07,S1,B,C05,same_device_diff_state_same_challenge,-0.0002378871507698,frozen_lifecycle
F07,S0,B,C05,F07,S2,B,C05,same_device_diff_state_same_challenge,0.0089363037917827,frozen_lifecycle
F07,S0,B,C05,F08,S0,B,C05,diff_device_same_challenge,0.0007605541631485,frozen_lifecycle
F07,S0,B,C05,F09,S0,B,C05,diff_device_same_challenge,0.0064222428796191,frozen_lifecycle
F07,S0,B,C05,F10,S0,B,C05,diff_device_same_challenge,0.0025279424388881,frozen_lifecycle
F07,S0,B,C05,F11,S0,B,C05,diff_device_same_challenge,0.0003451134263425,frozen_lifecycle
F07,S0,B,C05,F12,S0,B,C05,diff_device_same_challenge,0.0048789707010908,frozen_lifecycle
F07,S0,B,C05,F13,S0,B,C05,diff_device_same_challenge,-0.0047495421911197,frozen_lifecycle
F07,S0,B,C05,F14,S0,B,C05,diff_device_same_challenge,-0.0021584878018951,frozen_lifecycle
F07,S0,B,C05,F15,S0,B,C05,diff_device_same_challenge,-0.0024490577437932,frozen_lifecycle
F07,S0,B,C06,F07,S0,B,C07,same_device_same_state_diff_challenge,-0.189208616617981,frozen_lifecycle
F07,S0,B,C06,F07,S0,B,C08,same_device_same_state_diff_challenge,-0.1771158223104544,frozen_lifecycle
F07,S0,B,C06,F07,S1,B,C06,same_device_diff_state_same_challenge,0.0046363887114426,frozen_lifecycle
F07,S0,B,C06,F07,S2,B,C06,same_device_diff_state_same_challenge,-0.003418795852064,frozen_lifecycle
F07,S0,B,C06,F08,S0,B,C06,diff_device_same_challenge,-0.0007810999325699,frozen_lifecycle
F07,S0,B,C06,F09,S0,B,C06,diff_device_same_challenge,-0.0049636048719877,frozen_lifecycle
F07,S0,B,C06,F10,S0,B,C06,diff_device_same_challenge,-0.0061257616267948,frozen_lifecycle
F07,S0,B,C06,F11,S0,B,C06,diff_device_same_challenge,-0.0017219574732322,frozen_lifecycle
F07,S0,B,C06,F12,S0,B,C06,diff_device_same_challenge,-0.0033256009710254,frozen_lifecycle
F07,S0,B,C06,F13,S0,B,C06,diff_device_same_challenge,-0.0034870995394425,frozen_lifecycle
F07,S0,B,C06,F14,S0,B,C06,diff_device_same_challenge,-0.0005244726462903,frozen_lifecycle
F07,S0,B,C06,F15,S0,B,C06,diff_device_same_challenge,0.0014508299845769,frozen_lifecycle
F07,S0,B,C07,F07,S0,B,C08,same_device_same_state_diff_challenge,0.0982185736415522,frozen_lifecycle
F07,S0,B,C07,F07,S1,B,C07,same_device_diff_state_same_challenge,-0.000461549810194,frozen_lifecycle
F07,S0,B,C07,F07,S2,B,C07,same_device_diff_state_same_challenge,0.0004383515618139,frozen_lifecycle
F07,S0,B,C07,F08,S0,B,C07,diff_device_same_challenge,0.0015058010324828,frozen_lifecycle
F07,S0,B,C07,F09,S0,B,C07,diff_device_same_challenge,-0.0048202358666235,frozen_lifecycle
F07,S0,B,C07,F10,S0,B,C07,diff_device_same_challenge,0.0058202629323736,frozen_lifecycle
F07,S0,B,C07,F11,S0,B,C07,diff_device_same_challenge,-0.0011946752681812,frozen_lifecycle
F07,S0,B,C07,F12,S0,B,C07,diff_device_same_challenge,-0.0047722069778386,frozen_lifecycle
F07,S0,B,C07,F13,S0,B,C07,diff_device_same_challenge,0.0007782106248118,frozen_lifecycle
F07,S0,B,C07,F14,S0,B,C07,diff_device_same_challenge,0.001036303546424,frozen_lifecycle
F07,S0,B,C07,F15,S0,B,C07,diff_device_same_challenge,-0.0035782722495775,frozen_lifecycle
F07,S0,B,C08,F07,S1,B,C08,same_device_diff_state_same_challenge,0.0062761354365784,frozen_lifecycle
F07,S0,B,C08,F07,S2,B,C08,same_device_diff_state_same_challenge,-0.0058306912656025,frozen_lifecycle
F07,S0,B,C08,F08,S0,B,C08,diff_device_same_challenge,0.0055156181792687,frozen_lifecycle
F07,S0,B,C08,F09,S0,B,C08,diff_device_same_challenge,0.0007561277559631,frozen_lifecycle
F07,S0,B,C08,F10,S0,B,C08,diff_device_same_challenge,-0.0059426943356961,frozen_lifecycle
F07,S0,B,C08,F11,S0,B,C08,diff_device_same_challenge,0.004533494127331,frozen_lifecycle
F07,S0,B,C08,F12,S0,B,C08,diff_device_same_challenge,-0.0087899155598671,frozen_lifecycle
F07,S0,B,C08,F13,S0,B,C08,diff_device_same_challenge,0.0006730853102519,frozen_lifecycle
F07,S0,B,C08,F14,S0,B,C08,diff_device_same_challenge,0.002129545936816,frozen_lifecycle
F07,S0,B,C08,F15,S0,B,C08,diff_device_same_challenge,-0.0032004484328275,frozen_lifecycle
F07,S1,A,C01,F07,S1,A,C02,same_device_same_state_diff_challenge,0.0364613870709267,frozen_lifecycle
F07,S1,A,C01,F07,S1,A,C03,same_device_same_state_diff_challenge,-0.0535949273772513,frozen_lifecycle
F07,S1,A,C01,F07,S1,A,C04,same_device_same_state_diff_challenge,-0.1163457429608645,frozen_lifecycle
F07,S1,A,C01,F07,S1,A,C05,same_device_same_state_diff_challenge,-0.1082398423636612,frozen_lifecycle
F07,S1,A,C01,F07,S1,A,C06,same_device_same_state_diff_challenge,-0.2163007792117749,frozen_lifecycle
F07,S1,A,C01,F07,S1,A,C07,same_device_same_state_diff_challenge,-0.2231410950819382,frozen_lifecycle
F07,S1,A,C01,F07,S1,A,C08,same_device_same_state_diff_challenge,-0.2172719518882048,frozen_lifecycle
F07,S1,A,C01,F07,S1,B,C01,same_device_same_state_same_challenge,0.1460823354952567,frozen_lifecycle
F07,S1,A,C01,F07,S2,A,C01,same_device_diff_state_same_challenge,-0.0028214348205995,frozen_lifecycle
F07,S1,A,C01,F08,S1,A,C01,diff_device_same_challenge,0.0012478761442138,frozen_lifecycle
F07,S1,A,C01,F09,S1,A,C01,diff_device_same_challenge,0.002458271427927,frozen_lifecycle
F07,S1,A,C01,F10,S1,A,C01,diff_device_same_challenge,-0.0029964558319223,frozen_lifecycle
F07,S1,A,C01,F11,S1,A,C01,diff_device_same_challenge,0.0006306720515609,frozen_lifecycle
F07,S1,A,C01,F12,S1,A,C01,diff_device_same_challenge,0.0005963781318528,frozen_lifecycle
F07,S1,A,C01,F13,S1,A,C01,diff_device_same_challenge,-0.0014037194991422,frozen_lifecycle
F07,S1,A,C01,F14,S1,A,C01,diff_device_same_challenge,-0.0021847586539189,frozen_lifecycle
F07,S1,A,C01,F15,S1,A,C01,diff_device_same_challenge,-0.0007924776445428,frozen_lifecycle
F07,S1,A,C02,F07,S1,A,C03,same_device_same_state_diff_challenge,0.0207455050778088,frozen_lifecycle
F07,S1,A,C02,F07,S1,A,C04,same_device_same_state_diff_challenge,-0.1207878222794576,frozen_lifecycle
F07,S1,A,C02,F07,S1,A,C05,same_device_same_state_diff_challenge,-0.1112113999579444,frozen_lifecycle
F07,S1,A,C02,F07,S1,A,C06,same_device_same_state_diff_challenge,-0.2237241046677469,frozen_lifecycle
F07,S1,A,C02,F07,S1,A,C07,same_device_same_state_diff_challenge,-0.2262017628564442,frozen_lifecycle
F07,S1,A,C02,F07,S1,A,C08,same_device_same_state_diff_challenge,-0.2281463600065669,frozen_lifecycle
F07,S1,A,C02,F07,S1,B,C02,same_device_same_state_same_challenge,0.5328816079705682,frozen_lifecycle
F07,S1,A,C02,F07,S2,A,C02,same_device_diff_state_same_challenge,0.0029199526569002,frozen_lifecycle
F07,S1,A,C02,F08,S1,A,C02,diff_device_same_challenge,0.0017423451919227,frozen_lifecycle
F07,S1,A,C02,F09,S1,A,C02,diff_device_same_challenge,0.0005085531445337,frozen_lifecycle
F07,S1,A,C02,F10,S1,A,C02,diff_device_same_challenge,0.0007607724466152,frozen_lifecycle
F07,S1,A,C02,F11,S1,A,C02,diff_device_same_challenge,0.0036789865420977,frozen_lifecycle
F07,S1,A,C02,F12,S1,A,C02,diff_device_same_challenge,-0.0027664075092846,frozen_lifecycle
F07,S1,A,C02,F13,S1,A,C02,diff_device_same_challenge,-0.0036613685338407,frozen_lifecycle
F07,S1,A,C02,F14,S1,A,C02,diff_device_same_challenge,0.0068245723036522,frozen_lifecycle
F07,S1,A,C02,F15,S1,A,C02,diff_device_same_challenge,-0.0028623261223936,frozen_lifecycle
F07,S1,A,C03,F07,S1,A,C04,same_device_same_state_diff_challenge,-0.151786563131159,frozen_lifecycle
F07,S1,A,C03,F07,S1,A,C05,same_device_same_state_diff_challenge,-0.1396630076179013,frozen_lifecycle
F07,S1,A,C03,F07,S1,A,C06,same_device_same_state_diff_challenge,-0.2494786466408881,frozen_lifecycle
F07,S1,A,C03,F07,S1,A,C07,same_device_same_state_diff_challenge,-0.2503546178912394,frozen_lifecycle
F07,S1,A,C03,F07,S1,A,C08,same_device_same_state_diff_challenge,-0.2366434442487066,frozen_lifecycle
F07,S1,A,C03,F07,S1,B,C03,same_device_same_state_same_challenge,0.1385428782906795,frozen_lifecycle
F07,S1,A,C03,F07,S2,A,C03,same_device_diff_state_same_challenge,-9.928890019895092e-05,frozen_lifecycle
F07,S1,A,C03,F08,S1,A,C03,diff_device_same_challenge,-0.0014819777481352,frozen_lifecycle
F07,S1,A,C03,F09,S1,A,C03,diff_device_same_challenge,-0.0025144793870729,frozen_lifecycle
F07,S1,A,C03,F10,S1,A,C03,diff_device_same_challenge,-0.0002895083112717,frozen_lifecycle
F07,S1,A,C03,F11,S1,A,C03,diff_device_same_challenge,0.0012193763226438,frozen_lifecycle
F07,S1,A,C03,F12,S1,A,C03,diff_device_same_challenge,-8.999515935500277e-06,frozen_lifecycle
F07,S1,A,C03,F13,S1,A,C03,diff_device_same_challenge,0.0072663082249989,frozen_lifecycle
F07,S1,A,C03,F14,S1,A,C03,diff_device_same_challenge,0.0043182239410329,frozen_lifecycle
F07,S1,A,C03,F15,S1,A,C03,diff_device_same_challenge,0.0046078999712891,frozen_lifecycle
F07,S1,A,C04,F07,S1,A,C05,same_device_same_state_diff_challenge,-0.0842012949631362,frozen_lifecycle
F07,S1,A,C04,F07,S1,A,C06,same_device_same_state_diff_challenge,-0.2026225528977099,frozen_lifecycle
F07,S1,A,C04,F07,S1,A,C07,same_device_same_state_diff_challenge,-0.2109145467643194,frozen_lifecycle
F07,S1,A,C04,F07,S1,A,C08,same_device_same_state_diff_challenge,-0.2052791093843904,frozen_lifecycle
F07,S1,A,C04,F07,S1,B,C04,same_device_same_state_same_challenge,0.5225790725849719,frozen_lifecycle
F07,S1,A,C04,F07,S2,A,C04,same_device_diff_state_same_challenge,0.0085759845425108,frozen_lifecycle
F07,S1,A,C04,F08,S1,A,C04,diff_device_same_challenge,-0.0005631145036421,frozen_lifecycle
F07,S1,A,C04,F09,S1,A,C04,diff_device_same_challenge,-0.0009532523884756,frozen_lifecycle
F07,S1,A,C04,F10,S1,A,C04,diff_device_same_challenge,-0.0057129210739759,frozen_lifecycle
F07,S1,A,C04,F11,S1,A,C04,diff_device_same_challenge,0.0035009308858095,frozen_lifecycle
F07,S1,A,C04,F12,S1,A,C04,diff_device_same_challenge,-0.0021721146495568,frozen_lifecycle
F07,S1,A,C04,F13,S1,A,C04,diff_device_same_challenge,0.0014759680571768,frozen_lifecycle
F07,S1,A,C04,F14,S1,A,C04,diff_device_same_challenge,0.0055242332469856,frozen_lifecycle
F07,S1,A,C04,F15,S1,A,C04,diff_device_same_challenge,-0.0020196131209641,frozen_lifecycle
F07,S1,A,C05,F07,S1,A,C06,same_device_same_state_diff_challenge,-0.221767080731543,frozen_lifecycle
F07,S1,A,C05,F07,S1,A,C07,same_device_same_state_diff_challenge,-0.1561859694685991,frozen_lifecycle
F07,S1,A,C05,F07,S1,A,C08,same_device_same_state_diff_challenge,-0.2107743156230521,frozen_lifecycle
F07,S1,A,C05,F07,S1,B,C05,same_device_same_state_same_challenge,0.1389341836006497,frozen_lifecycle
F07,S1,A,C05,F07,S2,A,C05,same_device_diff_state_same_challenge,-0.002527719064387,frozen_lifecycle
F07,S1,A,C05,F08,S1,A,C05,diff_device_same_challenge,-0.0018834327030611,frozen_lifecycle
F07,S1,A,C05,F09,S1,A,C05,diff_device_same_challenge,6.462026711812685e-05,frozen_lifecycle
F07,S1,A,C05,F10,S1,A,C05,diff_device_same_challenge,0.0061414622273901,frozen_lifecycle
F07,S1,A,C05,F11,S1,A,C05,diff_device_same_challenge,-0.0007509993993868,frozen_lifecycle
F07,S1,A,C05,F12,S1,A,C05,diff_device_same_challenge,-0.0022861436100554,frozen_lifecycle
F07,S1,A,C05,F13,S1,A,C05,diff_device_same_challenge,-0.0009372218622493,frozen_lifecycle
F07,S1,A,C05,F14,S1,A,C05,diff_device_same_challenge,0.0029128386920129,frozen_lifecycle
F07,S1,A,C05,F15,S1,A,C05,diff_device_same_challenge,0.0010042630165143,frozen_lifecycle
F07,S1,A,C06,F07,S1,A,C07,same_device_same_state_diff_challenge,0.0605857665412437,frozen_lifecycle
F07,S1,A,C06,F07,S1,A,C08,same_device_same_state_diff_challenge,0.0614073395198964,frozen_lifecycle
F07,S1,A,C06,F07,S1,B,C06,same_device_same_state_same_challenge,0.3465724986716461,frozen_lifecycle
F07,S1,A,C06,F07,S2,A,C06,same_device_diff_state_same_challenge,0.000626717710837,frozen_lifecycle
F07,S1,A,C06,F08,S1,A,C06,diff_device_same_challenge,-0.0076420721544128,frozen_lifecycle
F07,S1,A,C06,F09,S1,A,C06,diff_device_same_challenge,0.0025049972361964,frozen_lifecycle
F07,S1,A,C06,F10,S1,A,C06,diff_device_same_challenge,0.0027188147501294,frozen_lifecycle
F07,S1,A,C06,F11,S1,A,C06,diff_device_same_challenge,-0.0010493643084882,frozen_lifecycle
F07,S1,A,C06,F12,S1,A,C06,diff_device_same_challenge,0.002504616942022,frozen_lifecycle
F07,S1,A,C06,F13,S1,A,C06,diff_device_same_challenge,-0.003650312724215,frozen_lifecycle
F07,S1,A,C06,F14,S1,A,C06,diff_device_same_challenge,0.0019225593204968,frozen_lifecycle
F07,S1,A,C06,F15,S1,A,C06,diff_device_same_challenge,-0.0037415762858075,frozen_lifecycle
F07,S1,A,C07,F07,S1,A,C08,same_device_same_state_diff_challenge,0.0061055471199152,frozen_lifecycle
F07,S1,A,C07,F07,S1,B,C07,same_device_same_state_same_challenge,0.6082543295589147,frozen_lifecycle
F07,S1,A,C07,F07,S2,A,C07,same_device_diff_state_same_challenge,-0.0039475918116954,frozen_lifecycle
F07,S1,A,C07,F08,S1,A,C07,diff_device_same_challenge,-0.0029800515296971,frozen_lifecycle
F07,S1,A,C07,F09,S1,A,C07,diff_device_same_challenge,-0.0016468874450912,frozen_lifecycle
F07,S1,A,C07,F10,S1,A,C07,diff_device_same_challenge,-0.0058388415910763,frozen_lifecycle
F07,S1,A,C07,F11,S1,A,C07,diff_device_same_challenge,-0.0022515011221763,frozen_lifecycle
F07,S1,A,C07,F12,S1,A,C07,diff_device_same_challenge,0.0009119577674587,frozen_lifecycle
F07,S1,A,C07,F13,S1,A,C07,diff_device_same_challenge,0.0015850453339231,frozen_lifecycle
F07,S1,A,C07,F14,S1,A,C07,diff_device_same_challenge,-0.0022280530448504,frozen_lifecycle
F07,S1,A,C07,F15,S1,A,C07,diff_device_same_challenge,0.0025594865953466,frozen_lifecycle
F07,S1,A,C08,F07,S1,B,C08,same_device_same_state_same_challenge,0.6999273474330945,frozen_lifecycle
F07,S1,A,C08,F07,S2,A,C08,same_device_diff_state_same_challenge,0.0017434649436024,frozen_lifecycle
F07,S1,A,C08,F08,S1,A,C08,diff_device_same_challenge,-0.001130820282028,frozen_lifecycle
F07,S1,A,C08,F09,S1,A,C08,diff_device_same_challenge,-0.0036605994108565,frozen_lifecycle
F07,S1,A,C08,F10,S1,A,C08,diff_device_same_challenge,0.0017829508522039,frozen_lifecycle
F07,S1,A,C08,F11,S1,A,C08,diff_device_same_challenge,-0.0025008896318303,frozen_lifecycle
F07,S1,A,C08,F12,S1,A,C08,diff_device_same_challenge,0.000685642143638,frozen_lifecycle
F07,S1,A,C08,F13,S1,A,C08,diff_device_same_challenge,0.0086271126655353,frozen_lifecycle
F07,S1,A,C08,F14,S1,A,C08,diff_device_same_challenge,0.0107600176585126,frozen_lifecycle
F07,S1,A,C08,F15,S1,A,C08,diff_device_same_challenge,0.002157806213901,frozen_lifecycle
F07,S1,B,C01,F07,S1,B,C02,same_device_same_state_diff_challenge,-0.0513423355715848,frozen_lifecycle
F07,S1,B,C01,F07,S1,B,C03,same_device_same_state_diff_challenge,-0.1177702082808756,frozen_lifecycle
F07,S1,B,C01,F07,S1,B,C04,same_device_same_state_diff_challenge,-0.1510338981706735,frozen_lifecycle
F07,S1,B,C01,F07,S1,B,C05,same_device_same_state_diff_challenge,-0.1225845958459384,frozen_lifecycle
F07,S1,B,C01,F07,S1,B,C06,same_device_same_state_diff_challenge,-0.1574236462545947,frozen_lifecycle
F07,S1,B,C01,F07,S1,B,C07,same_device_same_state_diff_challenge,-0.1881951069681833,frozen_lifecycle
F07,S1,B,C01,F07,S1,B,C08,same_device_same_state_diff_challenge,-0.181849328125426,frozen_lifecycle
F07,S1,B,C01,F07,S2,B,C01,same_device_diff_state_same_challenge,0.0041310217319233,frozen_lifecycle
F07,S1,B,C01,F08,S1,B,C01,diff_device_same_challenge,0.0005766801248655,frozen_lifecycle
F07,S1,B,C01,F09,S1,B,C01,diff_device_same_challenge,0.0097181599588996,frozen_lifecycle
F07,S1,B,C01,F10,S1,B,C01,diff_device_same_challenge,0.0010013052984076,frozen_lifecycle
F07,S1,B,C01,F11,S1,B,C01,diff_device_same_challenge,0.0049512827947064,frozen_lifecycle
F07,S1,B,C01,F12,S1,B,C01,diff_device_same_challenge,-0.0026678723080892,frozen_lifecycle
F07,S1,B,C01,F13,S1,B,C01,diff_device_same_challenge,-0.0011271462041414,frozen_lifecycle
F07,S1,B,C01,F14,S1,B,C01,diff_device_same_challenge,-0.0040855279101154,frozen_lifecycle
F07,S1,B,C01,F15,S1,B,C01,diff_device_same_challenge,0.003269966006909,frozen_lifecycle
F07,S1,B,C02,F07,S1,B,C03,same_device_same_state_diff_challenge,-0.1239556732699947,frozen_lifecycle
F07,S1,B,C02,F07,S1,B,C04,same_device_same_state_diff_challenge,-0.1720769731699111,frozen_lifecycle
F07,S1,B,C02,F07,S1,B,C05,same_device_same_state_diff_challenge,-0.132640513480926,frozen_lifecycle
F07,S1,B,C02,F07,S1,B,C06,same_device_same_state_diff_challenge,-0.1569346785789139,frozen_lifecycle
F07,S1,B,C02,F07,S1,B,C07,same_device_same_state_diff_challenge,-0.19224933830001,frozen_lifecycle
F07,S1,B,C02,F07,S1,B,C08,same_device_same_state_diff_challenge,-0.1880290398905461,frozen_lifecycle
F07,S1,B,C02,F07,S2,B,C02,same_device_diff_state_same_challenge,0.0006397251899067,frozen_lifecycle
F07,S1,B,C02,F08,S1,B,C02,diff_device_same_challenge,0.001840433703143,frozen_lifecycle
F07,S1,B,C02,F09,S1,B,C02,diff_device_same_challenge,-0.0016815097225475,frozen_lifecycle
F07,S1,B,C02,F10,S1,B,C02,diff_device_same_challenge,0.0044064053877705,frozen_lifecycle
F07,S1,B,C02,F11,S1,B,C02,diff_device_same_challenge,0.0064747938538288,frozen_lifecycle
F07,S1,B,C02,F12,S1,B,C02,diff_device_same_challenge,0.0027257939202646,frozen_lifecycle
F07,S1,B,C02,F13,S1,B,C02,diff_device_same_challenge,0.0028967144744124,frozen_lifecycle
F07,S1,B,C02,F14,S1,B,C02,diff_device_same_challenge,0.0069021523878231,frozen_lifecycle
F07,S1,B,C02,F15,S1,B,C02,diff_device_same_challenge,-0.0016982612060337,frozen_lifecycle
F07,S1,B,C03,F07,S1,B,C04,same_device_same_state_diff_challenge,-0.1627991075124917,frozen_lifecycle
F07,S1,B,C03,F07,S1,B,C05,same_device_same_state_diff_challenge,-0.1627343223906472,frozen_lifecycle
F07,S1,B,C03,F07,S1,B,C06,same_device_same_state_diff_challenge,-0.1242038870888463,frozen_lifecycle
F07,S1,B,C03,F07,S1,B,C07,same_device_same_state_diff_challenge,-0.2120178897726272,frozen_lifecycle
F07,S1,B,C03,F07,S1,B,C08,same_device_same_state_diff_challenge,-0.1823754206262786,frozen_lifecycle
F07,S1,B,C03,F07,S2,B,C03,same_device_diff_state_same_challenge,-0.0043815271168569,frozen_lifecycle
F07,S1,B,C03,F08,S1,B,C03,diff_device_same_challenge,-1.5721233061711054e-05,frozen_lifecycle
F07,S1,B,C03,F09,S1,B,C03,diff_device_same_challenge,0.0057756186976122,frozen_lifecycle
F07,S1,B,C03,F10,S1,B,C03,diff_device_same_challenge,0.0006745793789347,frozen_lifecycle
F07,S1,B,C03,F11,S1,B,C03,diff_device_same_challenge,-0.001345321140275,frozen_lifecycle
F07,S1,B,C03,F12,S1,B,C03,diff_device_same_challenge,0.0023446205922251,frozen_lifecycle
F07,S1,B,C03,F13,S1,B,C03,diff_device_same_challenge,0.0039856537987323,frozen_lifecycle
F07,S1,B,C03,F14,S1,B,C03,diff_device_same_challenge,0.0035268830780612,frozen_lifecycle
F07,S1,B,C03,F15,S1,B,C03,diff_device_same_challenge,-0.0007337353502518,frozen_lifecycle
F07,S1,B,C04,F07,S1,B,C05,same_device_same_state_diff_challenge,-0.1435368639565137,frozen_lifecycle
F07,S1,B,C04,F07,S1,B,C06,same_device_same_state_diff_challenge,-0.1717265153119998,frozen_lifecycle
F07,S1,B,C04,F07,S1,B,C07,same_device_same_state_diff_challenge,-0.0947000709153487,frozen_lifecycle
F07,S1,B,C04,F07,S1,B,C08,same_device_same_state_diff_challenge,-0.1034283142416636,frozen_lifecycle
F07,S1,B,C04,F07,S2,B,C04,same_device_diff_state_same_challenge,0.0028397398423421,frozen_lifecycle
F07,S1,B,C04,F08,S1,B,C04,diff_device_same_challenge,0.0035781004812143,frozen_lifecycle
F07,S1,B,C04,F09,S1,B,C04,diff_device_same_challenge,-0.0051535192000747,frozen_lifecycle
F07,S1,B,C04,F10,S1,B,C04,diff_device_same_challenge,0.00648557901892,frozen_lifecycle
F07,S1,B,C04,F11,S1,B,C04,diff_device_same_challenge,0.0022162215375855,frozen_lifecycle
F07,S1,B,C04,F12,S1,B,C04,diff_device_same_challenge,-0.0063389532142378,frozen_lifecycle
F07,S1,B,C04,F13,S1,B,C04,diff_device_same_challenge,-0.0043885518940259,frozen_lifecycle
F07,S1,B,C04,F14,S1,B,C04,diff_device_same_challenge,0.0120871805973156,frozen_lifecycle
F07,S1,B,C04,F15,S1,B,C04,diff_device_same_challenge,-0.0031131927340008,frozen_lifecycle
F07,S1,B,C05,F07,S1,B,C06,same_device_same_state_diff_challenge,-0.1687533021050725,frozen_lifecycle
F07,S1,B,C05,F07,S1,B,C07,same_device_same_state_diff_challenge,-0.1471305988665946,frozen_lifecycle
F07,S1,B,C05,F07,S1,B,C08,same_device_same_state_diff_challenge,-0.1851344074825389,frozen_lifecycle
F07,S1,B,C05,F07,S2,B,C05,same_device_diff_state_same_challenge,0.0055838064787295,frozen_lifecycle
F07,S1,B,C05,F08,S1,B,C05,diff_device_same_challenge,0.000963256248572,frozen_lifecycle
F07,S1,B,C05,F09,S1,B,C05,diff_device_same_challenge,-0.0012890346381343,frozen_lifecycle
F07,S1,B,C05,F10,S1,B,C05,diff_device_same_challenge,0.002190228661392,frozen_lifecycle
F07,S1,B,C05,F11,S1,B,C05,diff_device_same_challenge,-0.006368789991368,frozen_lifecycle
F07,S1,B,C05,F12,S1,B,C05,diff_device_same_challenge,-0.0019539205390303,frozen_lifecycle
F07,S1,B,C05,F13,S1,B,C05,diff_device_same_challenge,-8.11221324797057e-05,frozen_lifecycle
F07,S1,B,C05,F14,S1,B,C05,diff_device_same_challenge,0.0033096610024056,frozen_lifecycle
F07,S1,B,C05,F15,S1,B,C05,diff_device_same_challenge,-0.0022976610020993,frozen_lifecycle
F07,S1,B,C06,F07,S1,B,C07,same_device_same_state_diff_challenge,-0.1909501976765458,frozen_lifecycle
F07,S1,B,C06,F07,S1,B,C08,same_device_same_state_diff_challenge,-0.0592529329812029,frozen_lifecycle
F07,S1,B,C06,F07,S2,B,C06,same_device_diff_state_same_challenge,0.0054199566103442,frozen_lifecycle
F07,S1,B,C06,F08,S1,B,C06,diff_device_same_challenge,0.001726683694434,frozen_lifecycle
F07,S1,B,C06,F09,S1,B,C06,diff_device_same_challenge,0.0007448190184154,frozen_lifecycle
F07,S1,B,C06,F10,S1,B,C06,diff_device_same_challenge,-0.0018999065062949,frozen_lifecycle
F07,S1,B,C06,F11,S1,B,C06,diff_device_same_challenge,0.0018477940079748,frozen_lifecycle
F07,S1,B,C06,F12,S1,B,C06,diff_device_same_challenge,-0.0051085933249455,frozen_lifecycle
F07,S1,B,C06,F13,S1,B,C06,diff_device_same_challenge,0.0004442993228323,frozen_lifecycle
F07,S1,B,C06,F14,S1,B,C06,diff_device_same_challenge,0.0040107261607351,frozen_lifecycle
F07,S1,B,C06,F15,S1,B,C06,diff_device_same_challenge,0.0037078847189212,frozen_lifecycle
F07,S1,B,C07,F07,S1,B,C08,same_device_same_state_diff_challenge,0.0620478722369789,frozen_lifecycle
F07,S1,B,C07,F07,S2,B,C07,same_device_diff_state_same_challenge,-0.0007850294675202,frozen_lifecycle
F07,S1,B,C07,F08,S1,B,C07,diff_device_same_challenge,-0.0012613878776672,frozen_lifecycle
F07,S1,B,C07,F09,S1,B,C07,diff_device_same_challenge,-0.0040959712835126,frozen_lifecycle
F07,S1,B,C07,F10,S1,B,C07,diff_device_same_challenge,-0.0058154440904705,frozen_lifecycle
F07,S1,B,C07,F11,S1,B,C07,diff_device_same_challenge,0.0034768517360241,frozen_lifecycle
F07,S1,B,C07,F12,S1,B,C07,diff_device_same_challenge,-0.0018762268975,frozen_lifecycle
F07,S1,B,C07,F13,S1,B,C07,diff_device_same_challenge,0.0026550400209249,frozen_lifecycle
F07,S1,B,C07,F14,S1,B,C07,diff_device_same_challenge,-0.001738156650812,frozen_lifecycle
F07,S1,B,C07,F15,S1,B,C07,diff_device_same_challenge,0.0038002709984054,frozen_lifecycle
F07,S1,B,C08,F07,S2,B,C08,same_device_diff_state_same_challenge,-0.0011005361921492,frozen_lifecycle
F07,S1,B,C08,F08,S1,B,C08,diff_device_same_challenge,-0.0033196242486321,frozen_lifecycle
F07,S1,B,C08,F09,S1,B,C08,diff_device_same_challenge,0.0019759157653771,frozen_lifecycle
F07,S1,B,C08,F10,S1,B,C08,diff_device_same_challenge,-0.000556111313247,frozen_lifecycle
F07,S1,B,C08,F11,S1,B,C08,diff_device_same_challenge,3.0062556472496142e-05,frozen_lifecycle
F07,S1,B,C08,F12,S1,B,C08,diff_device_same_challenge,-0.0007670873360163,frozen_lifecycle
F07,S1,B,C08,F13,S1,B,C08,diff_device_same_challenge,0.0069044452868147,frozen_lifecycle
F07,S1,B,C08,F14,S1,B,C08,diff_device_same_challenge,-0.0013111747051334,frozen_lifecycle
F07,S1,B,C08,F15,S1,B,C08,diff_device_same_challenge,0.002955391222193,frozen_lifecycle
F07,S2,A,C01,F07,S2,A,C02,same_device_same_state_diff_challenge,-0.0629601241605856,frozen_lifecycle
F07,S2,A,C01,F07,S2,A,C03,same_device_same_state_diff_challenge,-0.0707406925209818,frozen_lifecycle
F07,S2,A,C01,F07,S2,A,C04,same_device_same_state_diff_challenge,-0.174760289601394,frozen_lifecycle
F07,S2,A,C01,F07,S2,A,C05,same_device_same_state_diff_challenge,-0.2115992584851047,frozen_lifecycle
F07,S2,A,C01,F07,S2,A,C06,same_device_same_state_diff_challenge,-0.1945156405490317,frozen_lifecycle
F07,S2,A,C01,F07,S2,A,C07,same_device_same_state_diff_challenge,-0.1450834189907379,frozen_lifecycle
F07,S2,A,C01,F07,S2,A,C08,same_device_same_state_diff_challenge,-0.1288026149791989,frozen_lifecycle
F07,S2,A,C01,F07,S2,B,C01,same_device_same_state_same_challenge,0.1581936997302924,frozen_lifecycle
F07,S2,A,C01,F08,S2,A,C01,diff_device_same_challenge,0.0002032108314634,frozen_lifecycle
F07,S2,A,C01,F09,S2,A,C01,diff_device_same_challenge,-0.0015820386855585,frozen_lifecycle
F07,S2,A,C01,F10,S2,A,C01,diff_device_same_challenge,-0.0047075560513802,frozen_lifecycle
F07,S2,A,C01,F11,S2,A,C01,diff_device_same_challenge,0.0004332566347207,frozen_lifecycle
F07,S2,A,C01,F12,S2,A,C01,diff_device_same_challenge,0.0020419943443564,frozen_lifecycle
F07,S2,A,C01,F13,S2,A,C01,diff_device_same_challenge,-0.0024002799151418,frozen_lifecycle
F07,S2,A,C01,F14,S2,A,C01,diff_device_same_challenge,0.0035484282357852,frozen_lifecycle
F07,S2,A,C01,F15,S2,A,C01,diff_device_same_challenge,-0.0017404990384541,frozen_lifecycle
F07,S2,A,C02,F07,S2,A,C03,same_device_same_state_diff_challenge,-0.1157380419477507,frozen_lifecycle
F07,S2,A,C02,F07,S2,A,C04,same_device_same_state_diff_challenge,-0.1927958619210641,frozen_lifecycle
F07,S2,A,C02,F07,S2,A,C05,same_device_same_state_diff_challenge,-0.2155399584926603,frozen_lifecycle
F07,S2,A,C02,F07,S2,A,C06,same_device_same_state_diff_challenge,-0.1980932186866586,frozen_lifecycle
F07,S2,A,C02,F07,S2,A,C07,same_device_same_state_diff_challenge,-0.1385802325495347,frozen_lifecycle
F07,S2,A,C02,F07,S2,A,C08,same_device_same_state_diff_challenge,-0.156579212996582,frozen_lifecycle
F07,S2,A,C02,F07,S2,B,C02,same_device_same_state_same_challenge,0.269869566741139,frozen_lifecycle
F07,S2,A,C02,F08,S2,A,C02,diff_device_same_challenge,0.0017833506559819,frozen_lifecycle
F07,S2,A,C02,F09,S2,A,C02,diff_device_same_challenge,-0.0018495542900647,frozen_lifecycle
F07,S2,A,C02,F10,S2,A,C02,diff_device_same_challenge,-0.0010074123341551,frozen_lifecycle
F07,S2,A,C02,F11,S2,A,C02,diff_device_same_challenge,-0.0021205958034169,frozen_lifecycle
F07,S2,A,C02,F12,S2,A,C02,diff_device_same_challenge,-0.0006755421576927,frozen_lifecycle
F07,S2,A,C02,F13,S2,A,C02,diff_device_same_challenge,0.0009025177311248,frozen_lifecycle
F07,S2,A,C02,F14,S2,A,C02,diff_device_same_challenge,0.0028479040281843,frozen_lifecycle
F07,S2,A,C02,F15,S2,A,C02,diff_device_same_challenge,0.0028204535708933,frozen_lifecycle
F07,S2,A,C03,F07,S2,A,C04,same_device_same_state_diff_challenge,-0.1437238263210129,frozen_lifecycle
F07,S2,A,C03,F07,S2,A,C05,same_device_same_state_diff_challenge,-0.2117569461130317,frozen_lifecycle
F07,S2,A,C03,F07,S2,A,C06,same_device_same_state_diff_challenge,-0.2137091952775767,frozen_lifecycle
F07,S2,A,C03,F07,S2,A,C07,same_device_same_state_diff_challenge,-0.1827773422985573,frozen_lifecycle
F07,S2,A,C03,F07,S2,A,C08,same_device_same_state_diff_challenge,-0.1710355302193322,frozen_lifecycle
F07,S2,A,C03,F07,S2,B,C03,same_device_same_state_same_challenge,0.7918133989866988,frozen_lifecycle
F07,S2,A,C03,F08,S2,A,C03,diff_device_same_challenge,-0.0012453285934782,frozen_lifecycle
F07,S2,A,C03,F09,S2,A,C03,diff_device_same_challenge,0.0017584433520674,frozen_lifecycle
F07,S2,A,C03,F10,S2,A,C03,diff_device_same_challenge,-0.0014052447123134,frozen_lifecycle
F07,S2,A,C03,F11,S2,A,C03,diff_device_same_challenge,0.0007787271608168,frozen_lifecycle
F07,S2,A,C03,F12,S2,A,C03,diff_device_same_challenge,0.0030231962250924,frozen_lifecycle
F07,S2,A,C03,F13,S2,A,C03,diff_device_same_challenge,-0.0030883627031898,frozen_lifecycle
F07,S2,A,C03,F14,S2,A,C03,diff_device_same_challenge,0.0027305122119352,frozen_lifecycle
F07,S2,A,C03,F15,S2,A,C03,diff_device_same_challenge,-0.0001284430225084,frozen_lifecycle
F07,S2,A,C04,F07,S2,A,C05,same_device_same_state_diff_challenge,0.0842260417551014,frozen_lifecycle
F07,S2,A,C04,F07,S2,A,C06,same_device_same_state_diff_challenge,-0.02748333818309,frozen_lifecycle
F07,S2,A,C04,F07,S2,A,C07,same_device_same_state_diff_challenge,-0.252267201899316,frozen_lifecycle
F07,S2,A,C04,F07,S2,A,C08,same_device_same_state_diff_challenge,-0.2573750768359134,frozen_lifecycle
F07,S2,A,C04,F07,S2,B,C04,same_device_same_state_same_challenge,0.8166014068895959,frozen_lifecycle
F07,S2,A,C04,F08,S2,A,C04,diff_device_same_challenge,-0.0033059824831763,frozen_lifecycle
F07,S2,A,C04,F09,S2,A,C04,diff_device_same_challenge,-0.0061575565485365,frozen_lifecycle
F07,S2,A,C04,F10,S2,A,C04,diff_device_same_challenge,-0.0068018234567944,frozen_lifecycle
F07,S2,A,C04,F11,S2,A,C04,diff_device_same_challenge,0.0033664398585495,frozen_lifecycle
F07,S2,A,C04,F12,S2,A,C04,diff_device_same_challenge,-0.0003454622534987,frozen_lifecycle
F07,S2,A,C04,F13,S2,A,C04,diff_device_same_challenge,0.0008311557045815,frozen_lifecycle
F07,S2,A,C04,F14,S2,A,C04,diff_device_same_challenge,0.0024243064500641,frozen_lifecycle
F07,S2,A,C04,F15,S2,A,C04,diff_device_same_challenge,-0.0033904743339349,frozen_lifecycle
F07,S2,A,C05,F07,S2,A,C06,same_device_same_state_diff_challenge,0.1542349811462358,frozen_lifecycle
F07,S2,A,C05,F07,S2,A,C07,same_device_same_state_diff_challenge,-0.2365559951278272,frozen_lifecycle
F07,S2,A,C05,F07,S2,A,C08,same_device_same_state_diff_challenge,-0.2366074833568822,frozen_lifecycle
F07,S2,A,C05,F07,S2,B,C05,same_device_same_state_same_challenge,0.7079483796782025,frozen_lifecycle
F07,S2,A,C05,F08,S2,A,C05,diff_device_same_challenge,0.0023852770491037,frozen_lifecycle
F07,S2,A,C05,F09,S2,A,C05,diff_device_same_challenge,0.0030561977402901,frozen_lifecycle
F07,S2,A,C05,F10,S2,A,C05,diff_device_same_challenge,-0.0007007821974613,frozen_lifecycle
F07,S2,A,C05,F11,S2,A,C05,diff_device_same_challenge,0.00937984182642,frozen_lifecycle
F07,S2,A,C05,F12,S2,A,C05,diff_device_same_challenge,-0.0007267458609915,frozen_lifecycle
F07,S2,A,C05,F13,S2,A,C05,diff_device_same_challenge,-0.0054711910664505,frozen_lifecycle
F07,S2,A,C05,F14,S2,A,C05,diff_device_same_challenge,0.0029272658908089,frozen_lifecycle
F07,S2,A,C05,F15,S2,A,C05,diff_device_same_challenge,0.0019372823432301,frozen_lifecycle
F07,S2,A,C06,F07,S2,A,C07,same_device_same_state_diff_challenge,-0.1779355882676141,frozen_lifecycle
F07,S2,A,C06,F07,S2,A,C08,same_device_same_state_diff_challenge,-0.1811469512620541,frozen_lifecycle
F07,S2,A,C06,F07,S2,B,C06,same_device_same_state_same_challenge,0.5081875895427583,frozen_lifecycle
F07,S2,A,C06,F08,S2,A,C06,diff_device_same_challenge,-0.0020935235241243,frozen_lifecycle
F07,S2,A,C06,F09,S2,A,C06,diff_device_same_challenge,0.0077387544591751,frozen_lifecycle
F07,S2,A,C06,F10,S2,A,C06,diff_device_same_challenge,0.0040897366884918,frozen_lifecycle
F07,S2,A,C06,F11,S2,A,C06,diff_device_same_challenge,0.0040094010193844,frozen_lifecycle
F07,S2,A,C06,F12,S2,A,C06,diff_device_same_challenge,0.0006540037398883,frozen_lifecycle
F07,S2,A,C06,F13,S2,A,C06,diff_device_same_challenge,0.0030393130087584,frozen_lifecycle
F07,S2,A,C06,F14,S2,A,C06,diff_device_same_challenge,0.0005229294231559,frozen_lifecycle
F07,S2,A,C06,F15,S2,A,C06,diff_device_same_challenge,0.0010231873451662,frozen_lifecycle
F07,S2,A,C07,F07,S2,A,C08,same_device_same_state_diff_challenge,0.0821922023954228,frozen_lifecycle
F07,S2,A,C07,F07,S2,B,C07,same_device_same_state_same_challenge,0.2363448894592536,frozen_lifecycle
F07,S2,A,C07,F08,S2,A,C07,diff_device_same_challenge,0.0030393950406901,frozen_lifecycle
F07,S2,A,C07,F09,S2,A,C07,diff_device_same_challenge,-0.0037138903530035,frozen_lifecycle
F07,S2,A,C07,F10,S2,A,C07,diff_device_same_challenge,-0.0054958661509384,frozen_lifecycle
F07,S2,A,C07,F11,S2,A,C07,diff_device_same_challenge,0.0048974632220665,frozen_lifecycle
F07,S2,A,C07,F12,S2,A,C07,diff_device_same_challenge,-0.0076709136258919,frozen_lifecycle
F07,S2,A,C07,F13,S2,A,C07,diff_device_same_challenge,-0.0058298276759119,frozen_lifecycle
F07,S2,A,C07,F14,S2,A,C07,diff_device_same_challenge,-0.0016687714227067,frozen_lifecycle
F07,S2,A,C07,F15,S2,A,C07,diff_device_same_challenge,-0.0001762436330715,frozen_lifecycle
F07,S2,A,C08,F07,S2,B,C08,same_device_same_state_same_challenge,0.8573495287478071,frozen_lifecycle
F07,S2,A,C08,F08,S2,A,C08,diff_device_same_challenge,-0.0029045595722004,frozen_lifecycle
F07,S2,A,C08,F09,S2,A,C08,diff_device_same_challenge,0.0028474192975543,frozen_lifecycle
F07,S2,A,C08,F10,S2,A,C08,diff_device_same_challenge,0.0001270433127762,frozen_lifecycle
F07,S2,A,C08,F11,S2,A,C08,diff_device_same_challenge,-0.0082158665107669,frozen_lifecycle
F07,S2,A,C08,F12,S2,A,C08,diff_device_same_challenge,0.0029599922038649,frozen_lifecycle
F07,S2,A,C08,F13,S2,A,C08,diff_device_same_challenge,0.0048256002482939,frozen_lifecycle
F07,S2,A,C08,F14,S2,A,C08,diff_device_same_challenge,-0.0043930199465987,frozen_lifecycle
F07,S2,A,C08,F15,S2,A,C08,diff_device_same_challenge,-0.0051183086554754,frozen_lifecycle
F07,S2,B,C01,F07,S2,B,C02,same_device_same_state_diff_challenge,-0.0862009288689232,frozen_lifecycle
F07,S2,B,C01,F07,S2,B,C03,same_device_same_state_diff_challenge,-0.0780844701759824,frozen_lifecycle
F07,S2,B,C01,F07,S2,B,C04,same_device_same_state_diff_challenge,-0.1829593052044479,frozen_lifecycle
F07,S2,B,C01,F07,S2,B,C05,same_device_same_state_diff_challenge,-0.2375020245350686,frozen_lifecycle
F07,S2,B,C01,F07,S2,B,C06,same_device_same_state_diff_challenge,-0.221325161372811,frozen_lifecycle
F07,S2,B,C01,F07,S2,B,C07,same_device_same_state_diff_challenge,-0.2420822371704965,frozen_lifecycle
F07,S2,B,C01,F07,S2,B,C08,same_device_same_state_diff_challenge,-0.1473268429139875,frozen_lifecycle
F07,S2,B,C01,F08,S2,B,C01,diff_device_same_challenge,0.0011671258773259,frozen_lifecycle
F07,S2,B,C01,F09,S2,B,C01,diff_device_same_challenge,0.0026648595968344,frozen_lifecycle
F07,S2,B,C01,F10,S2,B,C01,diff_device_same_challenge,-0.0039010597229298,frozen_lifecycle
F07,S2,B,C01,F11,S2,B,C01,diff_device_same_challenge,-0.0009847748720472,frozen_lifecycle
F07,S2,B,C01,F12,S2,B,C01,diff_device_same_challenge,0.0008630698142101,frozen_lifecycle
F07,S2,B,C01,F13,S2,B,C01,diff_device_same_challenge,-0.0028373752833231,frozen_lifecycle
F07,S2,B,C01,F14,S2,B,C01,diff_device_same_challenge,0.0070945558081333,frozen_lifecycle
F07,S2,B,C01,F15,S2,B,C01,diff_device_same_challenge,0.0019464870070445,frozen_lifecycle
F07,S2,B,C02,F07,S2,B,C03,same_device_same_state_diff_challenge,-0.0479714611547588,frozen_lifecycle
F07,S2,B,C02,F07,S2,B,C04,same_device_same_state_diff_challenge,-0.0748632241472837,frozen_lifecycle
F07,S2,B,C02,F07,S2,B,C05,same_device_same_state_diff_challenge,-0.1637414543650194,frozen_lifecycle
F07,S2,B,C02,F07,S2,B,C06,same_device_same_state_diff_challenge,-0.219627150145316,frozen_lifecycle
F07,S2,B,C02,F07,S2,B,C07,same_device_same_state_diff_challenge,-0.2392128565951124,frozen_lifecycle
F07,S2,B,C02,F07,S2,B,C08,same_device_same_state_diff_challenge,-0.1958431129431141,frozen_lifecycle
F07,S2,B,C02,F08,S2,B,C02,diff_device_same_challenge,0.0026986192362665,frozen_lifecycle
F07,S2,B,C02,F09,S2,B,C02,diff_device_same_challenge,0.0011142934321155,frozen_lifecycle
F07,S2,B,C02,F10,S2,B,C02,diff_device_same_challenge,0.0009864762767534,frozen_lifecycle
F07,S2,B,C02,F11,S2,B,C02,diff_device_same_challenge,0.001347602721715,frozen_lifecycle
F07,S2,B,C02,F12,S2,B,C02,diff_device_same_challenge,-0.0023898918670316,frozen_lifecycle
F07,S2,B,C02,F13,S2,B,C02,diff_device_same_challenge,-0.0045042017824261,frozen_lifecycle
F07,S2,B,C02,F14,S2,B,C02,diff_device_same_challenge,0.0007689355559785,frozen_lifecycle
F07,S2,B,C02,F15,S2,B,C02,diff_device_same_challenge,0.0014314824939105,frozen_lifecycle
F07,S2,B,C03,F07,S2,B,C04,same_device_same_state_diff_challenge,-0.1446206627104768,frozen_lifecycle
F07,S2,B,C03,F07,S2,B,C05,same_device_same_state_diff_challenge,-0.2358070163577841,frozen_lifecycle
F07,S2,B,C03,F07,S2,B,C06,same_device_same_state_diff_challenge,-0.2484328303380406,frozen_lifecycle
F07,S2,B,C03,F07,S2,B,C07,same_device_same_state_diff_challenge,-0.2562441823310988,frozen_lifecycle
F07,S2,B,C03,F07,S2,B,C08,same_device_same_state_diff_challenge,-0.1647795069964558,frozen_lifecycle
F07,S2,B,C03,F08,S2,B,C03,diff_device_same_challenge,-0.0035522488073788,frozen_lifecycle
F07,S2,B,C03,F09,S2,B,C03,diff_device_same_challenge,-0.0011364647835233,frozen_lifecycle
F07,S2,B,C03,F10,S2,B,C03,diff_device_same_challenge,0.0013047950061593,frozen_lifecycle
F07,S2,B,C03,F11,S2,B,C03,diff_device_same_challenge,0.0012017742708335,frozen_lifecycle
F07,S2,B,C03,F12,S2,B,C03,diff_device_same_challenge,-0.0022370901362188,frozen_lifecycle
F07,S2,B,C03,F13,S2,B,C03,diff_device_same_challenge,-0.00438101072796,frozen_lifecycle
F07,S2,B,C03,F14,S2,B,C03,diff_device_same_challenge,0.0054129460305503,frozen_lifecycle
F07,S2,B,C03,F15,S2,B,C03,diff_device_same_challenge,0.0036913599994404,frozen_lifecycle
F07,S2,B,C04,F07,S2,B,C05,same_device_same_state_diff_challenge,0.0173762905237671,frozen_lifecycle
F07,S2,B,C04,F07,S2,B,C06,same_device_same_state_diff_challenge,-0.1755084627469672,frozen_lifecycle
F07,S2,B,C04,F07,S2,B,C07,same_device_same_state_diff_challenge,-0.1730233693769697,frozen_lifecycle
F07,S2,B,C04,F07,S2,B,C08,same_device_same_state_diff_challenge,-0.2459832261834159,frozen_lifecycle
F07,S2,B,C04,F08,S2,B,C04,diff_device_same_challenge,-0.0077314728584812,frozen_lifecycle
F07,S2,B,C04,F09,S2,B,C04,diff_device_same_challenge,-0.0041808481725472,frozen_lifecycle
F07,S2,B,C04,F10,S2,B,C04,diff_device_same_challenge,-0.0039912511716387,frozen_lifecycle
F07,S2,B,C04,F11,S2,B,C04,diff_device_same_challenge,0.0062320481701454,frozen_lifecycle
F07,S2,B,C04,F12,S2,B,C04,diff_device_same_challenge,9.214697591536264e-05,frozen_lifecycle
F07,S2,B,C04,F13,S2,B,C04,diff_device_same_challenge,0.0041317863643767,frozen_lifecycle
F07,S2,B,C04,F14,S2,B,C04,diff_device_same_challenge,0.0019455562475863,frozen_lifecycle
F07,S2,B,C04,F15,S2,B,C04,diff_device_same_challenge,-0.0025859286115715,frozen_lifecycle
F07,S2,B,C05,F07,S2,B,C06,same_device_same_state_diff_challenge,0.0707172514434621,frozen_lifecycle
F07,S2,B,C05,F07,S2,B,C07,same_device_same_state_diff_challenge,0.0073122793847514,frozen_lifecycle
F07,S2,B,C05,F07,S2,B,C08,same_device_same_state_diff_challenge,-0.2107536156540268,frozen_lifecycle
F07,S2,B,C05,F08,S2,B,C05,diff_device_same_challenge,0.0009613393376301,frozen_lifecycle
F07,S2,B,C05,F09,S2,B,C05,diff_device_same_challenge,-0.0078145663431746,frozen_lifecycle
F07,S2,B,C05,F10,S2,B,C05,diff_device_same_challenge,0.0006466742115233,frozen_lifecycle
F07,S2,B,C05,F11,S2,B,C05,diff_device_same_challenge,0.011725494286981,frozen_lifecycle
F07,S2,B,C05,F12,S2,B,C05,diff_device_same_challenge,0.0020084815308517,frozen_lifecycle
F07,S2,B,C05,F13,S2,B,C05,diff_device_same_challenge,-0.0041552362020539,frozen_lifecycle
F07,S2,B,C05,F14,S2,B,C05,diff_device_same_challenge,0.0037198873023293,frozen_lifecycle
F07,S2,B,C05,F15,S2,B,C05,diff_device_same_challenge,0.000733081826146,frozen_lifecycle
F07,S2,B,C06,F07,S2,B,C07,same_device_same_state_diff_challenge,0.0658692492614786,frozen_lifecycle
F07,S2,B,C06,F07,S2,B,C08,same_device_same_state_diff_challenge,-0.0526525398053366,frozen_lifecycle
F07,S2,B,C06,F08,S2,B,C06,diff_device_same_challenge,-0.0072823676081129,frozen_lifecycle
F07,S2,B,C06,F09,S2,B,C06,diff_device_same_challenge,0.003111367051695,frozen_lifecycle
F07,S2,B,C06,F10,S2,B,C06,diff_device_same_challenge,-0.0055644338550892,frozen_lifecycle
F07,S2,B,C06,F11,S2,B,C06,diff_device_same_challenge,0.0008522802586331,frozen_lifecycle
F07,S2,B,C06,F12,S2,B,C06,diff_device_same_challenge,-0.0031728075523378,frozen_lifecycle
F07,S2,B,C06,F13,S2,B,C06,diff_device_same_challenge,-7.765937111977477e-06,frozen_lifecycle
F07,S2,B,C06,F14,S2,B,C06,diff_device_same_challenge,-0.0017286595827886,frozen_lifecycle
F07,S2,B,C06,F15,S2,B,C06,diff_device_same_challenge,-0.0036896671302872,frozen_lifecycle
F07,S2,B,C07,F07,S2,B,C08,same_device_same_state_diff_challenge,-0.0531967117073288,frozen_lifecycle
F07,S2,B,C07,F08,S2,B,C07,diff_device_same_challenge,0.0040822648930947,frozen_lifecycle
F07,S2,B,C07,F09,S2,B,C07,diff_device_same_challenge,-0.00586759554177,frozen_lifecycle
F07,S2,B,C07,F10,S2,B,C07,diff_device_same_challenge,-0.0010279794604689,frozen_lifecycle
F07,S2,B,C07,F11,S2,B,C07,diff_device_same_challenge,0.0007297528615645,frozen_lifecycle
F07,S2,B,C07,F12,S2,B,C07,diff_device_same_challenge,-0.0031452633081973,frozen_lifecycle
F07,S2,B,C07,F13,S2,B,C07,diff_device_same_challenge,3.5568717503064713e-06,frozen_lifecycle
F07,S2,B,C07,F14,S2,B,C07,diff_device_same_challenge,0.0062184229039742,frozen_lifecycle
F07,S2,B,C07,F15,S2,B,C07,diff_device_same_challenge,-0.0029629316275844,frozen_lifecycle
F07,S2,B,C08,F08,S2,B,C08,diff_device_same_challenge,-0.0008948594748814,frozen_lifecycle
F07,S2,B,C08,F09,S2,B,C08,diff_device_same_challenge,-0.0027745462506328,frozen_lifecycle
F07,S2,B,C08,F10,S2,B,C08,diff_device_same_challenge,0.0022566619077578,frozen_lifecycle
F07,S2,B,C08,F11,S2,B,C08,diff_device_same_challenge,-0.0061803455836837,frozen_lifecycle
F07,S2,B,C08,F12,S2,B,C08,diff_device_same_challenge,0.0009046476385745,frozen_lifecycle
F07,S2,B,C08,F13,S2,B,C08,diff_device_same_challenge,0.0007416155802899,frozen_lifecycle
F07,S2,B,C08,F14,S2,B,C08,diff_device_same_challenge,-0.0052682802526222,frozen_lifecycle
F07,S2,B,C08,F15,S2,B,C08,diff_device_same_challenge,0.0002626959118541,frozen_lifecycle
F08,S0,A,C01,F08,S0,A,C02,same_device_same_state_diff_challenge,0.0303797440486341,frozen_lifecycle
F08,S0,A,C01,F08,S0,A,C03,same_device_same_state_diff_challenge,-0.0968351726737084,frozen_lifecycle
F08,S0,A,C01,F08,S0,A,C04,same_device_same_state_diff_challenge,-0.2117506706026736,frozen_lifecycle
F08,S0,A,C01,F08,S0,A,C05,same_device_same_state_diff_challenge,-0.2209395661180458,frozen_lifecycle
F08,S0,A,C01,F08,S0,A,C06,same_device_same_state_diff_challenge,-0.1920603165689325,frozen_lifecycle
F08,S0,A,C01,F08,S0,A,C07,same_device_same_state_diff_challenge,-0.2371975852332128,frozen_lifecycle
F08,S0,A,C01,F08,S0,A,C08,same_device_same_state_diff_challenge,-0.2003087696458563,frozen_lifecycle
F08,S0,A,C01,F08,S0,B,C01,same_device_same_state_same_challenge,0.8216523626872004,frozen_lifecycle
F08,S0,A,C01,F08,S1,A,C01,same_device_diff_state_same_challenge,0.0072185819224811,frozen_lifecycle
F08,S0,A,C01,F08,S2,A,C01,same_device_diff_state_same_challenge,-0.0008193701460358,frozen_lifecycle
F08,S0,A,C01,F09,S0,A,C01,diff_device_same_challenge,-0.0038465576856582,frozen_lifecycle
F08,S0,A,C01,F10,S0,A,C01,diff_device_same_challenge,0.0004610580217265,frozen_lifecycle
F08,S0,A,C01,F11,S0,A,C01,diff_device_same_challenge,0.0022214215360672,frozen_lifecycle
F08,S0,A,C01,F12,S0,A,C01,diff_device_same_challenge,0.0022687955516817,frozen_lifecycle
F08,S0,A,C01,F13,S0,A,C01,diff_device_same_challenge,0.0023241620084134,frozen_lifecycle
F08,S0,A,C01,F14,S0,A,C01,diff_device_same_challenge,0.0036519080144743,frozen_lifecycle
F08,S0,A,C01,F15,S0,A,C01,diff_device_same_challenge,0.0016913759601616,frozen_lifecycle
F08,S0,A,C02,F08,S0,A,C03,same_device_same_state_diff_challenge,0.0227931726191137,frozen_lifecycle
F08,S0,A,C02,F08,S0,A,C04,same_device_same_state_diff_challenge,-0.2650160643401612,frozen_lifecycle
F08,S0,A,C02,F08,S0,A,C05,same_device_same_state_diff_challenge,-0.257280849491699,frozen_lifecycle
F08,S0,A,C02,F08,S0,A,C06,same_device_same_state_diff_challenge,-0.1478685383199194,frozen_lifecycle
F08,S0,A,C02,F08,S0,A,C07,same_device_same_state_diff_challenge,-0.2710034634406671,frozen_lifecycle
F08,S0,A,C02,F08,S0,A,C08,same_device_same_state_diff_challenge,-0.2063452390229002,frozen_lifecycle
F08,S0,A,C02,F08,S0,B,C02,same_device_same_state_same_challenge,0.6792931341643978,frozen_lifecycle
F08,S0,A,C02,F08,S1,A,C02,same_device_diff_state_same_challenge,-0.0041110054480004,frozen_lifecycle
F08,S0,A,C02,F08,S2,A,C02,same_device_diff_state_same_challenge,-0.0053550929664821,frozen_lifecycle
F08,S0,A,C02,F09,S0,A,C02,diff_device_same_challenge,-0.0062692787081136,frozen_lifecycle
F08,S0,A,C02,F10,S0,A,C02,diff_device_same_challenge,-0.0014255233707199,frozen_lifecycle
F08,S0,A,C02,F11,S0,A,C02,diff_device_same_challenge,0.0044062477047947,frozen_lifecycle
F08,S0,A,C02,F12,S0,A,C02,diff_device_same_challenge,-0.0044580094063931,frozen_lifecycle
F08,S0,A,C02,F13,S0,A,C02,diff_device_same_challenge,-0.0034262629373061,frozen_lifecycle
F08,S0,A,C02,F14,S0,A,C02,diff_device_same_challenge,0.0043993153313573,frozen_lifecycle
F08,S0,A,C02,F15,S0,A,C02,diff_device_same_challenge,0.0022721695252914,frozen_lifecycle
F08,S0,A,C03,F08,S0,A,C04,same_device_same_state_diff_challenge,-0.257352215476682,frozen_lifecycle
F08,S0,A,C03,F08,S0,A,C05,same_device_same_state_diff_challenge,-0.1775449594562415,frozen_lifecycle
F08,S0,A,C03,F08,S0,A,C06,same_device_same_state_diff_challenge,0.003072903299599,frozen_lifecycle
F08,S0,A,C03,F08,S0,A,C07,same_device_same_state_diff_challenge,-0.2629435957967195,frozen_lifecycle
F08,S0,A,C03,F08,S0,A,C08,same_device_same_state_diff_challenge,-0.2490238327359278,frozen_lifecycle
F08,S0,A,C03,F08,S0,B,C03,same_device_same_state_same_challenge,0.8408509469020752,frozen_lifecycle
F08,S0,A,C03,F08,S1,A,C03,same_device_diff_state_same_challenge,-0.0017344524948623,frozen_lifecycle
F08,S0,A,C03,F08,S2,A,C03,same_device_diff_state_same_challenge,-0.0006028342619957,frozen_lifecycle
F08,S0,A,C03,F09,S0,A,C03,diff_device_same_challenge,-0.0043842166656608,frozen_lifecycle
F08,S0,A,C03,F10,S0,A,C03,diff_device_same_challenge,0.0063554020052353,frozen_lifecycle
F08,S0,A,C03,F11,S0,A,C03,diff_device_same_challenge,-0.0022304194335112,frozen_lifecycle
F08,S0,A,C03,F12,S0,A,C03,diff_device_same_challenge,0.0062663423002042,frozen_lifecycle
F08,S0,A,C03,F13,S0,A,C03,diff_device_same_challenge,0.0030853674668823,frozen_lifecycle
F08,S0,A,C03,F14,S0,A,C03,diff_device_same_challenge,-0.0006568177485848,frozen_lifecycle
F08,S0,A,C03,F15,S0,A,C03,diff_device_same_challenge,0.0048607027805936,frozen_lifecycle
F08,S0,A,C04,F08,S0,A,C05,same_device_same_state_diff_challenge,-0.0153240441320369,frozen_lifecycle
F08,S0,A,C04,F08,S0,A,C06,same_device_same_state_diff_challenge,-0.2035366616636263,frozen_lifecycle
F08,S0,A,C04,F08,S0,A,C07,same_device_same_state_diff_challenge,0.0365472602717663,frozen_lifecycle
F08,S0,A,C04,F08,S0,A,C08,same_device_same_state_diff_challenge,-0.0172126429290694,frozen_lifecycle
F08,S0,A,C04,F08,S0,B,C04,same_device_same_state_same_challenge,0.7932177744902154,frozen_lifecycle
F08,S0,A,C04,F08,S1,A,C04,same_device_diff_state_same_challenge,-0.0022940619579912,frozen_lifecycle
F08,S0,A,C04,F08,S2,A,C04,same_device_diff_state_same_challenge,0.0004329262213103,frozen_lifecycle
F08,S0,A,C04,F09,S0,A,C04,diff_device_same_challenge,0.0033930405249687,frozen_lifecycle
F08,S0,A,C04,F10,S0,A,C04,diff_device_same_challenge,-0.0053870558412252,frozen_lifecycle
F08,S0,A,C04,F11,S0,A,C04,diff_device_same_challenge,0.0057241076741978,frozen_lifecycle
F08,S0,A,C04,F12,S0,A,C04,diff_device_same_challenge,0.0059111001450488,frozen_lifecycle
F08,S0,A,C04,F13,S0,A,C04,diff_device_same_challenge,0.0019605683021036,frozen_lifecycle
F08,S0,A,C04,F14,S0,A,C04,diff_device_same_challenge,0.00281064244703,frozen_lifecycle
F08,S0,A,C04,F15,S0,A,C04,diff_device_same_challenge,0.0004302843719756,frozen_lifecycle
F08,S0,A,C05,F08,S0,A,C06,same_device_same_state_diff_challenge,-0.0189324570525741,frozen_lifecycle
F08,S0,A,C05,F08,S0,A,C07,same_device_same_state_diff_challenge,-0.093637882209503,frozen_lifecycle
F08,S0,A,C05,F08,S0,A,C08,same_device_same_state_diff_challenge,-0.1431314191968896,frozen_lifecycle
F08,S0,A,C05,F08,S0,B,C05,same_device_same_state_same_challenge,0.5701889201593393,frozen_lifecycle
F08,S0,A,C05,F08,S1,A,C05,same_device_diff_state_same_challenge,0.0011388819399217,frozen_lifecycle
F08,S0,A,C05,F08,S2,A,C05,same_device_diff_state_same_challenge,0.0064361757484968,frozen_lifecycle
F08,S0,A,C05,F09,S0,A,C05,diff_device_same_challenge,0.0025367260188046,frozen_lifecycle
F08,S0,A,C05,F10,S0,A,C05,diff_device_same_challenge,-0.001686127669129,frozen_lifecycle
F08,S0,A,C05,F11,S0,A,C05,diff_device_same_challenge,-0.0006849027206907,frozen_lifecycle
F08,S0,A,C05,F12,S0,A,C05,diff_device_same_challenge,-0.0012337067007374,frozen_lifecycle
F08,S0,A,C05,F13,S0,A,C05,diff_device_same_challenge,-0.0032719791813695,frozen_lifecycle
F08,S0,A,C05,F14,S0,A,C05,diff_device_same_challenge,0.0006791468442703,frozen_lifecycle
F08,S0,A,C05,F15,S0,A,C05,diff_device_same_challenge,-0.0050608541941358,frozen_lifecycle
F08,S0,A,C06,F08,S0,A,C07,same_device_same_state_diff_challenge,-0.173253207081227,frozen_lifecycle
F08,S0,A,C06,F08,S0,A,C08,same_device_same_state_diff_challenge,-0.217368387158256,frozen_lifecycle
F08,S0,A,C06,F08,S0,B,C06,same_device_same_state_same_challenge,0.3227684737004288,frozen_lifecycle
F08,S0,A,C06,F08,S1,A,C06,same_device_diff_state_same_challenge,-0.0002809324988325,frozen_lifecycle
F08,S0,A,C06,F08,S2,A,C06,same_device_diff_state_same_challenge,0.0011055592434935,frozen_lifecycle
F08,S0,A,C06,F09,S0,A,C06,diff_device_same_challenge,-0.0041762612850557,frozen_lifecycle
F08,S0,A,C06,F10,S0,A,C06,diff_device_same_challenge,-0.0070474489842234,frozen_lifecycle
F08,S0,A,C06,F11,S0,A,C06,diff_device_same_challenge,-0.0029207718767407,frozen_lifecycle
F08,S0,A,C06,F12,S0,A,C06,diff_device_same_challenge,0.0059578877894199,frozen_lifecycle
F08,S0,A,C06,F13,S0,A,C06,diff_device_same_challenge,0.0032010340378819,frozen_lifecycle
F08,S0,A,C06,F14,S0,A,C06,diff_device_same_challenge,0.0054922610552737,frozen_lifecycle
F08,S0,A,C06,F15,S0,A,C06,diff_device_same_challenge,0.003412784320386,frozen_lifecycle
F08,S0,A,C07,F08,S0,A,C08,same_device_same_state_diff_challenge,0.0564055949506317,frozen_lifecycle
F08,S0,A,C07,F08,S0,B,C07,same_device_same_state_same_challenge,0.9037296951156576,frozen_lifecycle
F08,S0,A,C07,F08,S1,A,C07,same_device_diff_state_same_challenge,-0.0033550734347919,frozen_lifecycle
F08,S0,A,C07,F08,S2,A,C07,same_device_diff_state_same_challenge,-0.0014621718730065,frozen_lifecycle
F08,S0,A,C07,F09,S0,A,C07,diff_device_same_challenge,-0.0029054805270846,frozen_lifecycle
F08,S0,A,C07,F10,S0,A,C07,diff_device_same_challenge,0.0048451015578975,frozen_lifecycle
F08,S0,A,C07,F11,S0,A,C07,diff_device_same_challenge,-0.0046967149006663,frozen_lifecycle
F08,S0,A,C07,F12,S0,A,C07,diff_device_same_challenge,-0.0035543502599301,frozen_lifecycle
F08,S0,A,C07,F13,S0,A,C07,diff_device_same_challenge,0.0031525140457604,frozen_lifecycle
F08,S0,A,C07,F14,S0,A,C07,diff_device_same_challenge,-0.0016306771832536,frozen_lifecycle
F08,S0,A,C07,F15,S0,A,C07,diff_device_same_challenge,-0.0025763659447304,frozen_lifecycle
F08,S0,A,C08,F08,S0,B,C08,same_device_same_state_same_challenge,0.796901429300752,frozen_lifecycle
F08,S0,A,C08,F08,S1,A,C08,same_device_diff_state_same_challenge,0.0040977921291572,frozen_lifecycle
F08,S0,A,C08,F08,S2,A,C08,same_device_diff_state_same_challenge,-0.0061916626448852,frozen_lifecycle
F08,S0,A,C08,F09,S0,A,C08,diff_device_same_challenge,-0.0006508942554549,frozen_lifecycle
F08,S0,A,C08,F10,S0,A,C08,diff_device_same_challenge,0.0050338584097769,frozen_lifecycle
F08,S0,A,C08,F11,S0,A,C08,diff_device_same_challenge,-0.0099998125434237,frozen_lifecycle
F08,S0,A,C08,F12,S0,A,C08,diff_device_same_challenge,-0.0041545985714377,frozen_lifecycle
F08,S0,A,C08,F13,S0,A,C08,diff_device_same_challenge,-0.0013622474954736,frozen_lifecycle
F08,S0,A,C08,F14,S0,A,C08,diff_device_same_challenge,0.0028644011774191,frozen_lifecycle
F08,S0,A,C08,F15,S0,A,C08,diff_device_same_challenge,0.0049642072620881,frozen_lifecycle
F08,S0,B,C01,F08,S0,B,C02,same_device_same_state_diff_challenge,-0.0066158173123951,frozen_lifecycle
F08,S0,B,C01,F08,S0,B,C03,same_device_same_state_diff_challenge,-0.123395791218373,frozen_lifecycle
F08,S0,B,C01,F08,S0,B,C04,same_device_same_state_diff_challenge,-0.1937394207288601,frozen_lifecycle
F08,S0,B,C01,F08,S0,B,C05,same_device_same_state_diff_challenge,-0.1829086021076331,frozen_lifecycle
F08,S0,B,C01,F08,S0,B,C06,same_device_same_state_diff_challenge,-0.2153270745356548,frozen_lifecycle
F08,S0,B,C01,F08,S0,B,C07,same_device_same_state_diff_challenge,-0.2323691524228346,frozen_lifecycle
F08,S0,B,C01,F08,S0,B,C08,same_device_same_state_diff_challenge,-0.1655058912639644,frozen_lifecycle
F08,S0,B,C01,F08,S1,B,C01,same_device_diff_state_same_challenge,0.0091857628995654,frozen_lifecycle
F08,S0,B,C01,F08,S2,B,C01,same_device_diff_state_same_challenge,-0.0008951723316286,frozen_lifecycle
F08,S0,B,C01,F09,S0,B,C01,diff_device_same_challenge,0.0074894675050822,frozen_lifecycle
F08,S0,B,C01,F10,S0,B,C01,diff_device_same_challenge,-0.0024706687050134,frozen_lifecycle
F08,S0,B,C01,F11,S0,B,C01,diff_device_same_challenge,0.0020563932380446,frozen_lifecycle
F08,S0,B,C01,F12,S0,B,C01,diff_device_same_challenge,0.0050154658361951,frozen_lifecycle
F08,S0,B,C01,F13,S0,B,C01,diff_device_same_challenge,-0.0023510799672985,frozen_lifecycle
F08,S0,B,C01,F14,S0,B,C01,diff_device_same_challenge,0.0005780338666248,frozen_lifecycle
F08,S0,B,C01,F15,S0,B,C01,diff_device_same_challenge,0.0029817089058295,frozen_lifecycle
F08,S0,B,C02,F08,S0,B,C03,same_device_same_state_diff_challenge,0.0815109056456599,frozen_lifecycle
F08,S0,B,C02,F08,S0,B,C04,same_device_same_state_diff_challenge,-0.2642113043665338,frozen_lifecycle
F08,S0,B,C02,F08,S0,B,C05,same_device_same_state_diff_challenge,-0.0972365223116324,frozen_lifecycle
F08,S0,B,C02,F08,S0,B,C06,same_device_same_state_diff_challenge,-0.2501037623632893,frozen_lifecycle
F08,S0,B,C02,F08,S0,B,C07,same_device_same_state_diff_challenge,-0.2778643061488866,frozen_lifecycle
F08,S0,B,C02,F08,S0,B,C08,same_device_same_state_diff_challenge,-0.2215197181105662,frozen_lifecycle
F08,S0,B,C02,F08,S1,B,C02,same_device_diff_state_same_challenge,-0.0038096237084587,frozen_lifecycle
F08,S0,B,C02,F08,S2,B,C02,same_device_diff_state_same_challenge,0.0030943643826406,frozen_lifecycle
F08,S0,B,C02,F09,S0,B,C02,diff_device_same_challenge,0.00077450368169,frozen_lifecycle
F08,S0,B,C02,F10,S0,B,C02,diff_device_same_challenge,-0.0038760751487362,frozen_lifecycle
F08,S0,B,C02,F11,S0,B,C02,diff_device_same_challenge,0.0032626186913833,frozen_lifecycle
F08,S0,B,C02,F12,S0,B,C02,diff_device_same_challenge,-0.0031642369738778,frozen_lifecycle
F08,S0,B,C02,F13,S0,B,C02,diff_device_same_challenge,-0.0006272412946109,frozen_lifecycle
F08,S0,B,C02,F14,S0,B,C02,diff_device_same_challenge,0.0023521835294862,frozen_lifecycle
F08,S0,B,C02,F15,S0,B,C02,diff_device_same_challenge,0.0056732753305176,frozen_lifecycle
F08,S0,B,C03,F08,S0,B,C04,same_device_same_state_diff_challenge,-0.2628206174038522,frozen_lifecycle
F08,S0,B,C03,F08,S0,B,C05,same_device_same_state_diff_challenge,0.0789361571624024,frozen_lifecycle
F08,S0,B,C03,F08,S0,B,C06,same_device_same_state_diff_challenge,-0.2313346378687147,frozen_lifecycle
F08,S0,B,C03,F08,S0,B,C07,same_device_same_state_diff_challenge,-0.2682299912564463,frozen_lifecycle
F08,S0,B,C03,F08,S0,B,C08,same_device_same_state_diff_challenge,-0.24498366173633,frozen_lifecycle
F08,S0,B,C03,F08,S1,B,C03,same_device_diff_state_same_challenge,0.0042180363026552,frozen_lifecycle
F08,S0,B,C03,F08,S2,B,C03,same_device_diff_state_same_challenge,0.0008243945680736,frozen_lifecycle
F08,S0,B,C03,F09,S0,B,C03,diff_device_same_challenge,-0.0013445113726121,frozen_lifecycle
F08,S0,B,C03,F10,S0,B,C03,diff_device_same_challenge,-0.0005730283858658,frozen_lifecycle
F08,S0,B,C03,F11,S0,B,C03,diff_device_same_challenge,-0.0006657424966481,frozen_lifecycle
F08,S0,B,C03,F12,S0,B,C03,diff_device_same_challenge,0.0027698087921726,frozen_lifecycle
F08,S0,B,C03,F13,S0,B,C03,diff_device_same_challenge,0.0006480812567351,frozen_lifecycle
F08,S0,B,C03,F14,S0,B,C03,diff_device_same_challenge,-0.0041798293428213,frozen_lifecycle
F08,S0,B,C03,F15,S0,B,C03,diff_device_same_challenge,-0.0051182810677504,frozen_lifecycle
F08,S0,B,C04,F08,S0,B,C05,same_device_same_state_diff_challenge,-0.1832454294212583,frozen_lifecycle
F08,S0,B,C04,F08,S0,B,C06,same_device_same_state_diff_challenge,-0.0649092312090557,frozen_lifecycle
F08,S0,B,C04,F08,S0,B,C07,same_device_same_state_diff_challenge,-0.0132803605096657,frozen_lifecycle
F08,S0,B,C04,F08,S0,B,C08,same_device_same_state_diff_challenge,0.0023888547381805,frozen_lifecycle
F08,S0,B,C04,F08,S1,B,C04,same_device_diff_state_same_challenge,0.0015838222774645,frozen_lifecycle
F08,S0,B,C04,F08,S2,B,C04,same_device_diff_state_same_challenge,-0.0078263648517178,frozen_lifecycle
F08,S0,B,C04,F09,S0,B,C04,diff_device_same_challenge,0.0011413359445791,frozen_lifecycle
F08,S0,B,C04,F10,S0,B,C04,diff_device_same_challenge,-0.0010926631047511,frozen_lifecycle
F08,S0,B,C04,F11,S0,B,C04,diff_device_same_challenge,-0.0004345930019397,frozen_lifecycle
F08,S0,B,C04,F12,S0,B,C04,diff_device_same_challenge,0.0039074045373329,frozen_lifecycle
F08,S0,B,C04,F13,S0,B,C04,diff_device_same_challenge,0.0016387069098929,frozen_lifecycle
F08,S0,B,C04,F14,S0,B,C04,diff_device_same_challenge,-5.6420508427713064e-06,frozen_lifecycle
F08,S0,B,C04,F15,S0,B,C04,diff_device_same_challenge,-0.0021260863250042,frozen_lifecycle
F08,S0,B,C05,F08,S0,B,C06,same_device_same_state_diff_challenge,-0.1506099457413143,frozen_lifecycle
F08,S0,B,C05,F08,S0,B,C07,same_device_same_state_diff_challenge,-0.192759488705731,frozen_lifecycle
F08,S0,B,C05,F08,S0,B,C08,same_device_same_state_diff_challenge,-0.2504333652401099,frozen_lifecycle
F08,S0,B,C05,F08,S1,B,C05,same_device_diff_state_same_challenge,0.0003052598272097,frozen_lifecycle
F08,S0,B,C05,F08,S2,B,C05,same_device_diff_state_same_challenge,-0.0012936584429149,frozen_lifecycle
F08,S0,B,C05,F09,S0,B,C05,diff_device_same_challenge,-0.0067542195085126,frozen_lifecycle
F08,S0,B,C05,F10,S0,B,C05,diff_device_same_challenge,0.0018453736535088,frozen_lifecycle
F08,S0,B,C05,F11,S0,B,C05,diff_device_same_challenge,-0.0023623647841829,frozen_lifecycle
F08,S0,B,C05,F12,S0,B,C05,diff_device_same_challenge,-0.0007684812639939,frozen_lifecycle
F08,S0,B,C05,F13,S0,B,C05,diff_device_same_challenge,-0.0011641605747872,frozen_lifecycle
F08,S0,B,C05,F14,S0,B,C05,diff_device_same_challenge,0.0007411199626833,frozen_lifecycle
F08,S0,B,C05,F15,S0,B,C05,diff_device_same_challenge,-0.0025112349545909,frozen_lifecycle
F08,S0,B,C06,F08,S0,B,C07,same_device_same_state_diff_challenge,0.0789934299218805,frozen_lifecycle
F08,S0,B,C06,F08,S0,B,C08,same_device_same_state_diff_challenge,-0.1067630618996446,frozen_lifecycle
F08,S0,B,C06,F08,S1,B,C06,same_device_diff_state_same_challenge,0.0025042173240047,frozen_lifecycle
F08,S0,B,C06,F08,S2,B,C06,same_device_diff_state_same_challenge,0.0046300036498416,frozen_lifecycle
F08,S0,B,C06,F09,S0,B,C06,diff_device_same_challenge,0.0013388551444368,frozen_lifecycle
F08,S0,B,C06,F10,S0,B,C06,diff_device_same_challenge,-0.002658386862616,frozen_lifecycle
F08,S0,B,C06,F11,S0,B,C06,diff_device_same_challenge,-0.0029173494656596,frozen_lifecycle
F08,S0,B,C06,F12,S0,B,C06,diff_device_same_challenge,0.0060171471464318,frozen_lifecycle
F08,S0,B,C06,F13,S0,B,C06,diff_device_same_challenge,0.0018355339851554,frozen_lifecycle
F08,S0,B,C06,F14,S0,B,C06,diff_device_same_challenge,-0.0021475658901305,frozen_lifecycle
F08,S0,B,C06,F15,S0,B,C06,diff_device_same_challenge,-0.0034430127791326,frozen_lifecycle
F08,S0,B,C07,F08,S0,B,C08,same_device_same_state_diff_challenge,-0.0320374302258316,frozen_lifecycle
F08,S0,B,C07,F08,S1,B,C07,same_device_diff_state_same_challenge,-0.0024130323023129,frozen_lifecycle
F08,S0,B,C07,F08,S2,B,C07,same_device_diff_state_same_challenge,-0.0009187531872323,frozen_lifecycle
F08,S0,B,C07,F09,S0,B,C07,diff_device_same_challenge,-0.0034693048579024,frozen_lifecycle
F08,S0,B,C07,F10,S0,B,C07,diff_device_same_challenge,0.0068810767839732,frozen_lifecycle
F08,S0,B,C07,F11,S0,B,C07,diff_device_same_challenge,-0.0073906612968533,frozen_lifecycle
F08,S0,B,C07,F12,S0,B,C07,diff_device_same_challenge,0.000641248313908,frozen_lifecycle
F08,S0,B,C07,F13,S0,B,C07,diff_device_same_challenge,-0.0053275749013892,frozen_lifecycle
F08,S0,B,C07,F14,S0,B,C07,diff_device_same_challenge,0.0006228880222341,frozen_lifecycle
F08,S0,B,C07,F15,S0,B,C07,diff_device_same_challenge,0.0044738241096642,frozen_lifecycle
F08,S0,B,C08,F08,S1,B,C08,same_device_diff_state_same_challenge,-0.0008136871087082,frozen_lifecycle
F08,S0,B,C08,F08,S2,B,C08,same_device_diff_state_same_challenge,0.0028917083928553,frozen_lifecycle
F08,S0,B,C08,F09,S0,B,C08,diff_device_same_challenge,0.0017967953947213,frozen_lifecycle
F08,S0,B,C08,F10,S0,B,C08,diff_device_same_challenge,0.0048619469353367,frozen_lifecycle
F08,S0,B,C08,F11,S0,B,C08,diff_device_same_challenge,-0.0053276898387313,frozen_lifecycle
F08,S0,B,C08,F12,S0,B,C08,diff_device_same_challenge,-0.0012876367475568,frozen_lifecycle
F08,S0,B,C08,F13,S0,B,C08,diff_device_same_challenge,0.0031185744936304,frozen_lifecycle
F08,S0,B,C08,F14,S0,B,C08,diff_device_same_challenge,0.0032948820649241,frozen_lifecycle
F08,S0,B,C08,F15,S0,B,C08,diff_device_same_challenge,0.0008481288015933,frozen_lifecycle
F08,S1,A,C01,F08,S1,A,C02,same_device_same_state_diff_challenge,-0.0277661761294479,frozen_lifecycle
F08,S1,A,C01,F08,S1,A,C03,same_device_same_state_diff_challenge,-0.1541658702473697,frozen_lifecycle
F08,S1,A,C01,F08,S1,A,C04,same_device_same_state_diff_challenge,-0.2265223988770147,frozen_lifecycle
F08,S1,A,C01,F08,S1,A,C05,same_device_same_state_diff_challenge,-0.2431434780040642,frozen_lifecycle
F08,S1,A,C01,F08,S1,A,C06,same_device_same_state_diff_challenge,-0.1793303720773371,frozen_lifecycle
F08,S1,A,C01,F08,S1,A,C07,same_device_same_state_diff_challenge,-0.1759138863551596,frozen_lifecycle
F08,S1,A,C01,F08,S1,A,C08,same_device_same_state_diff_challenge,-0.1687115603842595,frozen_lifecycle
F08,S1,A,C01,F08,S1,B,C01,same_device_same_state_same_challenge,0.3998401662073784,frozen_lifecycle
F08,S1,A,C01,F08,S2,A,C01,same_device_diff_state_same_challenge,0.0017687044874164,frozen_lifecycle
F08,S1,A,C01,F09,S1,A,C01,diff_device_same_challenge,-0.0081840979720438,frozen_lifecycle
F08,S1,A,C01,F10,S1,A,C01,diff_device_same_challenge,-0.0084740954491534,frozen_lifecycle
F08,S1,A,C01,F11,S1,A,C01,diff_device_same_challenge,0.0008321098897972,frozen_lifecycle
F08,S1,A,C01,F12,S1,A,C01,diff_device_same_challenge,0.0018771173972425,frozen_lifecycle
F08,S1,A,C01,F13,S1,A,C01,diff_device_same_challenge,0.0003448641230961,frozen_lifecycle
F08,S1,A,C01,F14,S1,A,C01,diff_device_same_challenge,0.0042892006011283,frozen_lifecycle
F08,S1,A,C01,F15,S1,A,C01,diff_device_same_challenge,-0.0068787708416077,frozen_lifecycle
F08,S1,A,C02,F08,S1,A,C03,same_device_same_state_diff_challenge,-0.0741961362544432,frozen_lifecycle
F08,S1,A,C02,F08,S1,A,C04,same_device_same_state_diff_challenge,-0.1818928297190266,frozen_lifecycle
F08,S1,A,C02,F08,S1,A,C05,same_device_same_state_diff_challenge,-0.2323656409610703,frozen_lifecycle
F08,S1,A,C02,F08,S1,A,C06,same_device_same_state_diff_challenge,-0.1971794920837692,frozen_lifecycle
F08,S1,A,C02,F08,S1,A,C07,same_device_same_state_diff_challenge,-0.2103027613699769,frozen_lifecycle
F08,S1,A,C02,F08,S1,A,C08,same_device_same_state_diff_challenge,-0.2072741918574931,frozen_lifecycle
F08,S1,A,C02,F08,S1,B,C02,same_device_same_state_same_challenge,0.4269901464444832,frozen_lifecycle
F08,S1,A,C02,F08,S2,A,C02,same_device_diff_state_same_challenge,-0.0056940170931413,frozen_lifecycle
F08,S1,A,C02,F09,S1,A,C02,diff_device_same_challenge,-0.0029446997908518,frozen_lifecycle
F08,S1,A,C02,F10,S1,A,C02,diff_device_same_challenge,0.0029491702227162,frozen_lifecycle
F08,S1,A,C02,F11,S1,A,C02,diff_device_same_challenge,0.0034553923105459,frozen_lifecycle
F08,S1,A,C02,F12,S1,A,C02,diff_device_same_challenge,0.0042012890386724,frozen_lifecycle
F08,S1,A,C02,F13,S1,A,C02,diff_device_same_challenge,-0.0053208942883619,frozen_lifecycle
F08,S1,A,C02,F14,S1,A,C02,diff_device_same_challenge,-0.0034539085161421,frozen_lifecycle
F08,S1,A,C02,F15,S1,A,C02,diff_device_same_challenge,-0.0033462002785317,frozen_lifecycle
F08,S1,A,C03,F08,S1,A,C04,same_device_same_state_diff_challenge,-0.0539015933363592,frozen_lifecycle
F08,S1,A,C03,F08,S1,A,C05,same_device_same_state_diff_challenge,-0.1402209124510723,frozen_lifecycle
F08,S1,A,C03,F08,S1,A,C06,same_device_same_state_diff_challenge,-0.1579513275725465,frozen_lifecycle
F08,S1,A,C03,F08,S1,A,C07,same_device_same_state_diff_challenge,-0.2150301245078696,frozen_lifecycle
F08,S1,A,C03,F08,S1,A,C08,same_device_same_state_diff_challenge,-0.2225781645577511,frozen_lifecycle
F08,S1,A,C03,F08,S1,B,C03,same_device_same_state_same_challenge,0.3506355198162741,frozen_lifecycle
F08,S1,A,C03,F08,S2,A,C03,same_device_diff_state_same_challenge,0.0067496363193507,frozen_lifecycle
F08,S1,A,C03,F09,S1,A,C03,diff_device_same_challenge,0.0035023600281363,frozen_lifecycle
F08,S1,A,C03,F10,S1,A,C03,diff_device_same_challenge,0.0034192599273024,frozen_lifecycle
F08,S1,A,C03,F11,S1,A,C03,diff_device_same_challenge,0.0014409521911516,frozen_lifecycle
F08,S1,A,C03,F12,S1,A,C03,diff_device_same_challenge,-0.0009729888331474,frozen_lifecycle
F08,S1,A,C03,F13,S1,A,C03,diff_device_same_challenge,0.0009618382839551,frozen_lifecycle
F08,S1,A,C03,F14,S1,A,C03,diff_device_same_challenge,-0.0037034663396645,frozen_lifecycle
F08,S1,A,C03,F15,S1,A,C03,diff_device_same_challenge,-0.0012061380547414,frozen_lifecycle
F08,S1,A,C04,F08,S1,A,C05,same_device_same_state_diff_challenge,0.0500231485962436,frozen_lifecycle
F08,S1,A,C04,F08,S1,A,C06,same_device_same_state_diff_challenge,-0.1811278094928893,frozen_lifecycle
F08,S1,A,C04,F08,S1,A,C07,same_device_same_state_diff_challenge,-0.1254797555668093,frozen_lifecycle
F08,S1,A,C04,F08,S1,A,C08,same_device_same_state_diff_challenge,-0.1964956788943568,frozen_lifecycle
F08,S1,A,C04,F08,S1,B,C04,same_device_same_state_same_challenge,0.7914076806402688,frozen_lifecycle
F08,S1,A,C04,F08,S2,A,C04,same_device_diff_state_same_challenge,0.0033176149833391,frozen_lifecycle
F08,S1,A,C04,F09,S1,A,C04,diff_device_same_challenge,-0.0021198422639885,frozen_lifecycle
F08,S1,A,C04,F10,S1,A,C04,diff_device_same_challenge,0.0035263347609342,frozen_lifecycle
F08,S1,A,C04,F11,S1,A,C04,diff_device_same_challenge,-0.0032259634986839,frozen_lifecycle
F08,S1,A,C04,F12,S1,A,C04,diff_device_same_challenge,-0.0015145091060553,frozen_lifecycle
F08,S1,A,C04,F13,S1,A,C04,diff_device_same_challenge,-0.0039968983742623,frozen_lifecycle
F08,S1,A,C04,F14,S1,A,C04,diff_device_same_challenge,0.0013778242114164,frozen_lifecycle
F08,S1,A,C04,F15,S1,A,C04,diff_device_same_challenge,0.0017804168797157,frozen_lifecycle
F08,S1,A,C05,F08,S1,A,C06,same_device_same_state_diff_challenge,-0.0976839164347213,frozen_lifecycle
F08,S1,A,C05,F08,S1,A,C07,same_device_same_state_diff_challenge,-0.0846244924550065,frozen_lifecycle
F08,S1,A,C05,F08,S1,A,C08,same_device_same_state_diff_challenge,-0.1231457971554686,frozen_lifecycle
F08,S1,A,C05,F08,S1,B,C05,same_device_same_state_same_challenge,0.7005963390485503,frozen_lifecycle
F08,S1,A,C05,F08,S2,A,C05,same_device_diff_state_same_challenge,0.0023300516915731,frozen_lifecycle
F08,S1,A,C05,F09,S1,A,C05,diff_device_same_challenge,6.065088213865237e-05,frozen_lifecycle
F08,S1,A,C05,F10,S1,A,C05,diff_device_same_challenge,-0.0024343945608325,frozen_lifecycle
F08,S1,A,C05,F11,S1,A,C05,diff_device_same_challenge,0.0100640229974452,frozen_lifecycle
F08,S1,A,C05,F12,S1,A,C05,diff_device_same_challenge,0.0038971204056489,frozen_lifecycle
F08,S1,A,C05,F13,S1,A,C05,diff_device_same_challenge,-0.0048560601886862,frozen_lifecycle
F08,S1,A,C05,F14,S1,A,C05,diff_device_same_challenge,-0.005652147228867,frozen_lifecycle
F08,S1,A,C05,F15,S1,A,C05,diff_device_same_challenge,0.0017010022549719,frozen_lifecycle
F08,S1,A,C06,F08,S1,A,C07,same_device_same_state_diff_challenge,-0.1617580780109506,frozen_lifecycle
F08,S1,A,C06,F08,S1,A,C08,same_device_same_state_diff_challenge,0.033307704268665,frozen_lifecycle
F08,S1,A,C06,F08,S1,B,C06,same_device_same_state_same_challenge,0.3637465934638116,frozen_lifecycle
F08,S1,A,C06,F08,S2,A,C06,same_device_diff_state_same_challenge,0.0016114138836984,frozen_lifecycle
F08,S1,A,C06,F09,S1,A,C06,diff_device_same_challenge,-0.0067954759013141,frozen_lifecycle
F08,S1,A,C06,F10,S1,A,C06,diff_device_same_challenge,0.0065916731138719,frozen_lifecycle
F08,S1,A,C06,F11,S1,A,C06,diff_device_same_challenge,0.0005757168347221,frozen_lifecycle
F08,S1,A,C06,F12,S1,A,C06,diff_device_same_challenge,0.0027761385732612,frozen_lifecycle
F08,S1,A,C06,F13,S1,A,C06,diff_device_same_challenge,-0.007324944054194,frozen_lifecycle
F08,S1,A,C06,F14,S1,A,C06,diff_device_same_challenge,0.0013033990469765,frozen_lifecycle
F08,S1,A,C06,F15,S1,A,C06,diff_device_same_challenge,-0.0102982427664085,frozen_lifecycle
F08,S1,A,C07,F08,S1,A,C08,same_device_same_state_diff_challenge,-0.014965999809489,frozen_lifecycle
F08,S1,A,C07,F08,S1,B,C07,same_device_same_state_same_challenge,0.7874056244842187,frozen_lifecycle
F08,S1,A,C07,F08,S2,A,C07,same_device_diff_state_same_challenge,-0.0028084989063237,frozen_lifecycle
F08,S1,A,C07,F09,S1,A,C07,diff_device_same_challenge,0.0032722487850293,frozen_lifecycle
F08,S1,A,C07,F10,S1,A,C07,diff_device_same_challenge,-0.0020612759286023,frozen_lifecycle
F08,S1,A,C07,F11,S1,A,C07,diff_device_same_challenge,-0.0018056275888856,frozen_lifecycle
F08,S1,A,C07,F12,S1,A,C07,diff_device_same_challenge,0.0015720882311701,frozen_lifecycle
F08,S1,A,C07,F13,S1,A,C07,diff_device_same_challenge,-0.001186824698599,frozen_lifecycle
F08,S1,A,C07,F14,S1,A,C07,diff_device_same_challenge,-0.00297295604787,frozen_lifecycle
F08,S1,A,C07,F15,S1,A,C07,diff_device_same_challenge,-0.0063385700417548,frozen_lifecycle
F08,S1,A,C08,F08,S1,B,C08,same_device_same_state_same_challenge,0.6421466686463247,frozen_lifecycle
F08,S1,A,C08,F08,S2,A,C08,same_device_diff_state_same_challenge,0.0038166324198979,frozen_lifecycle
F08,S1,A,C08,F09,S1,A,C08,diff_device_same_challenge,-0.0049360447733728,frozen_lifecycle
F08,S1,A,C08,F10,S1,A,C08,diff_device_same_challenge,-0.0021562128153477,frozen_lifecycle
F08,S1,A,C08,F11,S1,A,C08,diff_device_same_challenge,-0.0030186285522735,frozen_lifecycle
F08,S1,A,C08,F12,S1,A,C08,diff_device_same_challenge,-0.0036081754544241,frozen_lifecycle
F08,S1,A,C08,F13,S1,A,C08,diff_device_same_challenge,0.0030694309559784,frozen_lifecycle
F08,S1,A,C08,F14,S1,A,C08,diff_device_same_challenge,-0.0034388591818672,frozen_lifecycle
F08,S1,A,C08,F15,S1,A,C08,diff_device_same_challenge,0.0018126640800109,frozen_lifecycle
F08,S1,B,C01,F08,S1,B,C02,same_device_same_state_diff_challenge,-0.0320844342714388,frozen_lifecycle
F08,S1,B,C01,F08,S1,B,C03,same_device_same_state_diff_challenge,-0.1522398821881041,frozen_lifecycle
F08,S1,B,C01,F08,S1,B,C04,same_device_same_state_diff_challenge,-0.1968880627033167,frozen_lifecycle
F08,S1,B,C01,F08,S1,B,C05,same_device_same_state_diff_challenge,-0.2175913071848321,frozen_lifecycle
F08,S1,B,C01,F08,S1,B,C06,same_device_same_state_diff_challenge,-0.2380329335698652,frozen_lifecycle
F08,S1,B,C01,F08,S1,B,C07,same_device_same_state_diff_challenge,-0.1840096896138344,frozen_lifecycle
F08,S1,B,C01,F08,S1,B,C08,same_device_same_state_diff_challenge,-0.1608083270661569,frozen_lifecycle
F08,S1,B,C01,F08,S2,B,C01,same_device_diff_state_same_challenge,-0.0012973782917731,frozen_lifecycle
F08,S1,B,C01,F09,S1,B,C01,diff_device_same_challenge,-0.0068072566155193,frozen_lifecycle
F08,S1,B,C01,F10,S1,B,C01,diff_device_same_challenge,-0.0040275135164917,frozen_lifecycle
F08,S1,B,C01,F11,S1,B,C01,diff_device_same_challenge,-0.009837280574667,frozen_lifecycle
F08,S1,B,C01,F12,S1,B,C01,diff_device_same_challenge,0.0011995467620737,frozen_lifecycle
F08,S1,B,C01,F13,S1,B,C01,diff_device_same_challenge,0.0010488839617251,frozen_lifecycle
F08,S1,B,C01,F14,S1,B,C01,diff_device_same_challenge,0.001241294208335,frozen_lifecycle
F08,S1,B,C01,F15,S1,B,C01,diff_device_same_challenge,-0.0073482047835154,frozen_lifecycle
F08,S1,B,C02,F08,S1,B,C03,same_device_same_state_diff_challenge,-0.1389004865558417,frozen_lifecycle
F08,S1,B,C02,F08,S1,B,C04,same_device_same_state_diff_challenge,-0.1883708865846379,frozen_lifecycle
F08,S1,B,C02,F08,S1,B,C05,same_device_same_state_diff_challenge,-0.1617088629528891,frozen_lifecycle
F08,S1,B,C02,F08,S1,B,C06,same_device_same_state_diff_challenge,-0.2294285989870292,frozen_lifecycle
F08,S1,B,C02,F08,S1,B,C07,same_device_same_state_diff_challenge,-0.2014124668389263,frozen_lifecycle
F08,S1,B,C02,F08,S1,B,C08,same_device_same_state_diff_challenge,-0.1562822244982867,frozen_lifecycle
F08,S1,B,C02,F08,S2,B,C02,same_device_diff_state_same_challenge,0.0017808685983057,frozen_lifecycle
F08,S1,B,C02,F09,S1,B,C02,diff_device_same_challenge,-0.0080228472266419,frozen_lifecycle
F08,S1,B,C02,F10,S1,B,C02,diff_device_same_challenge,0.0042234328043911,frozen_lifecycle
F08,S1,B,C02,F11,S1,B,C02,diff_device_same_challenge,0.0038026686315889,frozen_lifecycle
F08,S1,B,C02,F12,S1,B,C02,diff_device_same_challenge,-0.0026363788563482,frozen_lifecycle
F08,S1,B,C02,F13,S1,B,C02,diff_device_same_challenge,-0.0091969880314096,frozen_lifecycle
F08,S1,B,C02,F14,S1,B,C02,diff_device_same_challenge,0.0035219227416775,frozen_lifecycle
F08,S1,B,C02,F15,S1,B,C02,diff_device_same_challenge,-0.0009748806086659,frozen_lifecycle
F08,S1,B,C03,F08,S1,B,C04,same_device_same_state_diff_challenge,0.074326487189267,frozen_lifecycle
F08,S1,B,C03,F08,S1,B,C05,same_device_same_state_diff_challenge,-0.1514238394366295,frozen_lifecycle
F08,S1,B,C03,F08,S1,B,C06,same_device_same_state_diff_challenge,-0.1776985237025866,frozen_lifecycle
F08,S1,B,C03,F08,S1,B,C07,same_device_same_state_diff_challenge,-0.163026395578481,frozen_lifecycle
F08,S1,B,C03,F08,S1,B,C08,same_device_same_state_diff_challenge,-0.241660001932537,frozen_lifecycle
F08,S1,B,C03,F08,S2,B,C03,same_device_diff_state_same_challenge,-0.003496109861542,frozen_lifecycle
F08,S1,B,C03,F09,S1,B,C03,diff_device_same_challenge,0.0028160439689907,frozen_lifecycle
F08,S1,B,C03,F10,S1,B,C03,diff_device_same_challenge,0.0005542707322138,frozen_lifecycle
F08,S1,B,C03,F11,S1,B,C03,diff_device_same_challenge,-0.0010072474615156,frozen_lifecycle
F08,S1,B,C03,F12,S1,B,C03,diff_device_same_challenge,-0.0026504367927446,frozen_lifecycle
F08,S1,B,C03,F13,S1,B,C03,diff_device_same_challenge,-0.00528427171003,frozen_lifecycle
F08,S1,B,C03,F14,S1,B,C03,diff_device_same_challenge,-0.0065542821207934,frozen_lifecycle
F08,S1,B,C03,F15,S1,B,C03,diff_device_same_challenge,0.0044790881442341,frozen_lifecycle
F08,S1,B,C04,F08,S1,B,C05,same_device_same_state_diff_challenge,-0.0982334707434285,frozen_lifecycle
F08,S1,B,C04,F08,S1,B,C06,same_device_same_state_diff_challenge,-0.1188629857066247,frozen_lifecycle
F08,S1,B,C04,F08,S1,B,C07,same_device_same_state_diff_challenge,-0.1454527437789814,frozen_lifecycle
F08,S1,B,C04,F08,S1,B,C08,same_device_same_state_diff_challenge,-0.242894507963186,frozen_lifecycle
F08,S1,B,C04,F08,S2,B,C04,same_device_diff_state_same_challenge,-0.0015709067832878,frozen_lifecycle
F08,S1,B,C04,F09,S1,B,C04,diff_device_same_challenge,-0.0101719026252252,frozen_lifecycle
F08,S1,B,C04,F10,S1,B,C04,diff_device_same_challenge,0.0043547029614495,frozen_lifecycle
F08,S1,B,C04,F11,S1,B,C04,diff_device_same_challenge,-0.007731751714999,frozen_lifecycle
F08,S1,B,C04,F12,S1,B,C04,diff_device_same_challenge,-0.0016908673915619,frozen_lifecycle
F08,S1,B,C04,F13,S1,B,C04,diff_device_same_challenge,-0.0050860296365019,frozen_lifecycle
F08,S1,B,C04,F14,S1,B,C04,diff_device_same_challenge,0.0011362830430573,frozen_lifecycle
F08,S1,B,C04,F15,S1,B,C04,diff_device_same_challenge,0.0042814355245581,frozen_lifecycle
F08,S1,B,C05,F08,S1,B,C06,same_device_same_state_diff_challenge,-0.0530319895828371,frozen_lifecycle
F08,S1,B,C05,F08,S1,B,C07,same_device_same_state_diff_challenge,-0.152528739188412,frozen_lifecycle
F08,S1,B,C05,F08,S1,B,C08,same_device_same_state_diff_challenge,-0.0798690470177259,frozen_lifecycle
F08,S1,B,C05,F08,S2,B,C05,same_device_diff_state_same_challenge,-0.0012358357386373,frozen_lifecycle
F08,S1,B,C05,F09,S1,B,C05,diff_device_same_challenge,-0.0074181939674964,frozen_lifecycle
F08,S1,B,C05,F10,S1,B,C05,diff_device_same_challenge,0.004041412761504,frozen_lifecycle
F08,S1,B,C05,F11,S1,B,C05,diff_device_same_challenge,0.0060769154023697,frozen_lifecycle
F08,S1,B,C05,F12,S1,B,C05,diff_device_same_challenge,0.0066941191771228,frozen_lifecycle
F08,S1,B,C05,F13,S1,B,C05,diff_device_same_challenge,-0.0036930607115939,frozen_lifecycle
F08,S1,B,C05,F14,S1,B,C05,diff_device_same_challenge,-0.0007112460648882,frozen_lifecycle
F08,S1,B,C05,F15,S1,B,C05,diff_device_same_challenge,0.0072100519076111,frozen_lifecycle
F08,S1,B,C06,F08,S1,B,C07,same_device_same_state_diff_challenge,-0.0222439279384381,frozen_lifecycle
F08,S1,B,C06,F08,S1,B,C08,same_device_same_state_diff_challenge,-0.050401144721522,frozen_lifecycle
F08,S1,B,C06,F08,S2,B,C06,same_device_diff_state_same_challenge,0.0009076039179701,frozen_lifecycle
F08,S1,B,C06,F09,S1,B,C06,diff_device_same_challenge,0.0033820758741587,frozen_lifecycle
F08,S1,B,C06,F10,S1,B,C06,diff_device_same_challenge,0.0060759280096418,frozen_lifecycle
F08,S1,B,C06,F11,S1,B,C06,diff_device_same_challenge,7.997428738217524e-05,frozen_lifecycle
F08,S1,B,C06,F12,S1,B,C06,diff_device_same_challenge,6.044377953193286e-05,frozen_lifecycle
F08,S1,B,C06,F13,S1,B,C06,diff_device_same_challenge,-0.0113445630013744,frozen_lifecycle
F08,S1,B,C06,F14,S1,B,C06,diff_device_same_challenge,-0.0005610578393127,frozen_lifecycle
F08,S1,B,C06,F15,S1,B,C06,diff_device_same_challenge,-0.011789491007488,frozen_lifecycle
F08,S1,B,C07,F08,S1,B,C08,same_device_same_state_diff_challenge,-0.0924092524738645,frozen_lifecycle
F08,S1,B,C07,F08,S2,B,C07,same_device_diff_state_same_challenge,-0.0015302777769824,frozen_lifecycle
F08,S1,B,C07,F09,S1,B,C07,diff_device_same_challenge,-0.0006557396454162,frozen_lifecycle
F08,S1,B,C07,F10,S1,B,C07,diff_device_same_challenge,-0.0039303072789369,frozen_lifecycle
F08,S1,B,C07,F11,S1,B,C07,diff_device_same_challenge,-0.0006528630035165,frozen_lifecycle
F08,S1,B,C07,F12,S1,B,C07,diff_device_same_challenge,-0.0019448052786411,frozen_lifecycle
F08,S1,B,C07,F13,S1,B,C07,diff_device_same_challenge,0.0039707424755091,frozen_lifecycle
F08,S1,B,C07,F14,S1,B,C07,diff_device_same_challenge,-0.0020286410426764,frozen_lifecycle
F08,S1,B,C07,F15,S1,B,C07,diff_device_same_challenge,-0.0070514698120356,frozen_lifecycle
F08,S1,B,C08,F08,S2,B,C08,same_device_diff_state_same_challenge,0.0014405828088459,frozen_lifecycle
F08,S1,B,C08,F09,S1,B,C08,diff_device_same_challenge,-0.0007736232966227,frozen_lifecycle
F08,S1,B,C08,F10,S1,B,C08,diff_device_same_challenge,-0.0081290673865863,frozen_lifecycle
F08,S1,B,C08,F11,S1,B,C08,diff_device_same_challenge,-0.0062820972631397,frozen_lifecycle
F08,S1,B,C08,F12,S1,B,C08,diff_device_same_challenge,0.0014384784136407,frozen_lifecycle
F08,S1,B,C08,F13,S1,B,C08,diff_device_same_challenge,0.004367762940674,frozen_lifecycle
F08,S1,B,C08,F14,S1,B,C08,diff_device_same_challenge,-0.000779311495594,frozen_lifecycle
F08,S1,B,C08,F15,S1,B,C08,diff_device_same_challenge,0.0038724250902786,frozen_lifecycle
F08,S2,A,C01,F08,S2,A,C02,same_device_same_state_diff_challenge,-0.0161310826335277,frozen_lifecycle
F08,S2,A,C01,F08,S2,A,C03,same_device_same_state_diff_challenge,-0.1217238139957658,frozen_lifecycle
F08,S2,A,C01,F08,S2,A,C04,same_device_same_state_diff_challenge,-0.172757116326297,frozen_lifecycle
F08,S2,A,C01,F08,S2,A,C05,same_device_same_state_diff_challenge,-0.2187836746607366,frozen_lifecycle
F08,S2,A,C01,F08,S2,A,C06,same_device_same_state_diff_challenge,-0.2042553356547287,frozen_lifecycle
F08,S2,A,C01,F08,S2,A,C07,same_device_same_state_diff_challenge,-0.2258683112478988,frozen_lifecycle
F08,S2,A,C01,F08,S2,A,C08,same_device_same_state_diff_challenge,-0.1943638582650828,frozen_lifecycle
F08,S2,A,C01,F08,S2,B,C01,same_device_same_state_same_challenge,0.2104440174623498,frozen_lifecycle
F08,S2,A,C01,F09,S2,A,C01,diff_device_same_challenge,-0.0045716688432691,frozen_lifecycle
F08,S2,A,C01,F10,S2,A,C01,diff_device_same_challenge,-0.0027302147967445,frozen_lifecycle
F08,S2,A,C01,F11,S2,A,C01,diff_device_same_challenge,-0.0073765823959296,frozen_lifecycle
F08,S2,A,C01,F12,S2,A,C01,diff_device_same_challenge,0.0007301697137704,frozen_lifecycle
F08,S2,A,C01,F13,S2,A,C01,diff_device_same_challenge,0.005527226181195,frozen_lifecycle
F08,S2,A,C01,F14,S2,A,C01,diff_device_same_challenge,-0.0021253830637512,frozen_lifecycle
F08,S2,A,C01,F15,S2,A,C01,diff_device_same_challenge,-0.0078273732685445,frozen_lifecycle
F08,S2,A,C02,F08,S2,A,C03,same_device_same_state_diff_challenge,-0.07533972156066,frozen_lifecycle
F08,S2,A,C02,F08,S2,A,C04,same_device_same_state_diff_challenge,-0.172524031174029,frozen_lifecycle
F08,S2,A,C02,F08,S2,A,C05,same_device_same_state_diff_challenge,-0.2187074390025665,frozen_lifecycle
F08,S2,A,C02,F08,S2,A,C06,same_device_same_state_diff_challenge,-0.2422781768760292,frozen_lifecycle
F08,S2,A,C02,F08,S2,A,C07,same_device_same_state_diff_challenge,-0.2520768299355098,frozen_lifecycle
F08,S2,A,C02,F08,S2,A,C08,same_device_same_state_diff_challenge,-0.2226072524615627,frozen_lifecycle
F08,S2,A,C02,F08,S2,B,C02,same_device_same_state_same_challenge,0.2744183937551756,frozen_lifecycle
F08,S2,A,C02,F09,S2,A,C02,diff_device_same_challenge,0.000147112016407,frozen_lifecycle
F08,S2,A,C02,F10,S2,A,C02,diff_device_same_challenge,0.0005634810548881,frozen_lifecycle
F08,S2,A,C02,F11,S2,A,C02,diff_device_same_challenge,-0.0032144193917619,frozen_lifecycle
F08,S2,A,C02,F12,S2,A,C02,diff_device_same_challenge,-0.0025955394121642,frozen_lifecycle
F08,S2,A,C02,F13,S2,A,C02,diff_device_same_challenge,-0.0031412685844263,frozen_lifecycle
F08,S2,A,C02,F14,S2,A,C02,diff_device_same_challenge,0.0002991336123318,frozen_lifecycle
F08,S2,A,C02,F15,S2,A,C02,diff_device_same_challenge,-0.0049258396436252,frozen_lifecycle
F08,S2,A,C03,F08,S2,A,C04,same_device_same_state_diff_challenge,0.0695406001929012,frozen_lifecycle
F08,S2,A,C03,F08,S2,A,C05,same_device_same_state_diff_challenge,-0.1036604003385462,frozen_lifecycle
F08,S2,A,C03,F08,S2,A,C06,same_device_same_state_diff_challenge,-0.2341754228309151,frozen_lifecycle
F08,S2,A,C03,F08,S2,A,C07,same_device_same_state_diff_challenge,-0.2697350269460685,frozen_lifecycle
F08,S2,A,C03,F08,S2,A,C08,same_device_same_state_diff_challenge,-0.2579166646106244,frozen_lifecycle
F08,S2,A,C03,F08,S2,B,C03,same_device_same_state_same_challenge,0.7554891006246388,frozen_lifecycle
F08,S2,A,C03,F09,S2,A,C03,diff_device_same_challenge,0.002674662073088,frozen_lifecycle
F08,S2,A,C03,F10,S2,A,C03,diff_device_same_challenge,-0.0003140355318234,frozen_lifecycle
F08,S2,A,C03,F11,S2,A,C03,diff_device_same_challenge,-0.0017399133526881,frozen_lifecycle
F08,S2,A,C03,F12,S2,A,C03,diff_device_same_challenge,0.0054375939135884,frozen_lifecycle
F08,S2,A,C03,F13,S2,A,C03,diff_device_same_challenge,0.000236250480411,frozen_lifecycle
F08,S2,A,C03,F14,S2,A,C03,diff_device_same_challenge,-7.995456559804827e-05,frozen_lifecycle
F08,S2,A,C03,F15,S2,A,C03,diff_device_same_challenge,-0.0050435898235301,frozen_lifecycle
F08,S2,A,C04,F08,S2,A,C05,same_device_same_state_diff_challenge,-0.0230609548960707,frozen_lifecycle
F08,S2,A,C04,F08,S2,A,C06,same_device_same_state_diff_challenge,-0.181882684561215,frozen_lifecycle
F08,S2,A,C04,F08,S2,A,C07,same_device_same_state_diff_challenge,-0.1742338474199315,frozen_lifecycle
F08,S2,A,C04,F08,S2,A,C08,same_device_same_state_diff_challenge,-0.1710902727318409,frozen_lifecycle
F08,S2,A,C04,F08,S2,B,C04,same_device_same_state_same_challenge,0.7275165279988527,frozen_lifecycle
F08,S2,A,C04,F09,S2,A,C04,diff_device_same_challenge,0.0050810951077979,frozen_lifecycle
F08,S2,A,C04,F10,S2,A,C04,diff_device_same_challenge,-0.0003455782464695,frozen_lifecycle
F08,S2,A,C04,F11,S2,A,C04,diff_device_same_challenge,-0.0074554592394418,frozen_lifecycle
F08,S2,A,C04,F12,S2,A,C04,diff_device_same_challenge,-0.0035762521227294,frozen_lifecycle
F08,S2,A,C04,F13,S2,A,C04,diff_device_same_challenge,-0.0003165595828263,frozen_lifecycle
F08,S2,A,C04,F14,S2,A,C04,diff_device_same_challenge,-0.0060039046921754,frozen_lifecycle
F08,S2,A,C04,F15,S2,A,C04,diff_device_same_challenge,0.0021853700058052,frozen_lifecycle
F08,S2,A,C05,F08,S2,A,C06,same_device_same_state_diff_challenge,-0.0870882168433508,frozen_lifecycle
F08,S2,A,C05,F08,S2,A,C07,same_device_same_state_diff_challenge,-0.1195607949188064,frozen_lifecycle
F08,S2,A,C05,F08,S2,A,C08,same_device_same_state_diff_challenge,-0.1347062532469245,frozen_lifecycle
F08,S2,A,C05,F08,S2,B,C05,same_device_same_state_same_challenge,0.7309137442999383,frozen_lifecycle
F08,S2,A,C05,F09,S2,A,C05,diff_device_same_challenge,0.003892748743294,frozen_lifecycle
F08,S2,A,C05,F10,S2,A,C05,diff_device_same_challenge,0.0007078455669848,frozen_lifecycle
F08,S2,A,C05,F11,S2,A,C05,diff_device_same_challenge,-0.0043361269336925,frozen_lifecycle
F08,S2,A,C05,F12,S2,A,C05,diff_device_same_challenge,-0.0068741050670628,frozen_lifecycle
F08,S2,A,C05,F13,S2,A,C05,diff_device_same_challenge,-0.003030266220531,frozen_lifecycle
F08,S2,A,C05,F14,S2,A,C05,diff_device_same_challenge,-0.0026311830350375,frozen_lifecycle
F08,S2,A,C05,F15,S2,A,C05,diff_device_same_challenge,0.0011962033906185,frozen_lifecycle
F08,S2,A,C06,F08,S2,A,C07,same_device_same_state_diff_challenge,0.0538685244170067,frozen_lifecycle
F08,S2,A,C06,F08,S2,A,C08,same_device_same_state_diff_challenge,-0.0236238258962076,frozen_lifecycle
F08,S2,A,C06,F08,S2,B,C06,same_device_same_state_same_challenge,0.8472456065935684,frozen_lifecycle
F08,S2,A,C06,F09,S2,A,C06,diff_device_same_challenge,0.0006080902719188,frozen_lifecycle
F08,S2,A,C06,F10,S2,A,C06,diff_device_same_challenge,-0.0053498948794972,frozen_lifecycle
F08,S2,A,C06,F11,S2,A,C06,diff_device_same_challenge,-0.0010581960617884,frozen_lifecycle
F08,S2,A,C06,F12,S2,A,C06,diff_device_same_challenge,-0.0050840725218453,frozen_lifecycle
F08,S2,A,C06,F13,S2,A,C06,diff_device_same_challenge,-0.0009314530009874,frozen_lifecycle
F08,S2,A,C06,F14,S2,A,C06,diff_device_same_challenge,-0.0006507831044634,frozen_lifecycle
F08,S2,A,C06,F15,S2,A,C06,diff_device_same_challenge,0.006313150545348,frozen_lifecycle
F08,S2,A,C07,F08,S2,A,C08,same_device_same_state_diff_challenge,0.0351118910939198,frozen_lifecycle
F08,S2,A,C07,F08,S2,B,C07,same_device_same_state_same_challenge,0.8563199050583261,frozen_lifecycle
F08,S2,A,C07,F09,S2,A,C07,diff_device_same_challenge,0.0006479461882112,frozen_lifecycle
F08,S2,A,C07,F10,S2,A,C07,diff_device_same_challenge,-0.0023902682328543,frozen_lifecycle
F08,S2,A,C07,F11,S2,A,C07,diff_device_same_challenge,0.003856250278856,frozen_lifecycle
F08,S2,A,C07,F12,S2,A,C07,diff_device_same_challenge,0.000542339810132,frozen_lifecycle
F08,S2,A,C07,F13,S2,A,C07,diff_device_same_challenge,0.0011087142005508,frozen_lifecycle
F08,S2,A,C07,F14,S2,A,C07,diff_device_same_challenge,-0.0038143491512897,frozen_lifecycle
F08,S2,A,C07,F15,S2,A,C07,diff_device_same_challenge,-0.0007445824011858,frozen_lifecycle
F08,S2,A,C08,F08,S2,B,C08,same_device_same_state_same_challenge,0.6900261013836994,frozen_lifecycle
F08,S2,A,C08,F09,S2,A,C08,diff_device_same_challenge,0.0009569940697879,frozen_lifecycle
F08,S2,A,C08,F10,S2,A,C08,diff_device_same_challenge,-0.0016500866922961,frozen_lifecycle
F08,S2,A,C08,F11,S2,A,C08,diff_device_same_challenge,-0.0053171097206476,frozen_lifecycle
F08,S2,A,C08,F12,S2,A,C08,diff_device_same_challenge,0.0025683371546984,frozen_lifecycle
F08,S2,A,C08,F13,S2,A,C08,diff_device_same_challenge,0.000247802588049,frozen_lifecycle
F08,S2,A,C08,F14,S2,A,C08,diff_device_same_challenge,0.0036384111795568,frozen_lifecycle
F08,S2,A,C08,F15,S2,A,C08,diff_device_same_challenge,-0.0036166026797269,frozen_lifecycle
F08,S2,B,C01,F08,S2,B,C02,same_device_same_state_diff_challenge,-0.0424064537842916,frozen_lifecycle
F08,S2,B,C01,F08,S2,B,C03,same_device_same_state_diff_challenge,-0.1533260998685042,frozen_lifecycle
F08,S2,B,C01,F08,S2,B,C04,same_device_same_state_diff_challenge,-0.207371296518235,frozen_lifecycle
F08,S2,B,C01,F08,S2,B,C05,same_device_same_state_diff_challenge,-0.201398315460198,frozen_lifecycle
F08,S2,B,C01,F08,S2,B,C06,same_device_same_state_diff_challenge,-0.1968494307047842,frozen_lifecycle
F08,S2,B,C01,F08,S2,B,C07,same_device_same_state_diff_challenge,-0.2351077945378475,frozen_lifecycle
F08,S2,B,C01,F08,S2,B,C08,same_device_same_state_diff_challenge,-0.2117530852844568,frozen_lifecycle
F08,S2,B,C01,F09,S2,B,C01,diff_device_same_challenge,0.004711476619,frozen_lifecycle
F08,S2,B,C01,F10,S2,B,C01,diff_device_same_challenge,0.0074635648243243,frozen_lifecycle
F08,S2,B,C01,F11,S2,B,C01,diff_device_same_challenge,-0.0003548056535861,frozen_lifecycle
F08,S2,B,C01,F12,S2,B,C01,diff_device_same_challenge,0.0069313455267012,frozen_lifecycle
F08,S2,B,C01,F13,S2,B,C01,diff_device_same_challenge,0.0015052026347956,frozen_lifecycle
F08,S2,B,C01,F14,S2,B,C01,diff_device_same_challenge,-0.0024934456476132,frozen_lifecycle
F08,S2,B,C01,F15,S2,B,C01,diff_device_same_challenge,-0.006616401213352,frozen_lifecycle
F08,S2,B,C02,F08,S2,B,C03,same_device_same_state_diff_challenge,-0.0399925910910917,frozen_lifecycle
F08,S2,B,C02,F08,S2,B,C04,same_device_same_state_diff_challenge,-0.1312199246635285,frozen_lifecycle
F08,S2,B,C02,F08,S2,B,C05,same_device_same_state_diff_challenge,-0.1857414886611629,frozen_lifecycle
F08,S2,B,C02,F08,S2,B,C06,same_device_same_state_diff_challenge,-0.2413684374297557,frozen_lifecycle
F08,S2,B,C02,F08,S2,B,C07,same_device_same_state_diff_challenge,-0.2525341127441077,frozen_lifecycle
F08,S2,B,C02,F08,S2,B,C08,same_device_same_state_diff_challenge,-0.2552240590536846,frozen_lifecycle
F08,S2,B,C02,F09,S2,B,C02,diff_device_same_challenge,-0.0016963463827092,frozen_lifecycle
F08,S2,B,C02,F10,S2,B,C02,diff_device_same_challenge,-0.0044829925906276,frozen_lifecycle
F08,S2,B,C02,F11,S2,B,C02,diff_device_same_challenge,-0.0070970162860893,frozen_lifecycle
F08,S2,B,C02,F12,S2,B,C02,diff_device_same_challenge,0.0032883345986093,frozen_lifecycle
F08,S2,B,C02,F13,S2,B,C02,diff_device_same_challenge,0.0040424739751223,frozen_lifecycle
F08,S2,B,C02,F14,S2,B,C02,diff_device_same_challenge,-0.0053367646225148,frozen_lifecycle
F08,S2,B,C02,F15,S2,B,C02,diff_device_same_challenge,-0.0013213431851262,frozen_lifecycle
F08,S2,B,C03,F08,S2,B,C04,same_device_same_state_diff_challenge,-0.0155123179942106,frozen_lifecycle
F08,S2,B,C03,F08,S2,B,C05,same_device_same_state_diff_challenge,-0.1466874115722319,frozen_lifecycle
F08,S2,B,C03,F08,S2,B,C06,same_device_same_state_diff_challenge,-0.2031549039782813,frozen_lifecycle
F08,S2,B,C03,F08,S2,B,C07,same_device_same_state_diff_challenge,-0.2271514343795532,frozen_lifecycle
F08,S2,B,C03,F08,S2,B,C08,same_device_same_state_diff_challenge,-0.2522790830499921,frozen_lifecycle
F08,S2,B,C03,F09,S2,B,C03,diff_device_same_challenge,-0.0014043634092421,frozen_lifecycle
F08,S2,B,C03,F10,S2,B,C03,diff_device_same_challenge,0.0026786833271694,frozen_lifecycle
F08,S2,B,C03,F11,S2,B,C03,diff_device_same_challenge,-0.0008645656589041,frozen_lifecycle
F08,S2,B,C03,F12,S2,B,C03,diff_device_same_challenge,0.0053342033976387,frozen_lifecycle
F08,S2,B,C03,F13,S2,B,C03,diff_device_same_challenge,-0.0049573043557829,frozen_lifecycle
F08,S2,B,C03,F14,S2,B,C03,diff_device_same_challenge,-0.0024250689071365,frozen_lifecycle
F08,S2,B,C03,F15,S2,B,C03,diff_device_same_challenge,-0.0012018732993876,frozen_lifecycle
F08,S2,B,C04,F08,S2,B,C05,same_device_same_state_diff_challenge,-0.0003077408508054,frozen_lifecycle
F08,S2,B,C04,F08,S2,B,C06,same_device_same_state_diff_challenge,-0.198788428436551,frozen_lifecycle
F08,S2,B,C04,F08,S2,B,C07,same_device_same_state_diff_challenge,-0.1320934277487556,frozen_lifecycle
F08,S2,B,C04,F08,S2,B,C08,same_device_same_state_diff_challenge,-0.1675151932808474,frozen_lifecycle
F08,S2,B,C04,F09,S2,B,C04,diff_device_same_challenge,-0.0011926542312634,frozen_lifecycle
F08,S2,B,C04,F10,S2,B,C04,diff_device_same_challenge,0.0023273274155737,frozen_lifecycle
F08,S2,B,C04,F11,S2,B,C04,diff_device_same_challenge,5.2506006445319744e-05,frozen_lifecycle
F08,S2,B,C04,F12,S2,B,C04,diff_device_same_challenge,-0.0020955326562026,frozen_lifecycle
F08,S2,B,C04,F13,S2,B,C04,diff_device_same_challenge,-0.0008793561784694,frozen_lifecycle
F08,S2,B,C04,F14,S2,B,C04,diff_device_same_challenge,-0.0080645798868028,frozen_lifecycle
F08,S2,B,C04,F15,S2,B,C04,diff_device_same_challenge,-0.0046881185518824,frozen_lifecycle
F08,S2,B,C05,F08,S2,B,C06,same_device_same_state_diff_challenge,-0.1189503436220585,frozen_lifecycle
F08,S2,B,C05,F08,S2,B,C07,same_device_same_state_diff_challenge,-0.0827696417830151,frozen_lifecycle
F08,S2,B,C05,F08,S2,B,C08,same_device_same_state_diff_challenge,-0.0810141166433843,frozen_lifecycle
F08,S2,B,C05,F09,S2,B,C05,diff_device_same_challenge,0.0008653662380252,frozen_lifecycle
F08,S2,B,C05,F10,S2,B,C05,diff_device_same_challenge,-0.0040867252945449,frozen_lifecycle
F08,S2,B,C05,F11,S2,B,C05,diff_device_same_challenge,-0.004780469644444,frozen_lifecycle
F08,S2,B,C05,F12,S2,B,C05,diff_device_same_challenge,-0.0043177861757644,frozen_lifecycle
F08,S2,B,C05,F13,S2,B,C05,diff_device_same_challenge,-0.0062244249349898,frozen_lifecycle
F08,S2,B,C05,F14,S2,B,C05,diff_device_same_challenge,-0.0028089795459197,frozen_lifecycle
F08,S2,B,C05,F15,S2,B,C05,diff_device_same_challenge,0.0011898993680612,frozen_lifecycle
F08,S2,B,C06,F08,S2,B,C07,same_device_same_state_diff_challenge,0.011713198120689,frozen_lifecycle
F08,S2,B,C06,F08,S2,B,C08,same_device_same_state_diff_challenge,-0.0240874779879445,frozen_lifecycle
F08,S2,B,C06,F09,S2,B,C06,diff_device_same_challenge,0.0003533634433552,frozen_lifecycle
F08,S2,B,C06,F10,S2,B,C06,diff_device_same_challenge,0.0021410997824618,frozen_lifecycle
F08,S2,B,C06,F11,S2,B,C06,diff_device_same_challenge,0.0020806060520718,frozen_lifecycle
F08,S2,B,C06,F12,S2,B,C06,diff_device_same_challenge,0.0032202523121806,frozen_lifecycle
F08,S2,B,C06,F13,S2,B,C06,diff_device_same_challenge,5.6569845060340965e-05,frozen_lifecycle
F08,S2,B,C06,F14,S2,B,C06,diff_device_same_challenge,-0.00270590696163,frozen_lifecycle
F08,S2,B,C06,F15,S2,B,C06,diff_device_same_challenge,0.004823666468094,frozen_lifecycle
F08,S2,B,C07,F08,S2,B,C08,same_device_same_state_diff_challenge,0.0493061888727991,frozen_lifecycle
F08,S2,B,C07,F09,S2,B,C07,diff_device_same_challenge,-0.0002928140915214,frozen_lifecycle
F08,S2,B,C07,F10,S2,B,C07,diff_device_same_challenge,-0.0005192640642708,frozen_lifecycle
F08,S2,B,C07,F11,S2,B,C07,diff_device_same_challenge,0.0026338933339919,frozen_lifecycle
F08,S2,B,C07,F12,S2,B,C07,diff_device_same_challenge,0.0004587085226527,frozen_lifecycle
F08,S2,B,C07,F13,S2,B,C07,diff_device_same_challenge,0.0004871579778934,frozen_lifecycle
F08,S2,B,C07,F14,S2,B,C07,diff_device_same_challenge,-0.0012721323942118,frozen_lifecycle
F08,S2,B,C07,F15,S2,B,C07,diff_device_same_challenge,-0.0003372132183135,frozen_lifecycle
F08,S2,B,C08,F09,S2,B,C08,diff_device_same_challenge,0.0011696172962982,frozen_lifecycle
F08,S2,B,C08,F10,S2,B,C08,diff_device_same_challenge,0.002020741068093,frozen_lifecycle
F08,S2,B,C08,F11,S2,B,C08,diff_device_same_challenge,-0.0034777708615636,frozen_lifecycle
F08,S2,B,C08,F12,S2,B,C08,diff_device_same_challenge,-0.0031679565172522,frozen_lifecycle
F08,S2,B,C08,F13,S2,B,C08,diff_device_same_challenge,-0.001699397305355,frozen_lifecycle
F08,S2,B,C08,F14,S2,B,C08,diff_device_same_challenge,0.0012741363044453,frozen_lifecycle
F08,S2,B,C08,F15,S2,B,C08,diff_device_same_challenge,-0.0010510725767337,frozen_lifecycle
F09,S0,A,C01,F09,S0,A,C02,same_device_same_state_diff_challenge,0.056887589693878,frozen_lifecycle
F09,S0,A,C01,F09,S0,A,C03,same_device_same_state_diff_challenge,-0.1121687448454732,frozen_lifecycle
F09,S0,A,C01,F09,S0,A,C04,same_device_same_state_diff_challenge,-0.171576114103321,frozen_lifecycle
F09,S0,A,C01,F09,S0,A,C05,same_device_same_state_diff_challenge,-0.1578924314966781,frozen_lifecycle
F09,S0,A,C01,F09,S0,A,C06,same_device_same_state_diff_challenge,-0.2437052896224159,frozen_lifecycle
F09,S0,A,C01,F09,S0,A,C07,same_device_same_state_diff_challenge,-0.2150572082099462,frozen_lifecycle
F09,S0,A,C01,F09,S0,A,C08,same_device_same_state_diff_challenge,-0.2290916522734391,frozen_lifecycle
F09,S0,A,C01,F09,S0,B,C01,same_device_same_state_same_challenge,0.3205156161429108,frozen_lifecycle
F09,S0,A,C01,F09,S1,A,C01,same_device_diff_state_same_challenge,0.0085732362578426,frozen_lifecycle
F09,S0,A,C01,F09,S2,A,C01,same_device_diff_state_same_challenge,0.0059795045949959,frozen_lifecycle
F09,S0,A,C01,F10,S0,A,C01,diff_device_same_challenge,-0.0025412871090454,frozen_lifecycle
F09,S0,A,C01,F11,S0,A,C01,diff_device_same_challenge,-6.838400171685497e-05,frozen_lifecycle
F09,S0,A,C01,F12,S0,A,C01,diff_device_same_challenge,0.0037709344500584,frozen_lifecycle
F09,S0,A,C01,F13,S0,A,C01,diff_device_same_challenge,0.0017264960254302,frozen_lifecycle
F09,S0,A,C01,F14,S0,A,C01,diff_device_same_challenge,-4.392546334890382e-05,frozen_lifecycle
F09,S0,A,C01,F15,S0,A,C01,diff_device_same_challenge,-0.0058319738608903,frozen_lifecycle
F09,S0,A,C02,F09,S0,A,C03,same_device_same_state_diff_challenge,0.0629080058111808,frozen_lifecycle
F09,S0,A,C02,F09,S0,A,C04,same_device_same_state_diff_challenge,-0.2175179458218655,frozen_lifecycle
F09,S0,A,C02,F09,S0,A,C05,same_device_same_state_diff_challenge,-0.2037592625688144,frozen_lifecycle
F09,S0,A,C02,F09,S0,A,C06,same_device_same_state_diff_challenge,-0.2254389256047226,frozen_lifecycle
F09,S0,A,C02,F09,S0,A,C07,same_device_same_state_diff_challenge,-0.2336162652548991,frozen_lifecycle
F09,S0,A,C02,F09,S0,A,C08,same_device_same_state_diff_challenge,-0.2338912332030997,frozen_lifecycle
F09,S0,A,C02,F09,S0,B,C02,same_device_same_state_same_challenge,0.5436832575029382,frozen_lifecycle
F09,S0,A,C02,F09,S1,A,C02,same_device_diff_state_same_challenge,0.0014815896687841,frozen_lifecycle
F09,S0,A,C02,F09,S2,A,C02,same_device_diff_state_same_challenge,-0.0025803546421869,frozen_lifecycle
F09,S0,A,C02,F10,S0,A,C02,diff_device_same_challenge,-0.0029457083355595,frozen_lifecycle
F09,S0,A,C02,F11,S0,A,C02,diff_device_same_challenge,-0.0074944650037896,frozen_lifecycle
F09,S0,A,C02,F12,S0,A,C02,diff_device_same_challenge,0.0003840963947243,frozen_lifecycle
F09,S0,A,C02,F13,S0,A,C02,diff_device_same_challenge,0.0031624975922731,frozen_lifecycle
F09,S0,A,C02,F14,S0,A,C02,diff_device_same_challenge,0.0031461571993887,frozen_lifecycle
F09,S0,A,C02,F15,S0,A,C02,diff_device_same_challenge,-0.0062425388568848,frozen_lifecycle
F09,S0,A,C03,F09,S0,A,C04,same_device_same_state_diff_challenge,-0.1998915356778106,frozen_lifecycle
F09,S0,A,C03,F09,S0,A,C05,same_device_same_state_diff_challenge,-0.1673804714683871,frozen_lifecycle
F09,S0,A,C03,F09,S0,A,C06,same_device_same_state_diff_challenge,-0.1461086511731811,frozen_lifecycle
F09,S0,A,C03,F09,S0,A,C07,same_device_same_state_diff_challenge,-0.1550601817958211,frozen_lifecycle
F09,S0,A,C03,F09,S0,A,C08,same_device_same_state_diff_challenge,-0.1720323233931195,frozen_lifecycle
F09,S0,A,C03,F09,S0,B,C03,same_device_same_state_same_challenge,0.5756193717980622,frozen_lifecycle
F09,S0,A,C03,F09,S1,A,C03,same_device_diff_state_same_challenge,0.0039603756726591,frozen_lifecycle
F09,S0,A,C03,F09,S2,A,C03,same_device_diff_state_same_challenge,0.0077945209555643,frozen_lifecycle
F09,S0,A,C03,F10,S0,A,C03,diff_device_same_challenge,-8.765922713003998e-05,frozen_lifecycle
F09,S0,A,C03,F11,S0,A,C03,diff_device_same_challenge,0.0024691084292988,frozen_lifecycle
F09,S0,A,C03,F12,S0,A,C03,diff_device_same_challenge,-0.0017587258956642,frozen_lifecycle
F09,S0,A,C03,F13,S0,A,C03,diff_device_same_challenge,-0.0012712067389507,frozen_lifecycle
F09,S0,A,C03,F14,S0,A,C03,diff_device_same_challenge,0.0015301513016072,frozen_lifecycle
F09,S0,A,C03,F15,S0,A,C03,diff_device_same_challenge,-0.0052348465557992,frozen_lifecycle
F09,S0,A,C04,F09,S0,A,C05,same_device_same_state_diff_challenge,0.033558313786499,frozen_lifecycle
F09,S0,A,C04,F09,S0,A,C06,same_device_same_state_diff_challenge,-0.2154021148926585,frozen_lifecycle
F09,S0,A,C04,F09,S0,A,C07,same_device_same_state_diff_challenge,-0.1453841381770529,frozen_lifecycle
F09,S0,A,C04,F09,S0,A,C08,same_device_same_state_diff_challenge,-0.1956535529644162,frozen_lifecycle
F09,S0,A,C04,F09,S0,B,C04,same_device_same_state_same_challenge,0.4051898401641818,frozen_lifecycle
F09,S0,A,C04,F09,S1,A,C04,same_device_diff_state_same_challenge,-9.725584333321994e-05,frozen_lifecycle
F09,S0,A,C04,F09,S2,A,C04,same_device_diff_state_same_challenge,-0.0023862803182828,frozen_lifecycle
F09,S0,A,C04,F10,S0,A,C04,diff_device_same_challenge,0.0016638931997456,frozen_lifecycle
F09,S0,A,C04,F11,S0,A,C04,diff_device_same_challenge,-0.0009168245146734,frozen_lifecycle
F09,S0,A,C04,F12,S0,A,C04,diff_device_same_challenge,-0.0006389806526174,frozen_lifecycle
F09,S0,A,C04,F13,S0,A,C04,diff_device_same_challenge,-0.0016012768210616,frozen_lifecycle
F09,S0,A,C04,F14,S0,A,C04,diff_device_same_challenge,-0.0008905451861486,frozen_lifecycle
F09,S0,A,C04,F15,S0,A,C04,diff_device_same_challenge,0.0069785785662565,frozen_lifecycle
F09,S0,A,C05,F09,S0,A,C06,same_device_same_state_diff_challenge,-0.2011190300420733,frozen_lifecycle
F09,S0,A,C05,F09,S0,A,C07,same_device_same_state_diff_challenge,-0.0329284527142317,frozen_lifecycle
F09,S0,A,C05,F09,S0,A,C08,same_device_same_state_diff_challenge,-0.2088642156346732,frozen_lifecycle
F09,S0,A,C05,F09,S0,B,C05,same_device_same_state_same_challenge,0.4593688055851436,frozen_lifecycle
F09,S0,A,C05,F09,S1,A,C05,same_device_diff_state_same_challenge,-0.0019491256018039,frozen_lifecycle
F09,S0,A,C05,F09,S2,A,C05,same_device_diff_state_same_challenge,-0.0013245493825918,frozen_lifecycle
F09,S0,A,C05,F10,S0,A,C05,diff_device_same_challenge,-3.343697031049066e-05,frozen_lifecycle
F09,S0,A,C05,F11,S0,A,C05,diff_device_same_challenge,-0.0012841484399714,frozen_lifecycle
F09,S0,A,C05,F12,S0,A,C05,diff_device_same_challenge,-0.0003192833979042,frozen_lifecycle
F09,S0,A,C05,F13,S0,A,C05,diff_device_same_challenge,-0.0032243468714714,frozen_lifecycle
F09,S0,A,C05,F14,S0,A,C05,diff_device_same_challenge,0.0035391098387782,frozen_lifecycle
F09,S0,A,C05,F15,S0,A,C05,diff_device_same_challenge,-0.0046543029353106,frozen_lifecycle
F09,S0,A,C06,F09,S0,A,C07,same_device_same_state_diff_challenge,-0.0302737234516271,frozen_lifecycle
F09,S0,A,C06,F09,S0,A,C08,same_device_same_state_diff_challenge,0.018685422798295,frozen_lifecycle
F09,S0,A,C06,F09,S0,B,C06,same_device_same_state_same_challenge,0.1424835173726907,frozen_lifecycle
F09,S0,A,C06,F09,S1,A,C06,same_device_diff_state_same_challenge,-0.0017812124950523,frozen_lifecycle
F09,S0,A,C06,F09,S2,A,C06,same_device_diff_state_same_challenge,0.0005341408180345,frozen_lifecycle
F09,S0,A,C06,F10,S0,A,C06,diff_device_same_challenge,-0.0012164667823052,frozen_lifecycle
F09,S0,A,C06,F11,S0,A,C06,diff_device_same_challenge,0.0039634073276358,frozen_lifecycle
F09,S0,A,C06,F12,S0,A,C06,diff_device_same_challenge,-0.0026536978107097,frozen_lifecycle
F09,S0,A,C06,F13,S0,A,C06,diff_device_same_challenge,0.0001724904245823,frozen_lifecycle
F09,S0,A,C06,F14,S0,A,C06,diff_device_same_challenge,0.0032456230478585,frozen_lifecycle
F09,S0,A,C06,F15,S0,A,C06,diff_device_same_challenge,-0.0067187770180387,frozen_lifecycle
F09,S0,A,C07,F09,S0,A,C08,same_device_same_state_diff_challenge,-0.0291719549470056,frozen_lifecycle
F09,S0,A,C07,F09,S0,B,C07,same_device_same_state_same_challenge,0.6077352636115532,frozen_lifecycle
F09,S0,A,C07,F09,S1,A,C07,same_device_diff_state_same_challenge,-0.0014058599799654,frozen_lifecycle
F09,S0,A,C07,F09,S2,A,C07,same_device_diff_state_same_challenge,0.003010623986467,frozen_lifecycle
F09,S0,A,C07,F10,S0,A,C07,diff_device_same_challenge,0.0047963185316653,frozen_lifecycle
F09,S0,A,C07,F11,S0,A,C07,diff_device_same_challenge,-0.0056771816576869,frozen_lifecycle
F09,S0,A,C07,F12,S0,A,C07,diff_device_same_challenge,-4.075586325836725e-05,frozen_lifecycle
F09,S0,A,C07,F13,S0,A,C07,diff_device_same_challenge,0.0064285855481405,frozen_lifecycle
F09,S0,A,C07,F14,S0,A,C07,diff_device_same_challenge,-0.000971503325382,frozen_lifecycle
F09,S0,A,C07,F15,S0,A,C07,diff_device_same_challenge,0.001625593716766,frozen_lifecycle
F09,S0,A,C08,F09,S0,B,C08,same_device_same_state_same_challenge,0.5962032229367259,frozen_lifecycle
F09,S0,A,C08,F09,S1,A,C08,same_device_diff_state_same_challenge,0.0047110402183169,frozen_lifecycle
F09,S0,A,C08,F09,S2,A,C08,same_device_diff_state_same_challenge,0.005359481421064,frozen_lifecycle
F09,S0,A,C08,F10,S0,A,C08,diff_device_same_challenge,-0.003331505670841,frozen_lifecycle
F09,S0,A,C08,F11,S0,A,C08,diff_device_same_challenge,-0.002611427567374,frozen_lifecycle
F09,S0,A,C08,F12,S0,A,C08,diff_device_same_challenge,0.0001089187994525,frozen_lifecycle
F09,S0,A,C08,F13,S0,A,C08,diff_device_same_challenge,0.0014501104324008,frozen_lifecycle
F09,S0,A,C08,F14,S0,A,C08,diff_device_same_challenge,0.0001795062935531,frozen_lifecycle
F09,S0,A,C08,F15,S0,A,C08,diff_device_same_challenge,-0.0002269655266559,frozen_lifecycle
F09,S0,B,C01,F09,S0,B,C02,same_device_same_state_diff_challenge,0.0396713104396785,frozen_lifecycle
F09,S0,B,C01,F09,S0,B,C03,same_device_same_state_diff_challenge,-0.1554206891280539,frozen_lifecycle
F09,S0,B,C01,F09,S0,B,C04,same_device_same_state_diff_challenge,-0.1270317277627554,frozen_lifecycle
F09,S0,B,C01,F09,S0,B,C05,same_device_same_state_diff_challenge,-0.2015701483357247,frozen_lifecycle
F09,S0,B,C01,F09,S0,B,C06,same_device_same_state_diff_challenge,-0.2027320700294572,frozen_lifecycle
F09,S0,B,C01,F09,S0,B,C07,same_device_same_state_diff_challenge,-0.2227282399684371,frozen_lifecycle
F09,S0,B,C01,F09,S0,B,C08,same_device_same_state_diff_challenge,-0.186786685504823,frozen_lifecycle
F09,S0,B,C01,F09,S1,B,C01,same_device_diff_state_same_challenge,0.0100725150293564,frozen_lifecycle
F09,S0,B,C01,F09,S2,B,C01,same_device_diff_state_same_challenge,0.0041513954653853,frozen_lifecycle
F09,S0,B,C01,F10,S0,B,C01,diff_device_same_challenge,0.0013408783587714,frozen_lifecycle
F09,S0,B,C01,F11,S0,B,C01,diff_device_same_challenge,-0.0052111160741492,frozen_lifecycle
F09,S0,B,C01,F12,S0,B,C01,diff_device_same_challenge,0.000571936953324,frozen_lifecycle
F09,S0,B,C01,F13,S0,B,C01,diff_device_same_challenge,-0.0104152238164404,frozen_lifecycle
F09,S0,B,C01,F14,S0,B,C01,diff_device_same_challenge,0.0061224092394975,frozen_lifecycle
F09,S0,B,C01,F15,S0,B,C01,diff_device_same_challenge,-0.0014158796776556,frozen_lifecycle
F09,S0,B,C02,F09,S0,B,C03,same_device_same_state_diff_challenge,-0.0815573505876745,frozen_lifecycle
F09,S0,B,C02,F09,S0,B,C04,same_device_same_state_diff_challenge,-0.1772386787217046,frozen_lifecycle
F09,S0,B,C02,F09,S0,B,C05,same_device_same_state_diff_challenge,-0.1829176994448966,frozen_lifecycle
F09,S0,B,C02,F09,S0,B,C06,same_device_same_state_diff_challenge,-0.1821980739815161,frozen_lifecycle
F09,S0,B,C02,F09,S0,B,C07,same_device_same_state_diff_challenge,-0.2112604537364199,frozen_lifecycle
F09,S0,B,C02,F09,S0,B,C08,same_device_same_state_diff_challenge,-0.2151798846224828,frozen_lifecycle
F09,S0,B,C02,F09,S1,B,C02,same_device_diff_state_same_challenge,-0.0025700112937456,frozen_lifecycle
F09,S0,B,C02,F09,S2,B,C02,same_device_diff_state_same_challenge,-0.0014911757301502,frozen_lifecycle
F09,S0,B,C02,F10,S0,B,C02,diff_device_same_challenge,0.003240256328352,frozen_lifecycle
F09,S0,B,C02,F11,S0,B,C02,diff_device_same_challenge,0.0031499202216109,frozen_lifecycle
F09,S0,B,C02,F12,S0,B,C02,diff_device_same_challenge,0.0013070233049265,frozen_lifecycle
F09,S0,B,C02,F13,S0,B,C02,diff_device_same_challenge,0.0078223651807572,frozen_lifecycle
F09,S0,B,C02,F14,S0,B,C02,diff_device_same_challenge,-0.0003297533343817,frozen_lifecycle
F09,S0,B,C02,F15,S0,B,C02,diff_device_same_challenge,-0.0066851632216163,frozen_lifecycle
F09,S0,B,C03,F09,S0,B,C04,same_device_same_state_diff_challenge,-0.1294622669660762,frozen_lifecycle
F09,S0,B,C03,F09,S0,B,C05,same_device_same_state_diff_challenge,-0.1607961889650028,frozen_lifecycle
F09,S0,B,C03,F09,S0,B,C06,same_device_same_state_diff_challenge,-0.1922627720760272,frozen_lifecycle
F09,S0,B,C03,F09,S0,B,C07,same_device_same_state_diff_challenge,-0.1304668557374149,frozen_lifecycle
F09,S0,B,C03,F09,S0,B,C08,same_device_same_state_diff_challenge,-0.0934618738455793,frozen_lifecycle
F09,S0,B,C03,F09,S1,B,C03,same_device_diff_state_same_challenge,0.0003973399549606,frozen_lifecycle
F09,S0,B,C03,F09,S2,B,C03,same_device_diff_state_same_challenge,-0.003274609516776,frozen_lifecycle
F09,S0,B,C03,F10,S0,B,C03,diff_device_same_challenge,-0.00281634561579,frozen_lifecycle
F09,S0,B,C03,F11,S0,B,C03,diff_device_same_challenge,-0.0003342389714012,frozen_lifecycle
F09,S0,B,C03,F12,S0,B,C03,diff_device_same_challenge,0.0029142150740438,frozen_lifecycle
F09,S0,B,C03,F13,S0,B,C03,diff_device_same_challenge,0.001694622918545,frozen_lifecycle
F09,S0,B,C03,F14,S0,B,C03,diff_device_same_challenge,0.0019180535241391,frozen_lifecycle
F09,S0,B,C03,F15,S0,B,C03,diff_device_same_challenge,-0.0024653696349431,frozen_lifecycle
F09,S0,B,C04,F09,S0,B,C05,same_device_same_state_diff_challenge,-0.170174588849484,frozen_lifecycle
F09,S0,B,C04,F09,S0,B,C06,same_device_same_state_diff_challenge,-0.1626083259493036,frozen_lifecycle
F09,S0,B,C04,F09,S0,B,C07,same_device_same_state_diff_challenge,-0.1704513928193839,frozen_lifecycle
F09,S0,B,C04,F09,S0,B,C08,same_device_same_state_diff_challenge,-0.0947612098636321,frozen_lifecycle
F09,S0,B,C04,F09,S1,B,C04,same_device_diff_state_same_challenge,0.0021527996139732,frozen_lifecycle
F09,S0,B,C04,F09,S2,B,C04,same_device_diff_state_same_challenge,0.0013848629049143,frozen_lifecycle
F09,S0,B,C04,F10,S0,B,C04,diff_device_same_challenge,-0.0011547153279052,frozen_lifecycle
F09,S0,B,C04,F11,S0,B,C04,diff_device_same_challenge,-0.0072915831324778,frozen_lifecycle
F09,S0,B,C04,F12,S0,B,C04,diff_device_same_challenge,-0.0038826472761811,frozen_lifecycle
F09,S0,B,C04,F13,S0,B,C04,diff_device_same_challenge,0.0018102146038432,frozen_lifecycle
F09,S0,B,C04,F14,S0,B,C04,diff_device_same_challenge,0.0025965231978357,frozen_lifecycle
F09,S0,B,C04,F15,S0,B,C04,diff_device_same_challenge,0.0059433171085743,frozen_lifecycle
F09,S0,B,C05,F09,S0,B,C06,same_device_same_state_diff_challenge,0.0785376441486721,frozen_lifecycle
F09,S0,B,C05,F09,S0,B,C07,same_device_same_state_diff_challenge,-0.0703308915723916,frozen_lifecycle
F09,S0,B,C05,F09,S0,B,C08,same_device_same_state_diff_challenge,-0.1831749987126295,frozen_lifecycle
F09,S0,B,C05,F09,S1,B,C05,same_device_diff_state_same_challenge,-0.0015881032076605,frozen_lifecycle
F09,S0,B,C05,F09,S2,B,C05,same_device_diff_state_same_challenge,0.0060251450967988,frozen_lifecycle
F09,S0,B,C05,F10,S0,B,C05,diff_device_same_challenge,0.0077470027112908,frozen_lifecycle
F09,S0,B,C05,F11,S0,B,C05,diff_device_same_challenge,-0.0028405682011432,frozen_lifecycle
F09,S0,B,C05,F12,S0,B,C05,diff_device_same_challenge,-0.0030769287160152,frozen_lifecycle
F09,S0,B,C05,F13,S0,B,C05,diff_device_same_challenge,-0.0010859607096286,frozen_lifecycle
F09,S0,B,C05,F14,S0,B,C05,diff_device_same_challenge,0.0116967513703496,frozen_lifecycle
F09,S0,B,C05,F15,S0,B,C05,diff_device_same_challenge,0.0042466817316988,frozen_lifecycle
F09,S0,B,C06,F09,S0,B,C07,same_device_same_state_diff_challenge,-0.0653483476278919,frozen_lifecycle
F09,S0,B,C06,F09,S0,B,C08,same_device_same_state_diff_challenge,-0.2065500480772082,frozen_lifecycle
F09,S0,B,C06,F09,S1,B,C06,same_device_diff_state_same_challenge,-0.0008037415774459,frozen_lifecycle
F09,S0,B,C06,F09,S2,B,C06,same_device_diff_state_same_challenge,-0.0002821056154521,frozen_lifecycle
F09,S0,B,C06,F10,S0,B,C06,diff_device_same_challenge,0.001854353076327,frozen_lifecycle
F09,S0,B,C06,F11,S0,B,C06,diff_device_same_challenge,0.0013190320571367,frozen_lifecycle
F09,S0,B,C06,F12,S0,B,C06,diff_device_same_challenge,-0.0073720408597642,frozen_lifecycle
F09,S0,B,C06,F13,S0,B,C06,diff_device_same_challenge,0.0047749116941,frozen_lifecycle
F09,S0,B,C06,F14,S0,B,C06,diff_device_same_challenge,0.0053699431376694,frozen_lifecycle
F09,S0,B,C06,F15,S0,B,C06,diff_device_same_challenge,0.0009750821832847,frozen_lifecycle
F09,S0,B,C07,F09,S0,B,C08,same_device_same_state_diff_challenge,-0.1276503635856955,frozen_lifecycle
F09,S0,B,C07,F09,S1,B,C07,same_device_diff_state_same_challenge,0.0060293445431927,frozen_lifecycle
F09,S0,B,C07,F09,S2,B,C07,same_device_diff_state_same_challenge,0.006050035264094,frozen_lifecycle
F09,S0,B,C07,F10,S0,B,C07,diff_device_same_challenge,0.0010508315752028,frozen_lifecycle
F09,S0,B,C07,F11,S0,B,C07,diff_device_same_challenge,-0.0021261510855107,frozen_lifecycle
F09,S0,B,C07,F12,S0,B,C07,diff_device_same_challenge,-0.0007165658297488,frozen_lifecycle
F09,S0,B,C07,F13,S0,B,C07,diff_device_same_challenge,0.0087049393370517,frozen_lifecycle
F09,S0,B,C07,F14,S0,B,C07,diff_device_same_challenge,0.0020220488852961,frozen_lifecycle
F09,S0,B,C07,F15,S0,B,C07,diff_device_same_challenge,0.0004035884442768,frozen_lifecycle
F09,S0,B,C08,F09,S1,B,C08,same_device_diff_state_same_challenge,-0.0006460069798373,frozen_lifecycle
F09,S0,B,C08,F09,S2,B,C08,same_device_diff_state_same_challenge,0.0053418972663836,frozen_lifecycle
F09,S0,B,C08,F10,S0,B,C08,diff_device_same_challenge,-0.0015828281543051,frozen_lifecycle
F09,S0,B,C08,F11,S0,B,C08,diff_device_same_challenge,-0.0037509463943477,frozen_lifecycle
F09,S0,B,C08,F12,S0,B,C08,diff_device_same_challenge,-0.0076781873798173,frozen_lifecycle
F09,S0,B,C08,F13,S0,B,C08,diff_device_same_challenge,0.0070716503812668,frozen_lifecycle
F09,S0,B,C08,F14,S0,B,C08,diff_device_same_challenge,-0.0025064772038687,frozen_lifecycle
F09,S0,B,C08,F15,S0,B,C08,diff_device_same_challenge,-0.0027078506972028,frozen_lifecycle
F09,S1,A,C01,F09,S1,A,C02,same_device_same_state_diff_challenge,-0.0521317006782821,frozen_lifecycle
F09,S1,A,C01,F09,S1,A,C03,same_device_same_state_diff_challenge,0.0443792460978101,frozen_lifecycle
F09,S1,A,C01,F09,S1,A,C04,same_device_same_state_diff_challenge,-0.2598948673879907,frozen_lifecycle
F09,S1,A,C01,F09,S1,A,C05,same_device_same_state_diff_challenge,-0.1295351685298765,frozen_lifecycle
F09,S1,A,C01,F09,S1,A,C06,same_device_same_state_diff_challenge,-0.1498774008642657,frozen_lifecycle
F09,S1,A,C01,F09,S1,A,C07,same_device_same_state_diff_challenge,-0.2326860511680908,frozen_lifecycle
F09,S1,A,C01,F09,S1,A,C08,same_device_same_state_diff_challenge,-0.2444133406108127,frozen_lifecycle
F09,S1,A,C01,F09,S1,B,C01,same_device_same_state_same_challenge,0.358108764613527,frozen_lifecycle
F09,S1,A,C01,F09,S2,A,C01,same_device_diff_state_same_challenge,0.0005744151808235,frozen_lifecycle
F09,S1,A,C01,F10,S1,A,C01,diff_device_same_challenge,0.0096999637426948,frozen_lifecycle
F09,S1,A,C01,F11,S1,A,C01,diff_device_same_challenge,-7.280552083494512e-05,frozen_lifecycle
F09,S1,A,C01,F12,S1,A,C01,diff_device_same_challenge,-0.0055056288618314,frozen_lifecycle
F09,S1,A,C01,F13,S1,A,C01,diff_device_same_challenge,0.0035755670193042,frozen_lifecycle
F09,S1,A,C01,F14,S1,A,C01,diff_device_same_challenge,0.0049206194674973,frozen_lifecycle
F09,S1,A,C01,F15,S1,A,C01,diff_device_same_challenge,-0.0035969712287593,frozen_lifecycle
F09,S1,A,C02,F09,S1,A,C03,same_device_same_state_diff_challenge,-0.0145642677463796,frozen_lifecycle
F09,S1,A,C02,F09,S1,A,C04,same_device_same_state_diff_challenge,-0.1346785859246145,frozen_lifecycle
F09,S1,A,C02,F09,S1,A,C05,same_device_same_state_diff_challenge,-0.187970604807267,frozen_lifecycle
F09,S1,A,C02,F09,S1,A,C06,same_device_same_state_diff_challenge,-0.1467627922922888,frozen_lifecycle
F09,S1,A,C02,F09,S1,A,C07,same_device_same_state_diff_challenge,-0.1952370752700314,frozen_lifecycle
F09,S1,A,C02,F09,S1,A,C08,same_device_same_state_diff_challenge,-0.2559460675612337,frozen_lifecycle
F09,S1,A,C02,F09,S1,B,C02,same_device_same_state_same_challenge,0.8145889926423052,frozen_lifecycle
F09,S1,A,C02,F09,S2,A,C02,same_device_diff_state_same_challenge,0.0050986877092379,frozen_lifecycle
F09,S1,A,C02,F10,S1,A,C02,diff_device_same_challenge,0.0030643430095505,frozen_lifecycle
F09,S1,A,C02,F11,S1,A,C02,diff_device_same_challenge,0.0016884353880069,frozen_lifecycle
F09,S1,A,C02,F12,S1,A,C02,diff_device_same_challenge,0.0043330311829913,frozen_lifecycle
F09,S1,A,C02,F13,S1,A,C02,diff_device_same_challenge,0.0078065750459151,frozen_lifecycle
F09,S1,A,C02,F14,S1,A,C02,diff_device_same_challenge,-0.0032573826474234,frozen_lifecycle
F09,S1,A,C02,F15,S1,A,C02,diff_device_same_challenge,-0.001488190497213,frozen_lifecycle
F09,S1,A,C03,F09,S1,A,C04,same_device_same_state_diff_challenge,-0.2622999779543334,frozen_lifecycle
F09,S1,A,C03,F09,S1,A,C05,same_device_same_state_diff_challenge,-0.2287820653788845,frozen_lifecycle
F09,S1,A,C03,F09,S1,A,C06,same_device_same_state_diff_challenge,-0.052902910593904,frozen_lifecycle
F09,S1,A,C03,F09,S1,A,C07,same_device_same_state_diff_challenge,-0.194989187220388,frozen_lifecycle
F09,S1,A,C03,F09,S1,A,C08,same_device_same_state_diff_challenge,-0.2953629703611349,frozen_lifecycle
F09,S1,A,C03,F09,S1,B,C03,same_device_same_state_same_challenge,0.7116003730115938,frozen_lifecycle
F09,S1,A,C03,F09,S2,A,C03,same_device_diff_state_same_challenge,0.0077887641466821,frozen_lifecycle
F09,S1,A,C03,F10,S1,A,C03,diff_device_same_challenge,-0.0027640607141279,frozen_lifecycle
F09,S1,A,C03,F11,S1,A,C03,diff_device_same_challenge,0.0015860012781566,frozen_lifecycle
F09,S1,A,C03,F12,S1,A,C03,diff_device_same_challenge,-0.0102567230406586,frozen_lifecycle
F09,S1,A,C03,F13,S1,A,C03,diff_device_same_challenge,-0.0072979956108854,frozen_lifecycle
F09,S1,A,C03,F14,S1,A,C03,diff_device_same_challenge,-0.0055280617271637,frozen_lifecycle
F09,S1,A,C03,F15,S1,A,C03,diff_device_same_challenge,0.0014682428663498,frozen_lifecycle
F09,S1,A,C04,F09,S1,A,C05,same_device_same_state_diff_challenge,-0.0291696456926644,frozen_lifecycle
F09,S1,A,C04,F09,S1,A,C06,same_device_same_state_diff_challenge,-0.1978389067106633,frozen_lifecycle
F09,S1,A,C04,F09,S1,A,C07,same_device_same_state_diff_challenge,-0.1056265958559919,frozen_lifecycle
F09,S1,A,C04,F09,S1,A,C08,same_device_same_state_diff_challenge,0.0070872409846884,frozen_lifecycle
F09,S1,A,C04,F09,S1,B,C04,same_device_same_state_same_challenge,0.0893533746789837,frozen_lifecycle
F09,S1,A,C04,F09,S2,A,C04,same_device_diff_state_same_challenge,0.0001544089271096,frozen_lifecycle
F09,S1,A,C04,F10,S1,A,C04,diff_device_same_challenge,0.0043938546245831,frozen_lifecycle
F09,S1,A,C04,F11,S1,A,C04,diff_device_same_challenge,-0.0003543381401141,frozen_lifecycle
F09,S1,A,C04,F12,S1,A,C04,diff_device_same_challenge,-0.0031352138954463,frozen_lifecycle
F09,S1,A,C04,F13,S1,A,C04,diff_device_same_challenge,-0.0082855874750419,frozen_lifecycle
F09,S1,A,C04,F14,S1,A,C04,diff_device_same_challenge,0.0019280072702666,frozen_lifecycle
F09,S1,A,C04,F15,S1,A,C04,diff_device_same_challenge,-0.0011531010683921,frozen_lifecycle
F09,S1,A,C05,F09,S1,A,C06,same_device_same_state_diff_challenge,-0.2257886495509139,frozen_lifecycle
F09,S1,A,C05,F09,S1,A,C07,same_device_same_state_diff_challenge,-0.2194382980434503,frozen_lifecycle
F09,S1,A,C05,F09,S1,A,C08,same_device_same_state_diff_challenge,-0.0318241321119821,frozen_lifecycle
F09,S1,A,C05,F09,S1,B,C05,same_device_same_state_same_challenge,0.292869255810406,frozen_lifecycle
F09,S1,A,C05,F09,S2,A,C05,same_device_diff_state_same_challenge,-0.0030482542760633,frozen_lifecycle
F09,S1,A,C05,F10,S1,A,C05,diff_device_same_challenge,-0.0027109865520815,frozen_lifecycle
F09,S1,A,C05,F11,S1,A,C05,diff_device_same_challenge,-0.0010588112019771,frozen_lifecycle
F09,S1,A,C05,F12,S1,A,C05,diff_device_same_challenge,0.0004666781047409,frozen_lifecycle
F09,S1,A,C05,F13,S1,A,C05,diff_device_same_challenge,1.731809405097224e-05,frozen_lifecycle
F09,S1,A,C05,F14,S1,A,C05,diff_device_same_challenge,-0.0014731712373877,frozen_lifecycle
F09,S1,A,C05,F15,S1,A,C05,diff_device_same_challenge,0.0018887710266109,frozen_lifecycle
F09,S1,A,C06,F09,S1,A,C07,same_device_same_state_diff_challenge,0.045916941969138,frozen_lifecycle
F09,S1,A,C06,F09,S1,A,C08,same_device_same_state_diff_challenge,-0.1826015230659229,frozen_lifecycle
F09,S1,A,C06,F09,S1,B,C06,same_device_same_state_same_challenge,0.6618523267687074,frozen_lifecycle
F09,S1,A,C06,F09,S2,A,C06,same_device_diff_state_same_challenge,-0.0100053349710209,frozen_lifecycle
F09,S1,A,C06,F10,S1,A,C06,diff_device_same_challenge,0.0052103976403548,frozen_lifecycle
F09,S1,A,C06,F11,S1,A,C06,diff_device_same_challenge,0.0001607339951291,frozen_lifecycle
F09,S1,A,C06,F12,S1,A,C06,diff_device_same_challenge,0.0005417213602833,frozen_lifecycle
F09,S1,A,C06,F13,S1,A,C06,diff_device_same_challenge,-0.0021008122637811,frozen_lifecycle
F09,S1,A,C06,F14,S1,A,C06,diff_device_same_challenge,-0.004150298758937,frozen_lifecycle
F09,S1,A,C06,F15,S1,A,C06,diff_device_same_challenge,-0.0082766591843166,frozen_lifecycle
F09,S1,A,C07,F09,S1,A,C08,same_device_same_state_diff_challenge,-0.0600770852732747,frozen_lifecycle
F09,S1,A,C07,F09,S1,B,C07,same_device_same_state_same_challenge,0.8803291574829886,frozen_lifecycle
F09,S1,A,C07,F09,S2,A,C07,same_device_diff_state_same_challenge,-0.0077764765327053,frozen_lifecycle
F09,S1,A,C07,F10,S1,A,C07,diff_device_same_challenge,-0.006614861435683,frozen_lifecycle
F09,S1,A,C07,F11,S1,A,C07,diff_device_same_challenge,0.0043865137520355,frozen_lifecycle
F09,S1,A,C07,F12,S1,A,C07,diff_device_same_challenge,-0.0016568554325735,frozen_lifecycle
F09,S1,A,C07,F13,S1,A,C07,diff_device_same_challenge,0.0012424147194756,frozen_lifecycle
F09,S1,A,C07,F14,S1,A,C07,diff_device_same_challenge,0.0005367240121331,frozen_lifecycle
F09,S1,A,C07,F15,S1,A,C07,diff_device_same_challenge,0.0057635932000291,frozen_lifecycle
F09,S1,A,C08,F09,S1,B,C08,same_device_same_state_same_challenge,0.414368135696449,frozen_lifecycle
F09,S1,A,C08,F09,S2,A,C08,same_device_diff_state_same_challenge,-0.0029785183080955,frozen_lifecycle
F09,S1,A,C08,F10,S1,A,C08,diff_device_same_challenge,-0.0025423444966452,frozen_lifecycle
F09,S1,A,C08,F11,S1,A,C08,diff_device_same_challenge,-0.0042685990953739,frozen_lifecycle
F09,S1,A,C08,F12,S1,A,C08,diff_device_same_challenge,-0.0017278824647801,frozen_lifecycle
F09,S1,A,C08,F13,S1,A,C08,diff_device_same_challenge,-0.0010471867125971,frozen_lifecycle
F09,S1,A,C08,F14,S1,A,C08,diff_device_same_challenge,-0.0057180148504436,frozen_lifecycle
F09,S1,A,C08,F15,S1,A,C08,diff_device_same_challenge,0.0029878259333076,frozen_lifecycle
F09,S1,B,C01,F09,S1,B,C02,same_device_same_state_diff_challenge,0.0202120368437693,frozen_lifecycle
F09,S1,B,C01,F09,S1,B,C03,same_device_same_state_diff_challenge,-0.079105877755614,frozen_lifecycle
F09,S1,B,C01,F09,S1,B,C04,same_device_same_state_diff_challenge,-0.2032387346879961,frozen_lifecycle
F09,S1,B,C01,F09,S1,B,C05,same_device_same_state_diff_challenge,-0.1655109539892403,frozen_lifecycle
F09,S1,B,C01,F09,S1,B,C06,same_device_same_state_diff_challenge,-0.1423491227711651,frozen_lifecycle
F09,S1,B,C01,F09,S1,B,C07,same_device_same_state_diff_challenge,-0.1489440947079449,frozen_lifecycle
F09,S1,B,C01,F09,S1,B,C08,same_device_same_state_diff_challenge,-0.2164914189868223,frozen_lifecycle
F09,S1,B,C01,F09,S2,B,C01,same_device_diff_state_same_challenge,0.0049074484865565,frozen_lifecycle
F09,S1,B,C01,F10,S1,B,C01,diff_device_same_challenge,0.0053320275216007,frozen_lifecycle
F09,S1,B,C01,F11,S1,B,C01,diff_device_same_challenge,-0.0034643162523751,frozen_lifecycle
F09,S1,B,C01,F12,S1,B,C01,diff_device_same_challenge,-0.0044248688640437,frozen_lifecycle
F09,S1,B,C01,F13,S1,B,C01,diff_device_same_challenge,0.0023150023871398,frozen_lifecycle
F09,S1,B,C01,F14,S1,B,C01,diff_device_same_challenge,0.0027788564320785,frozen_lifecycle
F09,S1,B,C01,F15,S1,B,C01,diff_device_same_challenge,-0.0069198839718004,frozen_lifecycle
F09,S1,B,C02,F09,S1,B,C03,same_device_same_state_diff_challenge,0.0436848066197994,frozen_lifecycle
F09,S1,B,C02,F09,S1,B,C04,same_device_same_state_diff_challenge,-0.2330656546790979,frozen_lifecycle
F09,S1,B,C02,F09,S1,B,C05,same_device_same_state_diff_challenge,-0.1706358981166828,frozen_lifecycle
F09,S1,B,C02,F09,S1,B,C06,same_device_same_state_diff_challenge,-0.1403698381232984,frozen_lifecycle
F09,S1,B,C02,F09,S1,B,C07,same_device_same_state_diff_challenge,-0.1900391497405384,frozen_lifecycle
F09,S1,B,C02,F09,S1,B,C08,same_device_same_state_diff_challenge,-0.2557322403058877,frozen_lifecycle
F09,S1,B,C02,F09,S2,B,C02,same_device_diff_state_same_challenge,0.0013788267580309,frozen_lifecycle
F09,S1,B,C02,F10,S1,B,C02,diff_device_same_challenge,-0.0002156119469174,frozen_lifecycle
F09,S1,B,C02,F11,S1,B,C02,diff_device_same_challenge,0.0057173160763267,frozen_lifecycle
F09,S1,B,C02,F12,S1,B,C02,diff_device_same_challenge,-0.0029948202160952,frozen_lifecycle
F09,S1,B,C02,F13,S1,B,C02,diff_device_same_challenge,0.0083327546784111,frozen_lifecycle
F09,S1,B,C02,F14,S1,B,C02,diff_device_same_challenge,-0.0002718364540795,frozen_lifecycle
F09,S1,B,C02,F15,S1,B,C02,diff_device_same_challenge,-0.0071206305680332,frozen_lifecycle
F09,S1,B,C03,F09,S1,B,C04,same_device_same_state_diff_challenge,-0.2633898642439397,frozen_lifecycle
F09,S1,B,C03,F09,S1,B,C05,same_device_same_state_diff_challenge,-0.1500091680589647,frozen_lifecycle
F09,S1,B,C03,F09,S1,B,C06,same_device_same_state_diff_challenge,-0.0508547143306039,frozen_lifecycle
F09,S1,B,C03,F09,S1,B,C07,same_device_same_state_diff_challenge,-0.1146407678057473,frozen_lifecycle
F09,S1,B,C03,F09,S1,B,C08,same_device_same_state_diff_challenge,-0.2787076121461085,frozen_lifecycle
F09,S1,B,C03,F09,S2,B,C03,same_device_diff_state_same_challenge,0.0013415320619431,frozen_lifecycle
F09,S1,B,C03,F10,S1,B,C03,diff_device_same_challenge,0.0016672859729488,frozen_lifecycle
F09,S1,B,C03,F11,S1,B,C03,diff_device_same_challenge,0.0075670309231413,frozen_lifecycle
F09,S1,B,C03,F12,S1,B,C03,diff_device_same_challenge,-0.0008543048826639,frozen_lifecycle
F09,S1,B,C03,F13,S1,B,C03,diff_device_same_challenge,-0.010075687678334,frozen_lifecycle
F09,S1,B,C03,F14,S1,B,C03,diff_device_same_challenge,-0.0031050478578587,frozen_lifecycle
F09,S1,B,C03,F15,S1,B,C03,diff_device_same_challenge,0.0090406776337997,frozen_lifecycle
F09,S1,B,C04,F09,S1,B,C05,same_device_same_state_diff_challenge,-0.1528934255356135,frozen_lifecycle
F09,S1,B,C04,F09,S1,B,C06,same_device_same_state_diff_challenge,-0.1840881788723701,frozen_lifecycle
F09,S1,B,C04,F09,S1,B,C07,same_device_same_state_diff_challenge,-0.2247172032982466,frozen_lifecycle
F09,S1,B,C04,F09,S1,B,C08,same_device_same_state_diff_challenge,0.1084272620772761,frozen_lifecycle
F09,S1,B,C04,F09,S2,B,C04,same_device_diff_state_same_challenge,-0.0045957304795349,frozen_lifecycle
F09,S1,B,C04,F10,S1,B,C04,diff_device_same_challenge,-0.0022379597136714,frozen_lifecycle
F09,S1,B,C04,F11,S1,B,C04,diff_device_same_challenge,0.0051345751679216,frozen_lifecycle
F09,S1,B,C04,F12,S1,B,C04,diff_device_same_challenge,-0.0016861359267884,frozen_lifecycle
F09,S1,B,C04,F13,S1,B,C04,diff_device_same_challenge,-0.0004419827357025,frozen_lifecycle
F09,S1,B,C04,F14,S1,B,C04,diff_device_same_challenge,-0.0021602889319455,frozen_lifecycle
F09,S1,B,C04,F15,S1,B,C04,diff_device_same_challenge,-0.0013544716690797,frozen_lifecycle
F09,S1,B,C05,F09,S1,B,C06,same_device_same_state_diff_challenge,-0.2157217524296759,frozen_lifecycle
F09,S1,B,C05,F09,S1,B,C07,same_device_same_state_diff_challenge,-0.0203102568107274,frozen_lifecycle
F09,S1,B,C05,F09,S1,B,C08,same_device_same_state_diff_challenge,-0.1055651401850726,frozen_lifecycle
F09,S1,B,C05,F09,S2,B,C05,same_device_diff_state_same_challenge,-0.0063666824044658,frozen_lifecycle
F09,S1,B,C05,F10,S1,B,C05,diff_device_same_challenge,0.0114128578553677,frozen_lifecycle
F09,S1,B,C05,F11,S1,B,C05,diff_device_same_challenge,-0.0008894044815076,frozen_lifecycle
F09,S1,B,C05,F12,S1,B,C05,diff_device_same_challenge,0.0012063622790358,frozen_lifecycle
F09,S1,B,C05,F13,S1,B,C05,diff_device_same_challenge,0.0031016737344341,frozen_lifecycle
F09,S1,B,C05,F14,S1,B,C05,diff_device_same_challenge,-0.0061435693932047,frozen_lifecycle
F09,S1,B,C05,F15,S1,B,C05,diff_device_same_challenge,0.0035128500156301,frozen_lifecycle
F09,S1,B,C06,F09,S1,B,C07,same_device_same_state_diff_challenge,-0.0452495483967579,frozen_lifecycle
F09,S1,B,C06,F09,S1,B,C08,same_device_same_state_diff_challenge,-0.1992449085582652,frozen_lifecycle
F09,S1,B,C06,F09,S2,B,C06,same_device_diff_state_same_challenge,-0.0023248441562118,frozen_lifecycle
F09,S1,B,C06,F10,S1,B,C06,diff_device_same_challenge,0.0018356833252122,frozen_lifecycle
F09,S1,B,C06,F11,S1,B,C06,diff_device_same_challenge,0.0108719158136503,frozen_lifecycle
F09,S1,B,C06,F12,S1,B,C06,diff_device_same_challenge,-0.003925223518917,frozen_lifecycle
F09,S1,B,C06,F13,S1,B,C06,diff_device_same_challenge,-0.00455397096227,frozen_lifecycle
F09,S1,B,C06,F14,S1,B,C06,diff_device_same_challenge,-0.0011677831575626,frozen_lifecycle
F09,S1,B,C06,F15,S1,B,C06,diff_device_same_challenge,-0.0015327096994051,frozen_lifecycle
F09,S1,B,C07,F09,S1,B,C08,same_device_same_state_diff_challenge,-0.1999854324372857,frozen_lifecycle
F09,S1,B,C07,F09,S2,B,C07,same_device_diff_state_same_challenge,-0.0026320963091284,frozen_lifecycle
F09,S1,B,C07,F10,S1,B,C07,diff_device_same_challenge,-0.0053080516490467,frozen_lifecycle
F09,S1,B,C07,F11,S1,B,C07,diff_device_same_challenge,-0.000351924733684,frozen_lifecycle
F09,S1,B,C07,F12,S1,B,C07,diff_device_same_challenge,0.0004595519153185,frozen_lifecycle
F09,S1,B,C07,F13,S1,B,C07,diff_device_same_challenge,0.0084119541380771,frozen_lifecycle
F09,S1,B,C07,F14,S1,B,C07,diff_device_same_challenge,-0.0009911579267919,frozen_lifecycle
F09,S1,B,C07,F15,S1,B,C07,diff_device_same_challenge,0.0098909318753844,frozen_lifecycle
F09,S1,B,C08,F09,S2,B,C08,same_device_diff_state_same_challenge,9.90633050984508e-05,frozen_lifecycle
F09,S1,B,C08,F10,S1,B,C08,diff_device_same_challenge,0.0014568958400251,frozen_lifecycle
F09,S1,B,C08,F11,S1,B,C08,diff_device_same_challenge,-0.0024238544958486,frozen_lifecycle
F09,S1,B,C08,F12,S1,B,C08,diff_device_same_challenge,-0.0027474998329278,frozen_lifecycle
F09,S1,B,C08,F13,S1,B,C08,diff_device_same_challenge,0.0003120054412755,frozen_lifecycle
F09,S1,B,C08,F14,S1,B,C08,diff_device_same_challenge,0.0004906151222382,frozen_lifecycle
F09,S1,B,C08,F15,S1,B,C08,diff_device_same_challenge,0.0097255744816827,frozen_lifecycle
F09,S2,A,C01,F09,S2,A,C02,same_device_same_state_diff_challenge,-0.0749063901257318,frozen_lifecycle
F09,S2,A,C01,F09,S2,A,C03,same_device_same_state_diff_challenge,-0.1603567827985525,frozen_lifecycle
F09,S2,A,C01,F09,S2,A,C04,same_device_same_state_diff_challenge,-0.1734149139990173,frozen_lifecycle
F09,S2,A,C01,F09,S2,A,C05,same_device_same_state_diff_challenge,-0.1770749510799083,frozen_lifecycle
F09,S2,A,C01,F09,S2,A,C06,same_device_same_state_diff_challenge,-0.1681417100584685,frozen_lifecycle
F09,S2,A,C01,F09,S2,A,C07,same_device_same_state_diff_challenge,-0.1750681405602467,frozen_lifecycle
F09,S2,A,C01,F09,S2,A,C08,same_device_same_state_diff_challenge,-0.1463475714893692,frozen_lifecycle
F09,S2,A,C01,F09,S2,B,C01,same_device_same_state_same_challenge,0.1660153822668407,frozen_lifecycle
F09,S2,A,C01,F10,S2,A,C01,diff_device_same_challenge,0.0026042695510737,frozen_lifecycle
F09,S2,A,C01,F11,S2,A,C01,diff_device_same_challenge,-0.0041024907329196,frozen_lifecycle
F09,S2,A,C01,F12,S2,A,C01,diff_device_same_challenge,0.0046415844011032,frozen_lifecycle
F09,S2,A,C01,F13,S2,A,C01,diff_device_same_challenge,-6.919886591203531e-05,frozen_lifecycle
F09,S2,A,C01,F14,S2,A,C01,diff_device_same_challenge,0.0030661078494898,frozen_lifecycle
F09,S2,A,C01,F15,S2,A,C01,diff_device_same_challenge,7.44424275272695e-05,frozen_lifecycle
F09,S2,A,C02,F09,S2,A,C03,same_device_same_state_diff_challenge,-0.1472164135479232,frozen_lifecycle
F09,S2,A,C02,F09,S2,A,C04,same_device_same_state_diff_challenge,-0.1656806121420691,frozen_lifecycle
F09,S2,A,C02,F09,S2,A,C05,same_device_same_state_diff_challenge,-0.177364530001569,frozen_lifecycle
F09,S2,A,C02,F09,S2,A,C06,same_device_same_state_diff_challenge,-0.1686989853526916,frozen_lifecycle
F09,S2,A,C02,F09,S2,A,C07,same_device_same_state_diff_challenge,-0.1928096884560269,frozen_lifecycle
F09,S2,A,C02,F09,S2,A,C08,same_device_same_state_diff_challenge,-0.1514399067426176,frozen_lifecycle
F09,S2,A,C02,F09,S2,B,C02,same_device_same_state_same_challenge,0.1519081638148299,frozen_lifecycle
F09,S2,A,C02,F10,S2,A,C02,diff_device_same_challenge,0.0032594310980568,frozen_lifecycle
F09,S2,A,C02,F11,S2,A,C02,diff_device_same_challenge,0.0021742955380116,frozen_lifecycle
F09,S2,A,C02,F12,S2,A,C02,diff_device_same_challenge,0.0003446383501763,frozen_lifecycle
F09,S2,A,C02,F13,S2,A,C02,diff_device_same_challenge,0.0004192860167125,frozen_lifecycle
F09,S2,A,C02,F14,S2,A,C02,diff_device_same_challenge,-0.0050944065525572,frozen_lifecycle
F09,S2,A,C02,F15,S2,A,C02,diff_device_same_challenge,-0.0093129139627868,frozen_lifecycle
F09,S2,A,C03,F09,S2,A,C04,same_device_same_state_diff_challenge,0.1412666583515457,frozen_lifecycle
F09,S2,A,C03,F09,S2,A,C05,same_device_same_state_diff_challenge,-0.1373510622452931,frozen_lifecycle
F09,S2,A,C03,F09,S2,A,C06,same_device_same_state_diff_challenge,-0.2243481054193416,frozen_lifecycle
F09,S2,A,C03,F09,S2,A,C07,same_device_same_state_diff_challenge,-0.2443734251817071,frozen_lifecycle
F09,S2,A,C03,F09,S2,A,C08,same_device_same_state_diff_challenge,-0.2177060661675819,frozen_lifecycle
F09,S2,A,C03,F09,S2,B,C03,same_device_same_state_same_challenge,0.5216545694271154,frozen_lifecycle
F09,S2,A,C03,F10,S2,A,C03,diff_device_same_challenge,-0.0051137286475424,frozen_lifecycle
F09,S2,A,C03,F11,S2,A,C03,diff_device_same_challenge,-0.0001457380672903,frozen_lifecycle
F09,S2,A,C03,F12,S2,A,C03,diff_device_same_challenge,0.0035124227608217,frozen_lifecycle
F09,S2,A,C03,F13,S2,A,C03,diff_device_same_challenge,-0.0039214274488537,frozen_lifecycle
F09,S2,A,C03,F14,S2,A,C03,diff_device_same_challenge,0.0018999891616913,frozen_lifecycle
F09,S2,A,C03,F15,S2,A,C03,diff_device_same_challenge,-0.0016159676219534,frozen_lifecycle
F09,S2,A,C04,F09,S2,A,C05,same_device_same_state_diff_challenge,-0.0264164743157509,frozen_lifecycle
F09,S2,A,C04,F09,S2,A,C06,same_device_same_state_diff_challenge,-0.2378862431397616,frozen_lifecycle
F09,S2,A,C04,F09,S2,A,C07,same_device_same_state_diff_challenge,-0.2579634845660387,frozen_lifecycle
F09,S2,A,C04,F09,S2,A,C08,same_device_same_state_diff_challenge,-0.2032739866989604,frozen_lifecycle
F09,S2,A,C04,F09,S2,B,C04,same_device_same_state_same_challenge,0.3399166586636886,frozen_lifecycle
F09,S2,A,C04,F10,S2,A,C04,diff_device_same_challenge,0.0047048244050364,frozen_lifecycle
F09,S2,A,C04,F11,S2,A,C04,diff_device_same_challenge,0.0009136354763799,frozen_lifecycle
F09,S2,A,C04,F12,S2,A,C04,diff_device_same_challenge,-0.0030256550429887,frozen_lifecycle
F09,S2,A,C04,F13,S2,A,C04,diff_device_same_challenge,-0.0006095762258778,frozen_lifecycle
F09,S2,A,C04,F14,S2,A,C04,diff_device_same_challenge,-0.0013543413330804,frozen_lifecycle
F09,S2,A,C04,F15,S2,A,C04,diff_device_same_challenge,-0.0001461176928031,frozen_lifecycle
F09,S2,A,C05,F09,S2,A,C06,same_device_same_state_diff_challenge,-0.1534096705546983,frozen_lifecycle
F09,S2,A,C05,F09,S2,A,C07,same_device_same_state_diff_challenge,-0.0980341445093546,frozen_lifecycle
F09,S2,A,C05,F09,S2,A,C08,same_device_same_state_diff_challenge,-0.0504898157363961,frozen_lifecycle
F09,S2,A,C05,F09,S2,B,C05,same_device_same_state_same_challenge,0.7281712814948186,frozen_lifecycle
F09,S2,A,C05,F10,S2,A,C05,diff_device_same_challenge,-0.0019309940549568,frozen_lifecycle
F09,S2,A,C05,F11,S2,A,C05,diff_device_same_challenge,-0.0045239514967125,frozen_lifecycle
F09,S2,A,C05,F12,S2,A,C05,diff_device_same_challenge,0.0006996780182029,frozen_lifecycle
F09,S2,A,C05,F13,S2,A,C05,diff_device_same_challenge,-0.0048464120642593,frozen_lifecycle
F09,S2,A,C05,F14,S2,A,C05,diff_device_same_challenge,0.0029049898934293,frozen_lifecycle
F09,S2,A,C05,F15,S2,A,C05,diff_device_same_challenge,-0.0031977734075553,frozen_lifecycle
F09,S2,A,C06,F09,S2,A,C07,same_device_same_state_diff_challenge,0.0684518690081798,frozen_lifecycle
F09,S2,A,C06,F09,S2,A,C08,same_device_same_state_diff_challenge,-0.1546292656229827,frozen_lifecycle
F09,S2,A,C06,F09,S2,B,C06,same_device_same_state_same_challenge,0.6705498797370769,frozen_lifecycle
F09,S2,A,C06,F10,S2,A,C06,diff_device_same_challenge,-0.0015789412616889,frozen_lifecycle
F09,S2,A,C06,F11,S2,A,C06,diff_device_same_challenge,0.0014985623790021,frozen_lifecycle
F09,S2,A,C06,F12,S2,A,C06,diff_device_same_challenge,-0.0045194195225568,frozen_lifecycle
F09,S2,A,C06,F13,S2,A,C06,diff_device_same_challenge,0.0014960503409687,frozen_lifecycle
F09,S2,A,C06,F14,S2,A,C06,diff_device_same_challenge,-0.0035818804857487,frozen_lifecycle
F09,S2,A,C06,F15,S2,A,C06,diff_device_same_challenge,-0.0082937018560817,frozen_lifecycle
F09,S2,A,C07,F09,S2,A,C08,same_device_same_state_diff_challenge,-0.104270758727214,frozen_lifecycle
F09,S2,A,C07,F09,S2,B,C07,same_device_same_state_same_challenge,0.0295780890135412,frozen_lifecycle
F09,S2,A,C07,F10,S2,A,C07,diff_device_same_challenge,-0.0025526661926556,frozen_lifecycle
F09,S2,A,C07,F11,S2,A,C07,diff_device_same_challenge,-0.000647358278118,frozen_lifecycle
F09,S2,A,C07,F12,S2,A,C07,diff_device_same_challenge,0.0004809925512733,frozen_lifecycle
F09,S2,A,C07,F13,S2,A,C07,diff_device_same_challenge,0.0012167124465346,frozen_lifecycle
F09,S2,A,C07,F14,S2,A,C07,diff_device_same_challenge,0.002965229863427,frozen_lifecycle
F09,S2,A,C07,F15,S2,A,C07,diff_device_same_challenge,-0.0022069305396882,frozen_lifecycle
F09,S2,A,C08,F09,S2,B,C08,same_device_same_state_same_challenge,0.0287912145019067,frozen_lifecycle
F09,S2,A,C08,F10,S2,A,C08,diff_device_same_challenge,-0.0012697679251621,frozen_lifecycle
F09,S2,A,C08,F11,S2,A,C08,diff_device_same_challenge,0.0014526232854434,frozen_lifecycle
F09,S2,A,C08,F12,S2,A,C08,diff_device_same_challenge,0.0013443259772117,frozen_lifecycle
F09,S2,A,C08,F13,S2,A,C08,diff_device_same_challenge,-0.003010781853603,frozen_lifecycle
F09,S2,A,C08,F14,S2,A,C08,diff_device_same_challenge,0.003594867580467,frozen_lifecycle
F09,S2,A,C08,F15,S2,A,C08,diff_device_same_challenge,-0.0053674597000472,frozen_lifecycle
F09,S2,B,C01,F09,S2,B,C02,same_device_same_state_diff_challenge,-0.088946250199539,frozen_lifecycle
F09,S2,B,C01,F09,S2,B,C03,same_device_same_state_diff_challenge,-0.1695367395453591,frozen_lifecycle
F09,S2,B,C01,F09,S2,B,C04,same_device_same_state_diff_challenge,-0.2102162553085723,frozen_lifecycle
F09,S2,B,C01,F09,S2,B,C05,same_device_same_state_diff_challenge,-0.1885674284238127,frozen_lifecycle
F09,S2,B,C01,F09,S2,B,C06,same_device_same_state_diff_challenge,-0.1649550929903724,frozen_lifecycle
F09,S2,B,C01,F09,S2,B,C07,same_device_same_state_diff_challenge,-0.1400775993498622,frozen_lifecycle
F09,S2,B,C01,F09,S2,B,C08,same_device_same_state_diff_challenge,-0.1763617863808322,frozen_lifecycle
F09,S2,B,C01,F10,S2,B,C01,diff_device_same_challenge,0.0006010733580838,frozen_lifecycle
F09,S2,B,C01,F11,S2,B,C01,diff_device_same_challenge,-0.001141170906508,frozen_lifecycle
F09,S2,B,C01,F12,S2,B,C01,diff_device_same_challenge,0.0044896249801271,frozen_lifecycle
F09,S2,B,C01,F13,S2,B,C01,diff_device_same_challenge,0.000470855112974,frozen_lifecycle
F09,S2,B,C01,F14,S2,B,C01,diff_device_same_challenge,0.0033303215602028,frozen_lifecycle
F09,S2,B,C01,F15,S2,B,C01,diff_device_same_challenge,-0.002271721006125,frozen_lifecycle
F09,S2,B,C02,F09,S2,B,C03,same_device_same_state_diff_challenge,-0.1780601494220196,frozen_lifecycle
F09,S2,B,C02,F09,S2,B,C04,same_device_same_state_diff_challenge,-0.209135467636452,frozen_lifecycle
F09,S2,B,C02,F09,S2,B,C05,same_device_same_state_diff_challenge,-0.1871063673240964,frozen_lifecycle
F09,S2,B,C02,F09,S2,B,C06,same_device_same_state_diff_challenge,-0.1534949243675073,frozen_lifecycle
F09,S2,B,C02,F09,S2,B,C07,same_device_same_state_diff_challenge,-0.1344080841679065,frozen_lifecycle
F09,S2,B,C02,F09,S2,B,C08,same_device_same_state_diff_challenge,-0.1630407838923371,frozen_lifecycle
F09,S2,B,C02,F10,S2,B,C02,diff_device_same_challenge,0.0075616282250351,frozen_lifecycle
F09,S2,B,C02,F11,S2,B,C02,diff_device_same_challenge,0.000311201601079,frozen_lifecycle
F09,S2,B,C02,F12,S2,B,C02,diff_device_same_challenge,0.0052443629766802,frozen_lifecycle
F09,S2,B,C02,F13,S2,B,C02,diff_device_same_challenge,-0.0002063540861511,frozen_lifecycle
F09,S2,B,C02,F14,S2,B,C02,diff_device_same_challenge,-0.0067496033325704,frozen_lifecycle
F09,S2,B,C02,F15,S2,B,C02,diff_device_same_challenge,-0.0054326081919911,frozen_lifecycle
F09,S2,B,C03,F09,S2,B,C04,same_device_same_state_diff_challenge,0.0602225814595309,frozen_lifecycle
F09,S2,B,C03,F09,S2,B,C05,same_device_same_state_diff_challenge,-0.0136785440750098,frozen_lifecycle
F09,S2,B,C03,F09,S2,B,C06,same_device_same_state_diff_challenge,-0.2281823495594309,frozen_lifecycle
F09,S2,B,C03,F09,S2,B,C07,same_device_same_state_diff_challenge,-0.200265073431213,frozen_lifecycle
F09,S2,B,C03,F09,S2,B,C08,same_device_same_state_diff_challenge,-0.2464528851622585,frozen_lifecycle
F09,S2,B,C03,F10,S2,B,C03,diff_device_same_challenge,-0.0049048632757038,frozen_lifecycle
F09,S2,B,C03,F11,S2,B,C03,diff_device_same_challenge,-0.0048787556420847,frozen_lifecycle
F09,S2,B,C03,F12,S2,B,C03,diff_device_same_challenge,0.0045038664173081,frozen_lifecycle
F09,S2,B,C03,F13,S2,B,C03,diff_device_same_challenge,-0.0012808010670952,frozen_lifecycle
F09,S2,B,C03,F14,S2,B,C03,diff_device_same_challenge,-0.0048804254320136,frozen_lifecycle
F09,S2,B,C03,F15,S2,B,C03,diff_device_same_challenge,-0.0034908863625107,frozen_lifecycle
F09,S2,B,C04,F09,S2,B,C05,same_device_same_state_diff_challenge,0.1714206994169977,frozen_lifecycle
F09,S2,B,C04,F09,S2,B,C06,same_device_same_state_diff_challenge,-0.2444225129951109,frozen_lifecycle
F09,S2,B,C04,F09,S2,B,C07,same_device_same_state_diff_challenge,-0.2282845256023726,frozen_lifecycle
F09,S2,B,C04,F09,S2,B,C08,same_device_same_state_diff_challenge,-0.2672159788135501,frozen_lifecycle
F09,S2,B,C04,F10,S2,B,C04,diff_device_same_challenge,-0.0004179956010282,frozen_lifecycle
F09,S2,B,C04,F11,S2,B,C04,diff_device_same_challenge,-0.0014881963002411,frozen_lifecycle
F09,S2,B,C04,F12,S2,B,C04,diff_device_same_challenge,0.0032798608521218,frozen_lifecycle
F09,S2,B,C04,F13,S2,B,C04,diff_device_same_challenge,0.0023783511801716,frozen_lifecycle
F09,S2,B,C04,F14,S2,B,C04,diff_device_same_challenge,-0.0020311437033718,frozen_lifecycle
F09,S2,B,C04,F15,S2,B,C04,diff_device_same_challenge,-0.0019623970110555,frozen_lifecycle
F09,S2,B,C05,F09,S2,B,C06,same_device_same_state_diff_challenge,-0.1713180353003427,frozen_lifecycle
F09,S2,B,C05,F09,S2,B,C07,same_device_same_state_diff_challenge,-0.2085114588783187,frozen_lifecycle
F09,S2,B,C05,F09,S2,B,C08,same_device_same_state_diff_challenge,-0.2254417024436389,frozen_lifecycle
F09,S2,B,C05,F10,S2,B,C05,diff_device_same_challenge,-0.0034897212200797,frozen_lifecycle
F09,S2,B,C05,F11,S2,B,C05,diff_device_same_challenge,-0.0037216621165036,frozen_lifecycle
F09,S2,B,C05,F12,S2,B,C05,diff_device_same_challenge,-0.0093259919184366,frozen_lifecycle
F09,S2,B,C05,F13,S2,B,C05,diff_device_same_challenge,-0.0045622200360892,frozen_lifecycle
F09,S2,B,C05,F14,S2,B,C05,diff_device_same_challenge,0.0052943097664711,frozen_lifecycle
F09,S2,B,C05,F15,S2,B,C05,diff_device_same_challenge,-0.0029863491689141,frozen_lifecycle
F09,S2,B,C06,F09,S2,B,C07,same_device_same_state_diff_challenge,-0.1109243377363214,frozen_lifecycle
F09,S2,B,C06,F09,S2,B,C08,same_device_same_state_diff_challenge,0.1394838125333509,frozen_lifecycle
F09,S2,B,C06,F10,S2,B,C06,diff_device_same_challenge,-0.0014330942948482,frozen_lifecycle
F09,S2,B,C06,F11,S2,B,C06,diff_device_same_challenge,0.0027684391896293,frozen_lifecycle
F09,S2,B,C06,F12,S2,B,C06,diff_device_same_challenge,-0.0003043278691883,frozen_lifecycle
F09,S2,B,C06,F13,S2,B,C06,diff_device_same_challenge,0.0003153157602842,frozen_lifecycle
F09,S2,B,C06,F14,S2,B,C06,diff_device_same_challenge,0.0008645476485187,frozen_lifecycle
F09,S2,B,C06,F15,S2,B,C06,diff_device_same_challenge,-0.0006622808594297,frozen_lifecycle
F09,S2,B,C07,F09,S2,B,C08,same_device_same_state_diff_challenge,-0.0334482330380003,frozen_lifecycle
F09,S2,B,C07,F10,S2,B,C07,diff_device_same_challenge,0.0003260896427459,frozen_lifecycle
F09,S2,B,C07,F11,S2,B,C07,diff_device_same_challenge,0.0055447962745292,frozen_lifecycle
F09,S2,B,C07,F12,S2,B,C07,diff_device_same_challenge,0.0096560904231785,frozen_lifecycle
F09,S2,B,C07,F13,S2,B,C07,diff_device_same_challenge,-0.0046929445520801,frozen_lifecycle
F09,S2,B,C07,F14,S2,B,C07,diff_device_same_challenge,-0.0016866132021833,frozen_lifecycle
F09,S2,B,C07,F15,S2,B,C07,diff_device_same_challenge,0.0028551269498991,frozen_lifecycle
F09,S2,B,C08,F10,S2,B,C08,diff_device_same_challenge,-0.0051808954239499,frozen_lifecycle
F09,S2,B,C08,F11,S2,B,C08,diff_device_same_challenge,0.0064880635277398,frozen_lifecycle
F09,S2,B,C08,F12,S2,B,C08,diff_device_same_challenge,0.0090674964450558,frozen_lifecycle
F09,S2,B,C08,F13,S2,B,C08,diff_device_same_challenge,0.0043522188412548,frozen_lifecycle
F09,S2,B,C08,F14,S2,B,C08,diff_device_same_challenge,0.00343245575927,frozen_lifecycle
F09,S2,B,C08,F15,S2,B,C08,diff_device_same_challenge,0.0055036508286116,frozen_lifecycle
F10,S0,A,C01,F10,S0,A,C02,same_device_same_state_diff_challenge,0.37917551469844,frozen_lifecycle
F10,S0,A,C01,F10,S0,A,C03,same_device_same_state_diff_challenge,-0.1686172632967911,frozen_lifecycle
F10,S0,A,C01,F10,S0,A,C04,same_device_same_state_diff_challenge,-0.178135857569044,frozen_lifecycle
F10,S0,A,C01,F10,S0,A,C05,same_device_same_state_diff_challenge,-0.2362726146776792,frozen_lifecycle
F10,S0,A,C01,F10,S0,A,C06,same_device_same_state_diff_challenge,-0.3079493171584342,frozen_lifecycle
F10,S0,A,C01,F10,S0,A,C07,same_device_same_state_diff_challenge,-0.3162743294370095,frozen_lifecycle
F10,S0,A,C01,F10,S0,A,C08,same_device_same_state_diff_challenge,-0.2529993074610431,frozen_lifecycle
F10,S0,A,C01,F10,S0,B,C01,same_device_same_state_same_challenge,0.917673735216074,frozen_lifecycle
F10,S0,A,C01,F10,S1,A,C01,same_device_diff_state_same_challenge,-0.0043831906493078,frozen_lifecycle
F10,S0,A,C01,F10,S2,A,C01,same_device_diff_state_same_challenge,0.0016396050192574,frozen_lifecycle
F10,S0,A,C01,F11,S0,A,C01,diff_device_same_challenge,0.0002705856629511,frozen_lifecycle
F10,S0,A,C01,F12,S0,A,C01,diff_device_same_challenge,-0.0011857421344495,frozen_lifecycle
F10,S0,A,C01,F13,S0,A,C01,diff_device_same_challenge,0.001746490584095,frozen_lifecycle
F10,S0,A,C01,F14,S0,A,C01,diff_device_same_challenge,-0.005156354605925,frozen_lifecycle
F10,S0,A,C01,F15,S0,A,C01,diff_device_same_challenge,-0.0009777844127615,frozen_lifecycle
F10,S0,A,C02,F10,S0,A,C03,same_device_same_state_diff_challenge,-0.1569329650555113,frozen_lifecycle
F10,S0,A,C02,F10,S0,A,C04,same_device_same_state_diff_challenge,-0.1689660177511023,frozen_lifecycle
F10,S0,A,C02,F10,S0,A,C05,same_device_same_state_diff_challenge,-0.2330922567907118,frozen_lifecycle
F10,S0,A,C02,F10,S0,A,C06,same_device_same_state_diff_challenge,-0.2924940414520423,frozen_lifecycle
F10,S0,A,C02,F10,S0,A,C07,same_device_same_state_diff_challenge,-0.312634262189749,frozen_lifecycle
F10,S0,A,C02,F10,S0,A,C08,same_device_same_state_diff_challenge,-0.2476318872176528,frozen_lifecycle
F10,S0,A,C02,F10,S0,B,C02,same_device_same_state_same_challenge,0.1392328005278478,frozen_lifecycle
F10,S0,A,C02,F10,S1,A,C02,same_device_diff_state_same_challenge,0.0067234899547979,frozen_lifecycle
F10,S0,A,C02,F10,S2,A,C02,same_device_diff_state_same_challenge,-0.0067519649277852,frozen_lifecycle
F10,S0,A,C02,F11,S0,A,C02,diff_device_same_challenge,-0.0018713017094474,frozen_lifecycle
F10,S0,A,C02,F12,S0,A,C02,diff_device_same_challenge,0.0019489148405055,frozen_lifecycle
F10,S0,A,C02,F13,S0,A,C02,diff_device_same_challenge,0.0006882559956513,frozen_lifecycle
F10,S0,A,C02,F14,S0,A,C02,diff_device_same_challenge,0.0088005599757132,frozen_lifecycle
F10,S0,A,C02,F15,S0,A,C02,diff_device_same_challenge,0.00394990250896,frozen_lifecycle
F10,S0,A,C03,F10,S0,A,C04,same_device_same_state_diff_challenge,0.165254603480236,frozen_lifecycle
F10,S0,A,C03,F10,S0,A,C05,same_device_same_state_diff_challenge,-0.1387372726610173,frozen_lifecycle
F10,S0,A,C03,F10,S0,A,C06,same_device_same_state_diff_challenge,-0.2537461788982796,frozen_lifecycle
F10,S0,A,C03,F10,S0,A,C07,same_device_same_state_diff_challenge,-0.2586143071274256,frozen_lifecycle
F10,S0,A,C03,F10,S0,A,C08,same_device_same_state_diff_challenge,-0.2220889833033092,frozen_lifecycle
F10,S0,A,C03,F10,S0,B,C03,same_device_same_state_same_challenge,0.5459008815618173,frozen_lifecycle
F10,S0,A,C03,F10,S1,A,C03,same_device_diff_state_same_challenge,-0.0033491007871808,frozen_lifecycle
F10,S0,A,C03,F10,S2,A,C03,same_device_diff_state_same_challenge,-1.5143886927176858e-05,frozen_lifecycle
F10,S0,A,C03,F11,S0,A,C03,diff_device_same_challenge,-0.0111971206862642,frozen_lifecycle
F10,S0,A,C03,F12,S0,A,C03,diff_device_same_challenge,-0.0020016966479281,frozen_lifecycle
F10,S0,A,C03,F13,S0,A,C03,diff_device_same_challenge,0.0023600628037437,frozen_lifecycle
F10,S0,A,C03,F14,S0,A,C03,diff_device_same_challenge,-0.0041884419614321,frozen_lifecycle
F10,S0,A,C03,F15,S0,A,C03,diff_device_same_challenge,0.0075015573003243,frozen_lifecycle
F10,S0,A,C04,F10,S0,A,C05,same_device_same_state_diff_challenge,-0.1141738822798114,frozen_lifecycle
F10,S0,A,C04,F10,S0,A,C06,same_device_same_state_diff_challenge,-0.2628477799120415,frozen_lifecycle
F10,S0,A,C04,F10,S0,A,C07,same_device_same_state_diff_challenge,-0.2534838430117265,frozen_lifecycle
F10,S0,A,C04,F10,S0,A,C08,same_device_same_state_diff_challenge,-0.2190780845818326,frozen_lifecycle
F10,S0,A,C04,F10,S0,B,C04,same_device_same_state_same_challenge,0.6001257199726485,frozen_lifecycle
F10,S0,A,C04,F10,S1,A,C04,same_device_diff_state_same_challenge,0.0041686065383651,frozen_lifecycle
F10,S0,A,C04,F10,S2,A,C04,same_device_diff_state_same_challenge,0.001189006803568,frozen_lifecycle
F10,S0,A,C04,F11,S0,A,C04,diff_device_same_challenge,0.0065976504083201,frozen_lifecycle
F10,S0,A,C04,F12,S0,A,C04,diff_device_same_challenge,0.0034844224775283,frozen_lifecycle
F10,S0,A,C04,F13,S0,A,C04,diff_device_same_challenge,0.0017071068217078,frozen_lifecycle
F10,S0,A,C04,F14,S0,A,C04,diff_device_same_challenge,0.0106518644012366,frozen_lifecycle
F10,S0,A,C04,F15,S0,A,C04,diff_device_same_challenge,-0.0006534659454913,frozen_lifecycle
F10,S0,A,C05,F10,S0,A,C06,same_device_same_state_diff_challenge,-0.0481976174408912,frozen_lifecycle
F10,S0,A,C05,F10,S0,A,C07,same_device_same_state_diff_challenge,-0.0812668658737471,frozen_lifecycle
F10,S0,A,C05,F10,S0,A,C08,same_device_same_state_diff_challenge,-0.1494051031057976,frozen_lifecycle
F10,S0,A,C05,F10,S0,B,C05,same_device_same_state_same_challenge,0.6106663900355838,frozen_lifecycle
F10,S0,A,C05,F10,S1,A,C05,same_device_diff_state_same_challenge,0.004643551017796,frozen_lifecycle
F10,S0,A,C05,F10,S2,A,C05,same_device_diff_state_same_challenge,-0.0021941853055585,frozen_lifecycle
F10,S0,A,C05,F11,S0,A,C05,diff_device_same_challenge,0.0010636363716264,frozen_lifecycle
F10,S0,A,C05,F12,S0,A,C05,diff_device_same_challenge,0.0042373416636087,frozen_lifecycle
F10,S0,A,C05,F13,S0,A,C05,diff_device_same_challenge,0.0029432768215008,frozen_lifecycle
F10,S0,A,C05,F14,S0,A,C05,diff_device_same_challenge,0.0089261006036915,frozen_lifecycle
F10,S0,A,C05,F15,S0,A,C05,diff_device_same_challenge,-0.0040357725470569,frozen_lifecycle
F10,S0,A,C06,F10,S0,A,C07,same_device_same_state_diff_challenge,0.2296716242797985,frozen_lifecycle
F10,S0,A,C06,F10,S0,A,C08,same_device_same_state_diff_challenge,0.0342841428487819,frozen_lifecycle
F10,S0,A,C06,F10,S0,B,C06,same_device_same_state_same_challenge,0.7280016462291885,frozen_lifecycle
F10,S0,A,C06,F10,S1,A,C06,same_device_diff_state_same_challenge,0.00512899872965,frozen_lifecycle
F10,S0,A,C06,F10,S2,A,C06,same_device_diff_state_same_challenge,0.0026207832218812,frozen_lifecycle
F10,S0,A,C06,F11,S0,A,C06,diff_device_same_challenge,0.0018043310069796,frozen_lifecycle
F10,S0,A,C06,F12,S0,A,C06,diff_device_same_challenge,-0.0063575349767437,frozen_lifecycle
F10,S0,A,C06,F13,S0,A,C06,diff_device_same_challenge,-0.000574914940435,frozen_lifecycle
F10,S0,A,C06,F14,S0,A,C06,diff_device_same_challenge,-0.0024371700841318,frozen_lifecycle
F10,S0,A,C06,F15,S0,A,C06,diff_device_same_challenge,0.0086497773479324,frozen_lifecycle
F10,S0,A,C07,F10,S0,A,C08,same_device_same_state_diff_challenge,0.0729252531883657,frozen_lifecycle
F10,S0,A,C07,F10,S0,B,C07,same_device_same_state_same_challenge,0.6674122464068277,frozen_lifecycle
F10,S0,A,C07,F10,S1,A,C07,same_device_diff_state_same_challenge,-0.0011650236075064,frozen_lifecycle
F10,S0,A,C07,F10,S2,A,C07,same_device_diff_state_same_challenge,-0.0068599720009568,frozen_lifecycle
F10,S0,A,C07,F11,S0,A,C07,diff_device_same_challenge,0.0023566840182878,frozen_lifecycle
F10,S0,A,C07,F12,S0,A,C07,diff_device_same_challenge,0.0003806990400087,frozen_lifecycle
F10,S0,A,C07,F13,S0,A,C07,diff_device_same_challenge,0.0086046170418705,frozen_lifecycle
F10,S0,A,C07,F14,S0,A,C07,diff_device_same_challenge,0.0048486803578006,frozen_lifecycle
F10,S0,A,C07,F15,S0,A,C07,diff_device_same_challenge,-0.0016360046910666,frozen_lifecycle
F10,S0,A,C08,F10,S0,B,C08,same_device_same_state_same_challenge,0.8789180559149883,frozen_lifecycle
F10,S0,A,C08,F10,S1,A,C08,same_device_diff_state_same_challenge,-0.002546434483609,frozen_lifecycle
F10,S0,A,C08,F10,S2,A,C08,same_device_diff_state_same_challenge,-0.0005920190802203,frozen_lifecycle
F10,S0,A,C08,F11,S0,A,C08,diff_device_same_challenge,0.0019006525957745,frozen_lifecycle
F10,S0,A,C08,F12,S0,A,C08,diff_device_same_challenge,0.003534410824828,frozen_lifecycle
F10,S0,A,C08,F13,S0,A,C08,diff_device_same_challenge,-0.001760286206641,frozen_lifecycle
F10,S0,A,C08,F14,S0,A,C08,diff_device_same_challenge,-0.0022296877374954,frozen_lifecycle
F10,S0,A,C08,F15,S0,A,C08,diff_device_same_challenge,-0.0005132641739098,frozen_lifecycle
F10,S0,B,C01,F10,S0,B,C02,same_device_same_state_diff_challenge,0.0187715593118364,frozen_lifecycle
F10,S0,B,C01,F10,S0,B,C03,same_device_same_state_diff_challenge,-0.1656704915108034,frozen_lifecycle
F10,S0,B,C01,F10,S0,B,C04,same_device_same_state_diff_challenge,-0.1508928016210747,frozen_lifecycle
F10,S0,B,C01,F10,S0,B,C05,same_device_same_state_diff_challenge,-0.1915712167768555,frozen_lifecycle
F10,S0,B,C01,F10,S0,B,C06,same_device_same_state_diff_challenge,-0.2540481190170063,frozen_lifecycle
F10,S0,B,C01,F10,S0,B,C07,same_device_same_state_diff_challenge,-0.2433406879217975,frozen_lifecycle
F10,S0,B,C01,F10,S0,B,C08,same_device_same_state_diff_challenge,-0.1980824884222895,frozen_lifecycle
F10,S0,B,C01,F10,S1,B,C01,same_device_diff_state_same_challenge,-2.8288272509242193e-05,frozen_lifecycle
F10,S0,B,C01,F10,S2,B,C01,same_device_diff_state_same_challenge,0.0031785413100692,frozen_lifecycle
F10,S0,B,C01,F11,S0,B,C01,diff_device_same_challenge,0.005253829224341,frozen_lifecycle
F10,S0,B,C01,F12,S0,B,C01,diff_device_same_challenge,0.0050148600149687,frozen_lifecycle
F10,S0,B,C01,F13,S0,B,C01,diff_device_same_challenge,0.003557096327056,frozen_lifecycle
F10,S0,B,C01,F14,S0,B,C01,diff_device_same_challenge,-0.0019398914645915,frozen_lifecycle
F10,S0,B,C01,F15,S0,B,C01,diff_device_same_challenge,-0.0048736414647107,frozen_lifecycle
F10,S0,B,C02,F10,S0,B,C03,same_device_same_state_diff_challenge,-0.0523227146034953,frozen_lifecycle
F10,S0,B,C02,F10,S0,B,C04,same_device_same_state_diff_challenge,-0.0718338416619036,frozen_lifecycle
F10,S0,B,C02,F10,S0,B,C05,same_device_same_state_diff_challenge,-0.2090836957878605,frozen_lifecycle
F10,S0,B,C02,F10,S0,B,C06,same_device_same_state_diff_challenge,-0.2745723428605963,frozen_lifecycle
F10,S0,B,C02,F10,S0,B,C07,same_device_same_state_diff_challenge,-0.2821569732714631,frozen_lifecycle
F10,S0,B,C02,F10,S0,B,C08,same_device_same_state_diff_challenge,-0.2237438909197886,frozen_lifecycle
F10,S0,B,C02,F10,S1,B,C02,same_device_diff_state_same_challenge,0.0088888821793133,frozen_lifecycle
F10,S0,B,C02,F10,S2,B,C02,same_device_diff_state_same_challenge,0.0002187958559317,frozen_lifecycle
F10,S0,B,C02,F11,S0,B,C02,diff_device_same_challenge,0.0017531896040602,frozen_lifecycle
F10,S0,B,C02,F12,S0,B,C02,diff_device_same_challenge,-0.000748074879603,frozen_lifecycle
F10,S0,B,C02,F13,S0,B,C02,diff_device_same_challenge,-0.0008673359874496,frozen_lifecycle
F10,S0,B,C02,F14,S0,B,C02,diff_device_same_challenge,0.0041130692467178,frozen_lifecycle
F10,S0,B,C02,F15,S0,B,C02,diff_device_same_challenge,-0.0042634881849793,frozen_lifecycle
F10,S0,B,C03,F10,S0,B,C04,same_device_same_state_diff_challenge,0.3567799790566198,frozen_lifecycle
F10,S0,B,C03,F10,S0,B,C05,same_device_same_state_diff_challenge,-0.2285201848246511,frozen_lifecycle
F10,S0,B,C03,F10,S0,B,C06,same_device_same_state_diff_challenge,-0.3210857521561597,frozen_lifecycle
F10,S0,B,C03,F10,S0,B,C07,same_device_same_state_diff_challenge,-0.3428797128132387,frozen_lifecycle
F10,S0,B,C03,F10,S0,B,C08,same_device_same_state_diff_challenge,-0.30290601873654,frozen_lifecycle
F10,S0,B,C03,F10,S1,B,C03,same_device_diff_state_same_challenge,-0.0052623193793443,frozen_lifecycle
F10,S0,B,C03,F10,S2,B,C03,same_device_diff_state_same_challenge,-0.0098320607922578,frozen_lifecycle
F10,S0,B,C03,F11,S0,B,C03,diff_device_same_challenge,-0.0066833342659414,frozen_lifecycle
F10,S0,B,C03,F12,S0,B,C03,diff_device_same_challenge,0.0001582678041078,frozen_lifecycle
F10,S0,B,C03,F13,S0,B,C03,diff_device_same_challenge,-0.0003178712409536,frozen_lifecycle
F10,S0,B,C03,F14,S0,B,C03,diff_device_same_challenge,0.0062515555278909,frozen_lifecycle
F10,S0,B,C03,F15,S0,B,C03,diff_device_same_challenge,0.0109862338095878,frozen_lifecycle
F10,S0,B,C04,F10,S0,B,C05,same_device_same_state_diff_challenge,-0.2074265649356283,frozen_lifecycle
F10,S0,B,C04,F10,S0,B,C06,same_device_same_state_diff_challenge,-0.3206803767326847,frozen_lifecycle
F10,S0,B,C04,F10,S0,B,C07,same_device_same_state_diff_challenge,-0.3365315297603802,frozen_lifecycle
F10,S0,B,C04,F10,S0,B,C08,same_device_same_state_diff_challenge,-0.2970129160201697,frozen_lifecycle
F10,S0,B,C04,F10,S1,B,C04,same_device_diff_state_same_challenge,0.0034489883058637,frozen_lifecycle
F10,S0,B,C04,F10,S2,B,C04,same_device_diff_state_same_challenge,0.0026622061946684,frozen_lifecycle
F10,S0,B,C04,F11,S0,B,C04,diff_device_same_challenge,0.0052194939265488,frozen_lifecycle
F10,S0,B,C04,F12,S0,B,C04,diff_device_same_challenge,0.0020439591872285,frozen_lifecycle
F10,S0,B,C04,F13,S0,B,C04,diff_device_same_challenge,-0.0075799055184229,frozen_lifecycle
F10,S0,B,C04,F14,S0,B,C04,diff_device_same_challenge,0.007848645231756,frozen_lifecycle
F10,S0,B,C04,F15,S0,B,C04,diff_device_same_challenge,-0.0005304106511632,frozen_lifecycle
F10,S0,B,C05,F10,S0,B,C06,same_device_same_state_diff_challenge,0.1183090168551951,frozen_lifecycle
F10,S0,B,C05,F10,S0,B,C07,same_device_same_state_diff_challenge,-0.0756790072387038,frozen_lifecycle
F10,S0,B,C05,F10,S0,B,C08,same_device_same_state_diff_challenge,-0.1406233489609994,frozen_lifecycle
F10,S0,B,C05,F10,S1,B,C05,same_device_diff_state_same_challenge,0.0075641341401545,frozen_lifecycle
F10,S0,B,C05,F10,S2,B,C05,same_device_diff_state_same_challenge,-0.0029034657824993,frozen_lifecycle
F10,S0,B,C05,F11,S0,B,C05,diff_device_same_challenge,0.0022615183688772,frozen_lifecycle
F10,S0,B,C05,F12,S0,B,C05,diff_device_same_challenge,-0.0021369206949556,frozen_lifecycle
F10,S0,B,C05,F13,S0,B,C05,diff_device_same_challenge,0.0018029683590505,frozen_lifecycle
F10,S0,B,C05,F14,S0,B,C05,diff_device_same_challenge,0.0049901600864983,frozen_lifecycle
F10,S0,B,C05,F15,S0,B,C05,diff_device_same_challenge,-0.0045837509846888,frozen_lifecycle
F10,S0,B,C06,F10,S0,B,C07,same_device_same_state_diff_challenge,0.1954446901050481,frozen_lifecycle
F10,S0,B,C06,F10,S0,B,C08,same_device_same_state_diff_challenge,0.0062253820899362,frozen_lifecycle
F10,S0,B,C06,F10,S1,B,C06,same_device_diff_state_same_challenge,-0.0008917105159132,frozen_lifecycle
F10,S0,B,C06,F10,S2,B,C06,same_device_diff_state_same_challenge,0.000820112031696,frozen_lifecycle
F10,S0,B,C06,F11,S0,B,C06,diff_device_same_challenge,0.0004997325631046,frozen_lifecycle
F10,S0,B,C06,F12,S0,B,C06,diff_device_same_challenge,-0.0032169063132968,frozen_lifecycle
F10,S0,B,C06,F13,S0,B,C06,diff_device_same_challenge,0.0049011020667092,frozen_lifecycle
F10,S0,B,C06,F14,S0,B,C06,diff_device_same_challenge,0.0071320317366211,frozen_lifecycle
F10,S0,B,C06,F15,S0,B,C06,diff_device_same_challenge,0.0056538898986708,frozen_lifecycle
F10,S0,B,C07,F10,S0,B,C08,same_device_same_state_diff_challenge,0.2229405416913047,frozen_lifecycle
F10,S0,B,C07,F10,S1,B,C07,same_device_diff_state_same_challenge,0.0026304788133029,frozen_lifecycle
F10,S0,B,C07,F10,S2,B,C07,same_device_diff_state_same_challenge,-0.009341383186582,frozen_lifecycle
F10,S0,B,C07,F11,S0,B,C07,diff_device_same_challenge,-0.0010922683977907,frozen_lifecycle
F10,S0,B,C07,F12,S0,B,C07,diff_device_same_challenge,4.236337585380425e-05,frozen_lifecycle
F10,S0,B,C07,F13,S0,B,C07,diff_device_same_challenge,-0.0007748597696441,frozen_lifecycle
F10,S0,B,C07,F14,S0,B,C07,diff_device_same_challenge,-0.0016717720809926,frozen_lifecycle
F10,S0,B,C07,F15,S0,B,C07,diff_device_same_challenge,0.0012782403836843,frozen_lifecycle
F10,S0,B,C08,F10,S1,B,C08,same_device_diff_state_same_challenge,0.0012784029770378,frozen_lifecycle
F10,S0,B,C08,F10,S2,B,C08,same_device_diff_state_same_challenge,-0.0012782242446983,frozen_lifecycle
F10,S0,B,C08,F11,S0,B,C08,diff_device_same_challenge,0.004453231475799,frozen_lifecycle
F10,S0,B,C08,F12,S0,B,C08,diff_device_same_challenge,-0.0018282022880763,frozen_lifecycle
F10,S0,B,C08,F13,S0,B,C08,diff_device_same_challenge,-0.0058693816003899,frozen_lifecycle
F10,S0,B,C08,F14,S0,B,C08,diff_device_same_challenge,-0.004795687556069,frozen_lifecycle
F10,S0,B,C08,F15,S0,B,C08,diff_device_same_challenge,0.0002877736189468,frozen_lifecycle
F10,S1,A,C01,F10,S1,A,C02,same_device_same_state_diff_challenge,0.1412453913218868,frozen_lifecycle
F10,S1,A,C01,F10,S1,A,C03,same_device_same_state_diff_challenge,-0.1591730366052676,frozen_lifecycle
F10,S1,A,C01,F10,S1,A,C04,same_device_same_state_diff_challenge,-0.1767141750064728,frozen_lifecycle
F10,S1,A,C01,F10,S1,A,C05,same_device_same_state_diff_challenge,-0.2505241095957372,frozen_lifecycle
F10,S1,A,C01,F10,S1,A,C06,same_device_same_state_diff_challenge,-0.2531875798396703,frozen_lifecycle
F10,S1,A,C01,F10,S1,A,C07,same_device_same_state_diff_challenge,-0.2781220368213759,frozen_lifecycle
F10,S1,A,C01,F10,S1,A,C08,same_device_same_state_diff_challenge,-0.2045157303533853,frozen_lifecycle
F10,S1,A,C01,F10,S1,B,C01,same_device_same_state_same_challenge,0.7194547966769205,frozen_lifecycle
F10,S1,A,C01,F10,S2,A,C01,same_device_diff_state_same_challenge,0.0033175654985736,frozen_lifecycle
F10,S1,A,C01,F11,S1,A,C01,diff_device_same_challenge,0.0043228852751737,frozen_lifecycle
F10,S1,A,C01,F12,S1,A,C01,diff_device_same_challenge,-0.0017838150597328,frozen_lifecycle
F10,S1,A,C01,F13,S1,A,C01,diff_device_same_challenge,-0.0006404945531679,frozen_lifecycle
F10,S1,A,C01,F14,S1,A,C01,diff_device_same_challenge,-0.0010170963022745,frozen_lifecycle
F10,S1,A,C01,F15,S1,A,C01,diff_device_same_challenge,-0.0033644351796072,frozen_lifecycle
F10,S1,A,C02,F10,S1,A,C03,same_device_same_state_diff_challenge,-0.0311489746696309,frozen_lifecycle
F10,S1,A,C02,F10,S1,A,C04,same_device_same_state_diff_challenge,-0.1215351025959493,frozen_lifecycle
F10,S1,A,C02,F10,S1,A,C05,same_device_same_state_diff_challenge,-0.2405022335123989,frozen_lifecycle
F10,S1,A,C02,F10,S1,A,C06,same_device_same_state_diff_challenge,-0.3011364565954856,frozen_lifecycle
F10,S1,A,C02,F10,S1,A,C07,same_device_same_state_diff_challenge,-0.3269495322849498,frozen_lifecycle
F10,S1,A,C02,F10,S1,A,C08,same_device_same_state_diff_challenge,-0.257324712576648,frozen_lifecycle
F10,S1,A,C02,F10,S1,B,C02,same_device_same_state_same_challenge,0.5530570551608566,frozen_lifecycle
F10,S1,A,C02,F10,S2,A,C02,same_device_diff_state_same_challenge,0.0006113927348707,frozen_lifecycle
F10,S1,A,C02,F11,S1,A,C02,diff_device_same_challenge,0.0002941900178553,frozen_lifecycle
F10,S1,A,C02,F12,S1,A,C02,diff_device_same_challenge,-8.615821758278424e-05,frozen_lifecycle
F10,S1,A,C02,F13,S1,A,C02,diff_device_same_challenge,-0.0014823853003379,frozen_lifecycle
F10,S1,A,C02,F14,S1,A,C02,diff_device_same_challenge,0.0020837916101613,frozen_lifecycle
F10,S1,A,C02,F15,S1,A,C02,diff_device_same_challenge,-0.0046888980770447,frozen_lifecycle
F10,S1,A,C03,F10,S1,A,C04,same_device_same_state_diff_challenge,0.2957205291972309,frozen_lifecycle
F10,S1,A,C03,F10,S1,A,C05,same_device_same_state_diff_challenge,-0.0443741281076021,frozen_lifecycle
F10,S1,A,C03,F10,S1,A,C06,same_device_same_state_diff_challenge,-0.3273649238376646,frozen_lifecycle
F10,S1,A,C03,F10,S1,A,C07,same_device_same_state_diff_challenge,-0.378050799322961,frozen_lifecycle
F10,S1,A,C03,F10,S1,A,C08,same_device_same_state_diff_challenge,-0.3386221818604963,frozen_lifecycle
F10,S1,A,C03,F10,S1,B,C03,same_device_same_state_same_challenge,0.6088898758295339,frozen_lifecycle
F10,S1,A,C03,F10,S2,A,C03,same_device_diff_state_same_challenge,-0.0042163977416867,frozen_lifecycle
F10,S1,A,C03,F11,S1,A,C03,diff_device_same_challenge,0.0026565652236259,frozen_lifecycle
F10,S1,A,C03,F12,S1,A,C03,diff_device_same_challenge,-0.0002939174317708,frozen_lifecycle
F10,S1,A,C03,F13,S1,A,C03,diff_device_same_challenge,0.0020226063489395,frozen_lifecycle
F10,S1,A,C03,F14,S1,A,C03,diff_device_same_challenge,-0.0093727091274536,frozen_lifecycle
F10,S1,A,C03,F15,S1,A,C03,diff_device_same_challenge,-0.000324646864485,frozen_lifecycle
F10,S1,A,C04,F10,S1,A,C05,same_device_same_state_diff_challenge,-0.0485804415221571,frozen_lifecycle
F10,S1,A,C04,F10,S1,A,C06,same_device_same_state_diff_challenge,-0.2948684207476094,frozen_lifecycle
F10,S1,A,C04,F10,S1,A,C07,same_device_same_state_diff_challenge,-0.3344233387459966,frozen_lifecycle
F10,S1,A,C04,F10,S1,A,C08,same_device_same_state_diff_challenge,-0.2786598693545338,frozen_lifecycle
F10,S1,A,C04,F10,S1,B,C04,same_device_same_state_same_challenge,0.230295985666046,frozen_lifecycle
F10,S1,A,C04,F10,S2,A,C04,same_device_diff_state_same_challenge,0.0035260167504455,frozen_lifecycle
F10,S1,A,C04,F11,S1,A,C04,diff_device_same_challenge,0.0036219976100328,frozen_lifecycle
F10,S1,A,C04,F12,S1,A,C04,diff_device_same_challenge,-0.0028370176454602,frozen_lifecycle
F10,S1,A,C04,F13,S1,A,C04,diff_device_same_challenge,-0.006938028741672,frozen_lifecycle
F10,S1,A,C04,F14,S1,A,C04,diff_device_same_challenge,0.0014088498525764,frozen_lifecycle
F10,S1,A,C04,F15,S1,A,C04,diff_device_same_challenge,-0.0032014587293877,frozen_lifecycle
F10,S1,A,C05,F10,S1,A,C06,same_device_same_state_diff_challenge,-0.0386563274014708,frozen_lifecycle
F10,S1,A,C05,F10,S1,A,C07,same_device_same_state_diff_challenge,-0.1130430984963536,frozen_lifecycle
F10,S1,A,C05,F10,S1,A,C08,same_device_same_state_diff_challenge,-0.2167759091824666,frozen_lifecycle
F10,S1,A,C05,F10,S1,B,C05,same_device_same_state_same_challenge,0.4214590043068707,frozen_lifecycle
F10,S1,A,C05,F10,S2,A,C05,same_device_diff_state_same_challenge,0.0003941322971848,frozen_lifecycle
F10,S1,A,C05,F11,S1,A,C05,diff_device_same_challenge,0.0095028899253016,frozen_lifecycle
F10,S1,A,C05,F12,S1,A,C05,diff_device_same_challenge,-0.0044335740814809,frozen_lifecycle
F10,S1,A,C05,F13,S1,A,C05,diff_device_same_challenge,-0.0062998483601596,frozen_lifecycle
F10,S1,A,C05,F14,S1,A,C05,diff_device_same_challenge,0.0004715069238283,frozen_lifecycle
F10,S1,A,C05,F15,S1,A,C05,diff_device_same_challenge,-0.0069748356731387,frozen_lifecycle
F10,S1,A,C06,F10,S1,A,C07,same_device_same_state_diff_challenge,0.2993995476827555,frozen_lifecycle
F10,S1,A,C06,F10,S1,A,C08,same_device_same_state_diff_challenge,0.0755308296574454,frozen_lifecycle
F10,S1,A,C06,F10,S1,B,C06,same_device_same_state_same_challenge,0.6866681907187604,frozen_lifecycle
F10,S1,A,C06,F10,S2,A,C06,same_device_diff_state_same_challenge,0.0040485404060597,frozen_lifecycle
F10,S1,A,C06,F11,S1,A,C06,diff_device_same_challenge,0.0049486358559604,frozen_lifecycle
F10,S1,A,C06,F12,S1,A,C06,diff_device_same_challenge,-0.0072353038652496,frozen_lifecycle
F10,S1,A,C06,F13,S1,A,C06,diff_device_same_challenge,0.0041703355533763,frozen_lifecycle
F10,S1,A,C06,F14,S1,A,C06,diff_device_same_challenge,-0.0034975204612571,frozen_lifecycle
F10,S1,A,C06,F15,S1,A,C06,diff_device_same_challenge,-0.0057285849361211,frozen_lifecycle
F10,S1,A,C07,F10,S1,A,C08,same_device_same_state_diff_challenge,0.2308985213683999,frozen_lifecycle
F10,S1,A,C07,F10,S1,B,C07,same_device_same_state_same_challenge,0.6776555007929376,frozen_lifecycle
F10,S1,A,C07,F10,S2,A,C07,same_device_diff_state_same_challenge,-0.0067559066813765,frozen_lifecycle
F10,S1,A,C07,F11,S1,A,C07,diff_device_same_challenge,0.0058931124924444,frozen_lifecycle
F10,S1,A,C07,F12,S1,A,C07,diff_device_same_challenge,-6.054760287948464e-05,frozen_lifecycle
F10,S1,A,C07,F13,S1,A,C07,diff_device_same_challenge,0.0032411669162591,frozen_lifecycle
F10,S1,A,C07,F14,S1,A,C07,diff_device_same_challenge,-0.0026212167586692,frozen_lifecycle
F10,S1,A,C07,F15,S1,A,C07,diff_device_same_challenge,0.0022271376600797,frozen_lifecycle
F10,S1,A,C08,F10,S1,B,C08,same_device_same_state_same_challenge,0.5384689552209069,frozen_lifecycle
F10,S1,A,C08,F10,S2,A,C08,same_device_diff_state_same_challenge,0.0063454382537038,frozen_lifecycle
F10,S1,A,C08,F11,S1,A,C08,diff_device_same_challenge,-0.0012599161553002,frozen_lifecycle
F10,S1,A,C08,F12,S1,A,C08,diff_device_same_challenge,0.000155669877935,frozen_lifecycle
F10,S1,A,C08,F13,S1,A,C08,diff_device_same_challenge,-0.0035161272231489,frozen_lifecycle
F10,S1,A,C08,F14,S1,A,C08,diff_device_same_challenge,-0.0032526884349372,frozen_lifecycle
F10,S1,A,C08,F15,S1,A,C08,diff_device_same_challenge,2.788669066505873e-05,frozen_lifecycle
F10,S1,B,C01,F10,S1,B,C02,same_device_same_state_diff_challenge,0.0491480549398908,frozen_lifecycle
F10,S1,B,C01,F10,S1,B,C03,same_device_same_state_diff_challenge,-0.1201268732811552,frozen_lifecycle
F10,S1,B,C01,F10,S1,B,C04,same_device_same_state_diff_challenge,-0.2192993184579822,frozen_lifecycle
F10,S1,B,C01,F10,S1,B,C05,same_device_same_state_diff_challenge,-0.2380794907558648,frozen_lifecycle
F10,S1,B,C01,F10,S1,B,C06,same_device_same_state_diff_challenge,-0.2785609764646022,frozen_lifecycle
F10,S1,B,C01,F10,S1,B,C07,same_device_same_state_diff_challenge,-0.2226364194103224,frozen_lifecycle
F10,S1,B,C01,F10,S1,B,C08,same_device_same_state_diff_challenge,-0.2142190460406393,frozen_lifecycle
F10,S1,B,C01,F10,S2,B,C01,same_device_diff_state_same_challenge,0.0058078068582135,frozen_lifecycle
F10,S1,B,C01,F11,S1,B,C01,diff_device_same_challenge,0.0041048557435887,frozen_lifecycle
F10,S1,B,C01,F12,S1,B,C01,diff_device_same_challenge,-0.0002210359130954,frozen_lifecycle
F10,S1,B,C01,F13,S1,B,C01,diff_device_same_challenge,-0.0047024254403106,frozen_lifecycle
F10,S1,B,C01,F14,S1,B,C01,diff_device_same_challenge,-0.0018244681408725,frozen_lifecycle
F10,S1,B,C01,F15,S1,B,C01,diff_device_same_challenge,-0.001461762567045,frozen_lifecycle
F10,S1,B,C02,F10,S1,B,C03,same_device_same_state_diff_challenge,0.2290524345325507,frozen_lifecycle
F10,S1,B,C02,F10,S1,B,C04,same_device_same_state_diff_challenge,-0.0194380017838286,frozen_lifecycle
F10,S1,B,C02,F10,S1,B,C05,same_device_same_state_diff_challenge,-0.2721684757665894,frozen_lifecycle
F10,S1,B,C02,F10,S1,B,C06,same_device_same_state_diff_challenge,-0.3767579000790315,frozen_lifecycle
F10,S1,B,C02,F10,S1,B,C07,same_device_same_state_diff_challenge,-0.3389338605729329,frozen_lifecycle
F10,S1,B,C02,F10,S1,B,C08,same_device_same_state_diff_challenge,-0.3202222902932073,frozen_lifecycle
F10,S1,B,C02,F10,S2,B,C02,same_device_diff_state_same_challenge,-0.0004137706630812,frozen_lifecycle
F10,S1,B,C02,F11,S1,B,C02,diff_device_same_challenge,0.0107051037659736,frozen_lifecycle
F10,S1,B,C02,F12,S1,B,C02,diff_device_same_challenge,0.0002589353579681,frozen_lifecycle
F10,S1,B,C02,F13,S1,B,C02,diff_device_same_challenge,0.0027573081397389,frozen_lifecycle
F10,S1,B,C02,F14,S1,B,C02,diff_device_same_challenge,0.0038929756708204,frozen_lifecycle
F10,S1,B,C02,F15,S1,B,C02,diff_device_same_challenge,-0.0033720705802552,frozen_lifecycle
F10,S1,B,C03,F10,S1,B,C04,same_device_same_state_diff_challenge,0.2211077231764141,frozen_lifecycle
F10,S1,B,C03,F10,S1,B,C05,same_device_same_state_diff_challenge,-0.1762644570714897,frozen_lifecycle
F10,S1,B,C03,F10,S1,B,C06,same_device_same_state_diff_challenge,-0.3358388043001583,frozen_lifecycle
F10,S1,B,C03,F10,S1,B,C07,same_device_same_state_diff_challenge,-0.3853685927176558,frozen_lifecycle
F10,S1,B,C03,F10,S1,B,C08,same_device_same_state_diff_challenge,-0.3781490301798944,frozen_lifecycle
F10,S1,B,C03,F10,S2,B,C03,same_device_diff_state_same_challenge,0.0016968913040679,frozen_lifecycle
F10,S1,B,C03,F11,S1,B,C03,diff_device_same_challenge,0.0025402672332929,frozen_lifecycle
F10,S1,B,C03,F12,S1,B,C03,diff_device_same_challenge,-0.0029125008546799,frozen_lifecycle
F10,S1,B,C03,F13,S1,B,C03,diff_device_same_challenge,-0.0018721230675812,frozen_lifecycle
F10,S1,B,C03,F14,S1,B,C03,diff_device_same_challenge,-0.0004607558475616,frozen_lifecycle
F10,S1,B,C03,F15,S1,B,C03,diff_device_same_challenge,0.0009292475597111,frozen_lifecycle
F10,S1,B,C04,F10,S1,B,C05,same_device_same_state_diff_challenge,0.048296922229292,frozen_lifecycle
F10,S1,B,C04,F10,S1,B,C06,same_device_same_state_diff_challenge,-0.2082653537401402,frozen_lifecycle
F10,S1,B,C04,F10,S1,B,C07,same_device_same_state_diff_challenge,-0.3474372016026837,frozen_lifecycle
F10,S1,B,C04,F10,S1,B,C08,same_device_same_state_diff_challenge,-0.3381240739790335,frozen_lifecycle
F10,S1,B,C04,F10,S2,B,C04,same_device_diff_state_same_challenge,-0.0050918989604081,frozen_lifecycle
F10,S1,B,C04,F11,S1,B,C04,diff_device_same_challenge,0.0041466300662786,frozen_lifecycle
F10,S1,B,C04,F12,S1,B,C04,diff_device_same_challenge,0.003712304860996,frozen_lifecycle
F10,S1,B,C04,F13,S1,B,C04,diff_device_same_challenge,-0.0039943172522915,frozen_lifecycle
F10,S1,B,C04,F14,S1,B,C04,diff_device_same_challenge,0.0006487718330492,frozen_lifecycle
F10,S1,B,C04,F15,S1,B,C04,diff_device_same_challenge,-0.0015249860164752,frozen_lifecycle
F10,S1,B,C05,F10,S1,B,C06,same_device_same_state_diff_challenge,0.0545626653466293,frozen_lifecycle
F10,S1,B,C05,F10,S1,B,C07,same_device_same_state_diff_challenge,-0.1535199371405692,frozen_lifecycle
F10,S1,B,C05,F10,S1,B,C08,same_device_same_state_diff_challenge,-0.1173121875868616,frozen_lifecycle
F10,S1,B,C05,F10,S2,B,C05,same_device_diff_state_same_challenge,-0.0011930772790786,frozen_lifecycle
F10,S1,B,C05,F11,S1,B,C05,diff_device_same_challenge,-0.000333163234841,frozen_lifecycle
F10,S1,B,C05,F12,S1,B,C05,diff_device_same_challenge,-0.0004961699229845,frozen_lifecycle
F10,S1,B,C05,F13,S1,B,C05,diff_device_same_challenge,0.0022840104378996,frozen_lifecycle
F10,S1,B,C05,F14,S1,B,C05,diff_device_same_challenge,-0.0036215769116769,frozen_lifecycle
F10,S1,B,C05,F15,S1,B,C05,diff_device_same_challenge,-0.0013878939037853,frozen_lifecycle
F10,S1,B,C06,F10,S1,B,C07,same_device_same_state_diff_challenge,0.1669019995134762,frozen_lifecycle
F10,S1,B,C06,F10,S1,B,C08,same_device_same_state_diff_challenge,0.0703875591714243,frozen_lifecycle
F10,S1,B,C06,F10,S2,B,C06,same_device_diff_state_same_challenge,0.0083575243414555,frozen_lifecycle
F10,S1,B,C06,F11,S1,B,C06,diff_device_same_challenge,0.0107700113533861,frozen_lifecycle
F10,S1,B,C06,F12,S1,B,C06,diff_device_same_challenge,-0.0068314877728729,frozen_lifecycle
F10,S1,B,C06,F13,S1,B,C06,diff_device_same_challenge,0.0009167012298742,frozen_lifecycle
F10,S1,B,C06,F14,S1,B,C06,diff_device_same_challenge,-0.0008719063697569,frozen_lifecycle
F10,S1,B,C06,F15,S1,B,C06,diff_device_same_challenge,-0.0022521323782065,frozen_lifecycle
F10,S1,B,C07,F10,S1,B,C08,same_device_same_state_diff_challenge,0.2615639632162235,frozen_lifecycle
F10,S1,B,C07,F10,S2,B,C07,same_device_diff_state_same_challenge,0.001652643962008,frozen_lifecycle
F10,S1,B,C07,F11,S1,B,C07,diff_device_same_challenge,-0.0002500246517583,frozen_lifecycle
F10,S1,B,C07,F12,S1,B,C07,diff_device_same_challenge,0.0023003912376952,frozen_lifecycle
F10,S1,B,C07,F13,S1,B,C07,diff_device_same_challenge,-0.0005387836356884,frozen_lifecycle
F10,S1,B,C07,F14,S1,B,C07,diff_device_same_challenge,-0.0038154241939367,frozen_lifecycle
F10,S1,B,C07,F15,S1,B,C07,diff_device_same_challenge,-0.0042625613987597,frozen_lifecycle
F10,S1,B,C08,F10,S2,B,C08,same_device_diff_state_same_challenge,0.0054501811250376,frozen_lifecycle
F10,S1,B,C08,F11,S1,B,C08,diff_device_same_challenge,0.0015284625602798,frozen_lifecycle
F10,S1,B,C08,F12,S1,B,C08,diff_device_same_challenge,0.0029591443817231,frozen_lifecycle
F10,S1,B,C08,F13,S1,B,C08,diff_device_same_challenge,-0.0105284560627892,frozen_lifecycle
F10,S1,B,C08,F14,S1,B,C08,diff_device_same_challenge,-0.00192459693696,frozen_lifecycle
F10,S1,B,C08,F15,S1,B,C08,diff_device_same_challenge,0.0038908318064301,frozen_lifecycle
F10,S2,A,C01,F10,S2,A,C02,same_device_same_state_diff_challenge,0.0225023374135663,frozen_lifecycle
F10,S2,A,C01,F10,S2,A,C03,same_device_same_state_diff_challenge,-0.0694385453891445,frozen_lifecycle
F10,S2,A,C01,F10,S2,A,C04,same_device_same_state_diff_challenge,-0.2092660462114014,frozen_lifecycle
F10,S2,A,C01,F10,S2,A,C05,same_device_same_state_diff_challenge,-0.2857358959781686,frozen_lifecycle
F10,S2,A,C01,F10,S2,A,C06,same_device_same_state_diff_challenge,-0.2986926804965373,frozen_lifecycle
F10,S2,A,C01,F10,S2,A,C07,same_device_same_state_diff_challenge,-0.1890269099409826,frozen_lifecycle
F10,S2,A,C01,F10,S2,A,C08,same_device_same_state_diff_challenge,-0.2479800316445743,frozen_lifecycle
F10,S2,A,C01,F10,S2,B,C01,same_device_same_state_same_challenge,0.633036616585206,frozen_lifecycle
F10,S2,A,C01,F11,S2,A,C01,diff_device_same_challenge,-0.0015365886918173,frozen_lifecycle
F10,S2,A,C01,F12,S2,A,C01,diff_device_same_challenge,-0.0016356850878333,frozen_lifecycle
F10,S2,A,C01,F13,S2,A,C01,diff_device_same_challenge,-0.0037989257047372,frozen_lifecycle
F10,S2,A,C01,F14,S2,A,C01,diff_device_same_challenge,-0.0025117512495177,frozen_lifecycle
F10,S2,A,C01,F15,S2,A,C01,diff_device_same_challenge,0.0044899484386303,frozen_lifecycle
F10,S2,A,C02,F10,S2,A,C03,same_device_same_state_diff_challenge,0.2527743679584791,frozen_lifecycle
F10,S2,A,C02,F10,S2,A,C04,same_device_same_state_diff_challenge,-0.2072672052037259,frozen_lifecycle
F10,S2,A,C02,F10,S2,A,C05,same_device_same_state_diff_challenge,-0.3513615054597603,frozen_lifecycle
F10,S2,A,C02,F10,S2,A,C06,same_device_same_state_diff_challenge,-0.3650838245725784,frozen_lifecycle
F10,S2,A,C02,F10,S2,A,C07,same_device_same_state_diff_challenge,-0.2352349476619252,frozen_lifecycle
F10,S2,A,C02,F10,S2,A,C08,same_device_same_state_diff_challenge,-0.3116951306194496,frozen_lifecycle
F10,S2,A,C02,F10,S2,B,C02,same_device_same_state_same_challenge,0.7913798188226994,frozen_lifecycle
F10,S2,A,C02,F11,S2,A,C02,diff_device_same_challenge,-0.0008585311046658,frozen_lifecycle
F10,S2,A,C02,F12,S2,A,C02,diff_device_same_challenge,-0.0007480771826179,frozen_lifecycle
F10,S2,A,C02,F13,S2,A,C02,diff_device_same_challenge,-0.0076404662473954,frozen_lifecycle
F10,S2,A,C02,F14,S2,A,C02,diff_device_same_challenge,-0.0012120018688001,frozen_lifecycle
F10,S2,A,C02,F15,S2,A,C02,diff_device_same_challenge,-0.000331471234051,frozen_lifecycle
F10,S2,A,C03,F10,S2,A,C04,same_device_same_state_diff_challenge,-0.0460127154065426,frozen_lifecycle
F10,S2,A,C03,F10,S2,A,C05,same_device_same_state_diff_challenge,-0.3469998454953159,frozen_lifecycle
F10,S2,A,C03,F10,S2,A,C06,same_device_same_state_diff_challenge,-0.3631520510665056,frozen_lifecycle
F10,S2,A,C03,F10,S2,A,C07,same_device_same_state_diff_challenge,-0.2279865701245174,frozen_lifecycle
F10,S2,A,C03,F10,S2,A,C08,same_device_same_state_diff_challenge,-0.3286582445299706,frozen_lifecycle
F10,S2,A,C03,F10,S2,B,C03,same_device_same_state_same_challenge,0.524704234318233,frozen_lifecycle
F10,S2,A,C03,F11,S2,A,C03,diff_device_same_challenge,0.0005626665434281,frozen_lifecycle
F10,S2,A,C03,F12,S2,A,C03,diff_device_same_challenge,-0.0004171003032486,frozen_lifecycle
F10,S2,A,C03,F13,S2,A,C03,diff_device_same_challenge,0.0020153394577139,frozen_lifecycle
F10,S2,A,C03,F14,S2,A,C03,diff_device_same_challenge,0.0024341862035426,frozen_lifecycle
F10,S2,A,C03,F15,S2,A,C03,diff_device_same_challenge,-0.0012660770627895,frozen_lifecycle
F10,S2,A,C04,F10,S2,A,C05,same_device_same_state_diff_challenge,-0.0703594783996145,frozen_lifecycle
F10,S2,A,C04,F10,S2,A,C06,same_device_same_state_diff_challenge,-0.1027971297415218,frozen_lifecycle
F10,S2,A,C04,F10,S2,A,C07,same_device_same_state_diff_challenge,-0.0888713143704124,frozen_lifecycle
F10,S2,A,C04,F10,S2,A,C08,same_device_same_state_diff_challenge,-0.224301514545681,frozen_lifecycle
F10,S2,A,C04,F10,S2,B,C04,same_device_same_state_same_challenge,0.5942706947386059,frozen_lifecycle
F10,S2,A,C04,F11,S2,A,C04,diff_device_same_challenge,-0.0086896275510248,frozen_lifecycle
F10,S2,A,C04,F12,S2,A,C04,diff_device_same_challenge,0.0009074207228271,frozen_lifecycle
F10,S2,A,C04,F13,S2,A,C04,diff_device_same_challenge,0.0008550535392961,frozen_lifecycle
F10,S2,A,C04,F14,S2,A,C04,diff_device_same_challenge,0.0069696011753227,frozen_lifecycle
F10,S2,A,C04,F15,S2,A,C04,diff_device_same_challenge,0.0012527483505504,frozen_lifecycle
F10,S2,A,C05,F10,S2,A,C06,same_device_same_state_diff_challenge,0.197733439801161,frozen_lifecycle
F10,S2,A,C05,F10,S2,A,C07,same_device_same_state_diff_challenge,-0.0869115986471289,frozen_lifecycle
F10,S2,A,C05,F10,S2,A,C08,same_device_same_state_diff_challenge,0.126990198520652,frozen_lifecycle
F10,S2,A,C05,F10,S2,B,C05,same_device_same_state_same_challenge,0.8104544718728205,frozen_lifecycle
F10,S2,A,C05,F11,S2,A,C05,diff_device_same_challenge,-0.0077890734576211,frozen_lifecycle
F10,S2,A,C05,F12,S2,A,C05,diff_device_same_challenge,-0.009931800823648,frozen_lifecycle
F10,S2,A,C05,F13,S2,A,C05,diff_device_same_challenge,0.0035185205175092,frozen_lifecycle
F10,S2,A,C05,F14,S2,A,C05,diff_device_same_challenge,0.0064883434975478,frozen_lifecycle
F10,S2,A,C05,F15,S2,A,C05,diff_device_same_challenge,-0.0023190565319455,frozen_lifecycle
F10,S2,A,C06,F10,S2,A,C07,same_device_same_state_diff_challenge,-0.0067356161130519,frozen_lifecycle
F10,S2,A,C06,F10,S2,A,C08,same_device_same_state_diff_challenge,0.1443051228500856,frozen_lifecycle
F10,S2,A,C06,F10,S2,B,C06,same_device_same_state_same_challenge,0.4493304618700139,frozen_lifecycle
F10,S2,A,C06,F11,S2,A,C06,diff_device_same_challenge,0.005193824661154,frozen_lifecycle
F10,S2,A,C06,F12,S2,A,C06,diff_device_same_challenge,-0.0062896785150466,frozen_lifecycle
F10,S2,A,C06,F13,S2,A,C06,diff_device_same_challenge,-0.0066631732167632,frozen_lifecycle
F10,S2,A,C06,F14,S2,A,C06,diff_device_same_challenge,0.00131731717401,frozen_lifecycle
F10,S2,A,C06,F15,S2,A,C06,diff_device_same_challenge,-0.0017491396471352,frozen_lifecycle
F10,S2,A,C07,F10,S2,A,C08,same_device_same_state_diff_challenge,-0.0168089761871259,frozen_lifecycle
F10,S2,A,C07,F10,S2,B,C07,same_device_same_state_same_challenge,0.3524963082356864,frozen_lifecycle
F10,S2,A,C07,F11,S2,A,C07,diff_device_same_challenge,0.0018565716066486,frozen_lifecycle
F10,S2,A,C07,F12,S2,A,C07,diff_device_same_challenge,0.0014524478734643,frozen_lifecycle
F10,S2,A,C07,F13,S2,A,C07,diff_device_same_challenge,0.0051075941280481,frozen_lifecycle
F10,S2,A,C07,F14,S2,A,C07,diff_device_same_challenge,0.0009374493810478,frozen_lifecycle
F10,S2,A,C07,F15,S2,A,C07,diff_device_same_challenge,-0.0079733291823334,frozen_lifecycle
F10,S2,A,C08,F10,S2,B,C08,same_device_same_state_same_challenge,0.8368745646105535,frozen_lifecycle
F10,S2,A,C08,F11,S2,A,C08,diff_device_same_challenge,0.0063975204802084,frozen_lifecycle
F10,S2,A,C08,F12,S2,A,C08,diff_device_same_challenge,-0.0011768477788376,frozen_lifecycle
F10,S2,A,C08,F13,S2,A,C08,diff_device_same_challenge,0.0009305182301975,frozen_lifecycle
F10,S2,A,C08,F14,S2,A,C08,diff_device_same_challenge,-0.0038389533671724,frozen_lifecycle
F10,S2,A,C08,F15,S2,A,C08,diff_device_same_challenge,0.0113735986203084,frozen_lifecycle
F10,S2,B,C01,F10,S2,B,C02,same_device_same_state_diff_challenge,0.1695582601100429,frozen_lifecycle
F10,S2,B,C01,F10,S2,B,C03,same_device_same_state_diff_challenge,-0.1279323162728827,frozen_lifecycle
F10,S2,B,C01,F10,S2,B,C04,same_device_same_state_diff_challenge,-0.2523776930078534,frozen_lifecycle
F10,S2,B,C01,F10,S2,B,C05,same_device_same_state_diff_challenge,-0.3460389777636383,frozen_lifecycle
F10,S2,B,C01,F10,S2,B,C06,same_device_same_state_diff_challenge,-0.1831410558412443,frozen_lifecycle
F10,S2,B,C01,F10,S2,B,C07,same_device_same_state_diff_challenge,-0.2993650501990436,frozen_lifecycle
F10,S2,B,C01,F10,S2,B,C08,same_device_same_state_diff_challenge,-0.2672076843096468,frozen_lifecycle
F10,S2,B,C01,F11,S2,B,C01,diff_device_same_challenge,0.0005664034022083,frozen_lifecycle
F10,S2,B,C01,F12,S2,B,C01,diff_device_same_challenge,-0.003427614156166,frozen_lifecycle
F10,S2,B,C01,F13,S2,B,C01,diff_device_same_challenge,-0.000255001026625,frozen_lifecycle
F10,S2,B,C01,F14,S2,B,C01,diff_device_same_challenge,-0.0006489346275403,frozen_lifecycle
F10,S2,B,C01,F15,S2,B,C01,diff_device_same_challenge,0.001203288589611,frozen_lifecycle
F10,S2,B,C02,F10,S2,B,C03,same_device_same_state_diff_challenge,-0.0299001289814205,frozen_lifecycle
F10,S2,B,C02,F10,S2,B,C04,same_device_same_state_diff_challenge,-0.2756544718271836,frozen_lifecycle
F10,S2,B,C02,F10,S2,B,C05,same_device_same_state_diff_challenge,-0.3565533389329947,frozen_lifecycle
F10,S2,B,C02,F10,S2,B,C06,same_device_same_state_diff_challenge,-0.1900693809349873,frozen_lifecycle
F10,S2,B,C02,F10,S2,B,C07,same_device_same_state_diff_challenge,-0.3132382797902993,frozen_lifecycle
F10,S2,B,C02,F10,S2,B,C08,same_device_same_state_diff_challenge,-0.2910576294588881,frozen_lifecycle
F10,S2,B,C02,F11,S2,B,C02,diff_device_same_challenge,0.0031431745139982,frozen_lifecycle
F10,S2,B,C02,F12,S2,B,C02,diff_device_same_challenge,-0.0004596288487961,frozen_lifecycle
F10,S2,B,C02,F13,S2,B,C02,diff_device_same_challenge,-0.0039837492525642,frozen_lifecycle
F10,S2,B,C02,F14,S2,B,C02,diff_device_same_challenge,-0.0046494263306983,frozen_lifecycle
F10,S2,B,C02,F15,S2,B,C02,diff_device_same_challenge,0.002315338394658,frozen_lifecycle
F10,S2,B,C03,F10,S2,B,C04,same_device_same_state_diff_challenge,0.0317420139906635,frozen_lifecycle
F10,S2,B,C03,F10,S2,B,C05,same_device_same_state_diff_challenge,-0.1907359153418235,frozen_lifecycle
F10,S2,B,C03,F10,S2,B,C06,same_device_same_state_diff_challenge,-0.1199490507949144,frozen_lifecycle
F10,S2,B,C03,F10,S2,B,C07,same_device_same_state_diff_challenge,-0.2882401022160137,frozen_lifecycle
F10,S2,B,C03,F10,S2,B,C08,same_device_same_state_diff_challenge,-0.2846283960080054,frozen_lifecycle
F10,S2,B,C03,F11,S2,B,C03,diff_device_same_challenge,0.0038369727975714,frozen_lifecycle
F10,S2,B,C03,F12,S2,B,C03,diff_device_same_challenge,0.0007632386652225,frozen_lifecycle
F10,S2,B,C03,F13,S2,B,C03,diff_device_same_challenge,0.0047197537229387,frozen_lifecycle
F10,S2,B,C03,F14,S2,B,C03,diff_device_same_challenge,-0.0017305850663867,frozen_lifecycle
F10,S2,B,C03,F15,S2,B,C03,diff_device_same_challenge,-0.0006578334654934,frozen_lifecycle
F10,S2,B,C04,F10,S2,B,C05,same_device_same_state_diff_challenge,0.0208644761953535,frozen_lifecycle
F10,S2,B,C04,F10,S2,B,C06,same_device_same_state_diff_challenge,-0.1447106880547592,frozen_lifecycle
F10,S2,B,C04,F10,S2,B,C07,same_device_same_state_diff_challenge,-0.1080274000351568,frozen_lifecycle
F10,S2,B,C04,F10,S2,B,C08,same_device_same_state_diff_challenge,-0.1125369317480684,frozen_lifecycle
F10,S2,B,C04,F11,S2,B,C04,diff_device_same_challenge,-0.0083280684606764,frozen_lifecycle
F10,S2,B,C04,F12,S2,B,C04,diff_device_same_challenge,-0.0063571987794862,frozen_lifecycle
F10,S2,B,C04,F13,S2,B,C04,diff_device_same_challenge,0.0030448674143538,frozen_lifecycle
F10,S2,B,C04,F14,S2,B,C04,diff_device_same_challenge,0.0004203806146224,frozen_lifecycle
F10,S2,B,C04,F15,S2,B,C04,diff_device_same_challenge,-0.0017004581822919,frozen_lifecycle
F10,S2,B,C05,F10,S2,B,C06,same_device_same_state_diff_challenge,-0.0326881889034256,frozen_lifecycle
F10,S2,B,C05,F10,S2,B,C07,same_device_same_state_diff_challenge,0.0926939166901963,frozen_lifecycle
F10,S2,B,C05,F10,S2,B,C08,same_device_same_state_diff_challenge,0.0316558915629241,frozen_lifecycle
F10,S2,B,C05,F11,S2,B,C05,diff_device_same_challenge,0.003342473720888,frozen_lifecycle
F10,S2,B,C05,F12,S2,B,C05,diff_device_same_challenge,0.0002867568407642,frozen_lifecycle
F10,S2,B,C05,F13,S2,B,C05,diff_device_same_challenge,0.0092402376753397,frozen_lifecycle
F10,S2,B,C05,F14,S2,B,C05,diff_device_same_challenge,0.0076996641137277,frozen_lifecycle
F10,S2,B,C05,F15,S2,B,C05,diff_device_same_challenge,-0.0067408721541305,frozen_lifecycle
F10,S2,B,C06,F10,S2,B,C07,same_device_same_state_diff_challenge,-0.1531423577463711,frozen_lifecycle
F10,S2,B,C06,F10,S2,B,C08,same_device_same_state_diff_challenge,-0.1299389136942197,frozen_lifecycle
F10,S2,B,C06,F11,S2,B,C06,diff_device_same_challenge,0.0003637550514965,frozen_lifecycle
F10,S2,B,C06,F12,S2,B,C06,diff_device_same_challenge,0.0008842440019617,frozen_lifecycle
F10,S2,B,C06,F13,S2,B,C06,diff_device_same_challenge,-0.0028101265089566,frozen_lifecycle
F10,S2,B,C06,F14,S2,B,C06,diff_device_same_challenge,-0.0035511101042962,frozen_lifecycle
F10,S2,B,C06,F15,S2,B,C06,diff_device_same_challenge,0.0002036308593273,frozen_lifecycle
F10,S2,B,C07,F10,S2,B,C08,same_device_same_state_diff_challenge,0.2297611637659185,frozen_lifecycle
F10,S2,B,C07,F11,S2,B,C07,diff_device_same_challenge,0.0079555882368169,frozen_lifecycle
F10,S2,B,C07,F12,S2,B,C07,diff_device_same_challenge,0.0062011311676016,frozen_lifecycle
F10,S2,B,C07,F13,S2,B,C07,diff_device_same_challenge,-0.0013643135056028,frozen_lifecycle
F10,S2,B,C07,F14,S2,B,C07,diff_device_same_challenge,-0.0078050905650017,frozen_lifecycle
F10,S2,B,C07,F15,S2,B,C07,diff_device_same_challenge,0.003821706155055,frozen_lifecycle
F10,S2,B,C08,F11,S2,B,C08,diff_device_same_challenge,0.0035337292736056,frozen_lifecycle
F10,S2,B,C08,F12,S2,B,C08,diff_device_same_challenge,0.0023132871040373,frozen_lifecycle
F10,S2,B,C08,F13,S2,B,C08,diff_device_same_challenge,-0.0006264931495864,frozen_lifecycle
F10,S2,B,C08,F14,S2,B,C08,diff_device_same_challenge,-0.0049057191131441,frozen_lifecycle
F10,S2,B,C08,F15,S2,B,C08,diff_device_same_challenge,0.0029185846364367,frozen_lifecycle
F11,S0,A,C01,F11,S0,A,C02,same_device_same_state_diff_challenge,0.1025780828606695,frozen_lifecycle
F11,S0,A,C01,F11,S0,A,C03,same_device_same_state_diff_challenge,-0.0846765640788931,frozen_lifecycle
F11,S0,A,C01,F11,S0,A,C04,same_device_same_state_diff_challenge,-0.2167470094738006,frozen_lifecycle
F11,S0,A,C01,F11,S0,A,C05,same_device_same_state_diff_challenge,-0.2939525123945417,frozen_lifecycle
F11,S0,A,C01,F11,S0,A,C06,same_device_same_state_diff_challenge,-0.2911111989306669,frozen_lifecycle
F11,S0,A,C01,F11,S0,A,C07,same_device_same_state_diff_challenge,-0.2648303176618566,frozen_lifecycle
F11,S0,A,C01,F11,S0,A,C08,same_device_same_state_diff_challenge,-0.1880825959468932,frozen_lifecycle
F11,S0,A,C01,F11,S0,B,C01,same_device_same_state_same_challenge,0.6713291636174931,frozen_lifecycle
F11,S0,A,C01,F11,S1,A,C01,same_device_diff_state_same_challenge,-0.0087922486584073,frozen_lifecycle
F11,S0,A,C01,F11,S2,A,C01,same_device_diff_state_same_challenge,-0.0030114188830793,frozen_lifecycle
F11,S0,A,C01,F12,S0,A,C01,diff_device_same_challenge,0.0011779230108778,frozen_lifecycle
F11,S0,A,C01,F13,S0,A,C01,diff_device_same_challenge,-0.0015049139237393,frozen_lifecycle
F11,S0,A,C01,F14,S0,A,C01,diff_device_same_challenge,0.0026268305816126,frozen_lifecycle
F11,S0,A,C01,F15,S0,A,C01,diff_device_same_challenge,0.0048794714481046,frozen_lifecycle
F11,S0,A,C02,F11,S0,A,C03,same_device_same_state_diff_challenge,-0.0215918841547666,frozen_lifecycle
F11,S0,A,C02,F11,S0,A,C04,same_device_same_state_diff_challenge,-0.0975308831755392,frozen_lifecycle
F11,S0,A,C02,F11,S0,A,C05,same_device_same_state_diff_challenge,-0.2302214917407725,frozen_lifecycle
F11,S0,A,C02,F11,S0,A,C06,same_device_same_state_diff_challenge,-0.3010455627436662,frozen_lifecycle
F11,S0,A,C02,F11,S0,A,C07,same_device_same_state_diff_challenge,-0.3130090258036291,frozen_lifecycle
F11,S0,A,C02,F11,S0,A,C08,same_device_same_state_diff_challenge,-0.2595154466501497,frozen_lifecycle
F11,S0,A,C02,F11,S0,B,C02,same_device_same_state_same_challenge,0.5195423509049346,frozen_lifecycle
F11,S0,A,C02,F11,S1,A,C02,same_device_diff_state_same_challenge,0.005695480966806,frozen_lifecycle
F11,S0,A,C02,F11,S2,A,C02,same_device_diff_state_same_challenge,0.0024737104392151,frozen_lifecycle
F11,S0,A,C02,F12,S0,A,C02,diff_device_same_challenge,0.0032674252653937,frozen_lifecycle
F11,S0,A,C02,F13,S0,A,C02,diff_device_same_challenge,0.0016060508717563,frozen_lifecycle
F11,S0,A,C02,F14,S0,A,C02,diff_device_same_challenge,0.0018433658384153,frozen_lifecycle
F11,S0,A,C02,F15,S0,A,C02,diff_device_same_challenge,-0.0009492523497609,frozen_lifecycle
F11,S0,A,C03,F11,S0,A,C04,same_device_same_state_diff_challenge,0.0989312202135799,frozen_lifecycle
F11,S0,A,C03,F11,S0,A,C05,same_device_same_state_diff_challenge,-0.1846798695648631,frozen_lifecycle
F11,S0,A,C03,F11,S0,A,C06,same_device_same_state_diff_challenge,-0.3377242064836178,frozen_lifecycle
F11,S0,A,C03,F11,S0,A,C07,same_device_same_state_diff_challenge,-0.3425940191424251,frozen_lifecycle
F11,S0,A,C03,F11,S0,A,C08,same_device_same_state_diff_challenge,-0.3077777418136943,frozen_lifecycle
F11,S0,A,C03,F11,S0,B,C03,same_device_same_state_same_challenge,0.8690763685565993,frozen_lifecycle
F11,S0,A,C03,F11,S1,A,C03,same_device_diff_state_same_challenge,0.0008335405900313,frozen_lifecycle
F11,S0,A,C03,F11,S2,A,C03,same_device_diff_state_same_challenge,0.0034088847424601,frozen_lifecycle
F11,S0,A,C03,F12,S0,A,C03,diff_device_same_challenge,0.0003201081550817,frozen_lifecycle
F11,S0,A,C03,F13,S0,A,C03,diff_device_same_challenge,-0.0041726324935554,frozen_lifecycle
F11,S0,A,C03,F14,S0,A,C03,diff_device_same_challenge,-0.0135554306532681,frozen_lifecycle
F11,S0,A,C03,F15,S0,A,C03,diff_device_same_challenge,-0.0027492057993786,frozen_lifecycle
F11,S0,A,C04,F11,S0,A,C05,same_device_same_state_diff_challenge,0.0715498333304821,frozen_lifecycle
F11,S0,A,C04,F11,S0,A,C06,same_device_same_state_diff_challenge,-0.1994233277751088,frozen_lifecycle
F11,S0,A,C04,F11,S0,A,C07,same_device_same_state_diff_challenge,-0.2715795790853804,frozen_lifecycle
F11,S0,A,C04,F11,S0,A,C08,same_device_same_state_diff_challenge,-0.333471381765691,frozen_lifecycle
F11,S0,A,C04,F11,S0,B,C04,same_device_same_state_same_challenge,0.8722165433622662,frozen_lifecycle
F11,S0,A,C04,F11,S1,A,C04,same_device_diff_state_same_challenge,0.0004235274074715,frozen_lifecycle
F11,S0,A,C04,F11,S2,A,C04,same_device_diff_state_same_challenge,0.0069534087124212,frozen_lifecycle
F11,S0,A,C04,F12,S0,A,C04,diff_device_same_challenge,-0.0023797198029361,frozen_lifecycle
F11,S0,A,C04,F13,S0,A,C04,diff_device_same_challenge,0.0024307416721413,frozen_lifecycle
F11,S0,A,C04,F14,S0,A,C04,diff_device_same_challenge,0.0006123725620175,frozen_lifecycle
F11,S0,A,C04,F15,S0,A,C04,diff_device_same_challenge,-0.0012823810077629,frozen_lifecycle
F11,S0,A,C05,F11,S0,A,C06,same_device_same_state_diff_challenge,0.0487110044338552,frozen_lifecycle
F11,S0,A,C05,F11,S0,A,C07,same_device_same_state_diff_challenge,-0.0477723760073267,frozen_lifecycle
F11,S0,A,C05,F11,S0,A,C08,same_device_same_state_diff_challenge,-0.1815412477679173,frozen_lifecycle
F11,S0,A,C05,F11,S0,B,C05,same_device_same_state_same_challenge,0.8917657459750638,frozen_lifecycle
F11,S0,A,C05,F11,S1,A,C05,same_device_diff_state_same_challenge,-0.0044972208069557,frozen_lifecycle
F11,S0,A,C05,F11,S2,A,C05,same_device_diff_state_same_challenge,-0.0044781044740451,frozen_lifecycle
F11,S0,A,C05,F12,S0,A,C05,diff_device_same_challenge,-0.0048616474070075,frozen_lifecycle
F11,S0,A,C05,F13,S0,A,C05,diff_device_same_challenge,-0.0090304724726056,frozen_lifecycle
F11,S0,A,C05,F14,S0,A,C05,diff_device_same_challenge,-1.8873105404241325e-05,frozen_lifecycle
F11,S0,A,C05,F15,S0,A,C05,diff_device_same_challenge,0.0004848043434892,frozen_lifecycle
F11,S0,A,C06,F11,S0,A,C07,same_device_same_state_diff_challenge,0.183098930184497,frozen_lifecycle
F11,S0,A,C06,F11,S0,A,C08,same_device_same_state_diff_challenge,0.1007937763810757,frozen_lifecycle
F11,S0,A,C06,F11,S0,B,C06,same_device_same_state_same_challenge,0.8974209019201818,frozen_lifecycle
F11,S0,A,C06,F11,S1,A,C06,same_device_diff_state_same_challenge,-0.0049682991307291,frozen_lifecycle
F11,S0,A,C06,F11,S2,A,C06,same_device_diff_state_same_challenge,0.0023290344059245,frozen_lifecycle
F11,S0,A,C06,F12,S0,A,C06,diff_device_same_challenge,-0.0016421377343154,frozen_lifecycle
F11,S0,A,C06,F13,S0,A,C06,diff_device_same_challenge,-0.0016756188607634,frozen_lifecycle
F11,S0,A,C06,F14,S0,A,C06,diff_device_same_challenge,-0.0025765298750008,frozen_lifecycle
F11,S0,A,C06,F15,S0,A,C06,diff_device_same_challenge,0.0019131064171087,frozen_lifecycle
F11,S0,A,C07,F11,S0,A,C08,same_device_same_state_diff_challenge,0.2213311637266044,frozen_lifecycle
F11,S0,A,C07,F11,S0,B,C07,same_device_same_state_same_challenge,0.8813563051603149,frozen_lifecycle
F11,S0,A,C07,F11,S1,A,C07,same_device_diff_state_same_challenge,-0.0071326309981062,frozen_lifecycle
F11,S0,A,C07,F11,S2,A,C07,same_device_diff_state_same_challenge,0.0019760776116322,frozen_lifecycle
F11,S0,A,C07,F12,S0,A,C07,diff_device_same_challenge,0.003139451151451,frozen_lifecycle
F11,S0,A,C07,F13,S0,A,C07,diff_device_same_challenge,0.007761948927469,frozen_lifecycle
F11,S0,A,C07,F14,S0,A,C07,diff_device_same_challenge,-6.642258888394864e-05,frozen_lifecycle
F11,S0,A,C07,F15,S0,A,C07,diff_device_same_challenge,0.0054668940490696,frozen_lifecycle
F11,S0,A,C08,F11,S0,B,C08,same_device_same_state_same_challenge,0.8839514802276361,frozen_lifecycle
F11,S0,A,C08,F11,S1,A,C08,same_device_diff_state_same_challenge,0.0039619636918749,frozen_lifecycle
F11,S0,A,C08,F11,S2,A,C08,same_device_diff_state_same_challenge,-0.0007433788138069,frozen_lifecycle
F11,S0,A,C08,F12,S0,A,C08,diff_device_same_challenge,-0.0019033541657304,frozen_lifecycle
F11,S0,A,C08,F13,S0,A,C08,diff_device_same_challenge,0.0080796395457854,frozen_lifecycle
F11,S0,A,C08,F14,S0,A,C08,diff_device_same_challenge,-0.0028502380778991,frozen_lifecycle
F11,S0,A,C08,F15,S0,A,C08,diff_device_same_challenge,-0.003345489943443,frozen_lifecycle
F11,S0,B,C01,F11,S0,B,C02,same_device_same_state_diff_challenge,0.0348567399960931,frozen_lifecycle
F11,S0,B,C01,F11,S0,B,C03,same_device_same_state_diff_challenge,-0.1052129566828931,frozen_lifecycle
F11,S0,B,C01,F11,S0,B,C04,same_device_same_state_diff_challenge,-0.2036060008373189,frozen_lifecycle
F11,S0,B,C01,F11,S0,B,C05,same_device_same_state_diff_challenge,-0.2561220356050159,frozen_lifecycle
F11,S0,B,C01,F11,S0,B,C06,same_device_same_state_diff_challenge,-0.265165729165246,frozen_lifecycle
F11,S0,B,C01,F11,S0,B,C07,same_device_same_state_diff_challenge,-0.2395213403817558,frozen_lifecycle
F11,S0,B,C01,F11,S0,B,C08,same_device_same_state_diff_challenge,-0.163661510979248,frozen_lifecycle
F11,S0,B,C01,F11,S1,B,C01,same_device_diff_state_same_challenge,-0.0100088686419404,frozen_lifecycle
F11,S0,B,C01,F11,S2,B,C01,same_device_diff_state_same_challenge,0.0032180807828313,frozen_lifecycle
F11,S0,B,C01,F12,S0,B,C01,diff_device_same_challenge,0.0002874536190877,frozen_lifecycle
F11,S0,B,C01,F13,S0,B,C01,diff_device_same_challenge,0.0016189616377143,frozen_lifecycle
F11,S0,B,C01,F14,S0,B,C01,diff_device_same_challenge,0.0091369985639471,frozen_lifecycle
F11,S0,B,C01,F15,S0,B,C01,diff_device_same_challenge,0.0041326174063202,frozen_lifecycle
F11,S0,B,C02,F11,S0,B,C03,same_device_same_state_diff_challenge,0.1991266506549597,frozen_lifecycle
F11,S0,B,C02,F11,S0,B,C04,same_device_same_state_diff_challenge,-0.026932009422597,frozen_lifecycle
F11,S0,B,C02,F11,S0,B,C05,same_device_same_state_diff_challenge,-0.2476812780183465,frozen_lifecycle
F11,S0,B,C02,F11,S0,B,C06,same_device_same_state_diff_challenge,-0.3705858358464992,frozen_lifecycle
F11,S0,B,C02,F11,S0,B,C07,same_device_same_state_diff_challenge,-0.3740885807514174,frozen_lifecycle
F11,S0,B,C02,F11,S0,B,C08,same_device_same_state_diff_challenge,-0.3045522678547324,frozen_lifecycle
F11,S0,B,C02,F11,S1,B,C02,same_device_diff_state_same_challenge,0.0019533932153629,frozen_lifecycle
F11,S0,B,C02,F11,S2,B,C02,same_device_diff_state_same_challenge,0.0065894591682388,frozen_lifecycle
F11,S0,B,C02,F12,S0,B,C02,diff_device_same_challenge,0.0039857606974272,frozen_lifecycle
F11,S0,B,C02,F13,S0,B,C02,diff_device_same_challenge,-0.0081142880178461,frozen_lifecycle
F11,S0,B,C02,F14,S0,B,C02,diff_device_same_challenge,0.000195912208406,frozen_lifecycle
F11,S0,B,C02,F15,S0,B,C02,diff_device_same_challenge,0.0029011510912822,frozen_lifecycle
F11,S0,B,C03,F11,S0,B,C04,same_device_same_state_diff_challenge,0.0634139477088563,frozen_lifecycle
F11,S0,B,C03,F11,S0,B,C05,same_device_same_state_diff_challenge,-0.2218568358666957,frozen_lifecycle
F11,S0,B,C03,F11,S0,B,C06,same_device_same_state_diff_challenge,-0.3647104712912404,frozen_lifecycle
F11,S0,B,C03,F11,S0,B,C07,same_device_same_state_diff_challenge,-0.3750589695484633,frozen_lifecycle
F11,S0,B,C03,F11,S0,B,C08,same_device_same_state_diff_challenge,-0.3147451787940992,frozen_lifecycle
F11,S0,B,C03,F11,S1,B,C03,same_device_diff_state_same_challenge,0.0027080527921529,frozen_lifecycle
F11,S0,B,C03,F11,S2,B,C03,same_device_diff_state_same_challenge,0.0012084728456424,frozen_lifecycle
F11,S0,B,C03,F12,S0,B,C03,diff_device_same_challenge,-0.0090462331164297,frozen_lifecycle
F11,S0,B,C03,F13,S0,B,C03,diff_device_same_challenge,-0.0003548060644059,frozen_lifecycle
F11,S0,B,C03,F14,S0,B,C03,diff_device_same_challenge,-0.0055681304477937,frozen_lifecycle
F11,S0,B,C03,F15,S0,B,C03,diff_device_same_challenge,-0.002202025111669,frozen_lifecycle
F11,S0,B,C04,F11,S0,B,C05,same_device_same_state_diff_challenge,0.0652528381801128,frozen_lifecycle
F11,S0,B,C04,F11,S0,B,C06,same_device_same_state_diff_challenge,-0.1920939659680104,frozen_lifecycle
F11,S0,B,C04,F11,S0,B,C07,same_device_same_state_diff_challenge,-0.2810322579642351,frozen_lifecycle
F11,S0,B,C04,F11,S0,B,C08,same_device_same_state_diff_challenge,-0.3504215289657861,frozen_lifecycle
F11,S0,B,C04,F11,S1,B,C04,same_device_diff_state_same_challenge,-0.0025452809584416,frozen_lifecycle
F11,S0,B,C04,F11,S2,B,C04,same_device_diff_state_same_challenge,0.0029739484034823,frozen_lifecycle
F11,S0,B,C04,F12,S0,B,C04,diff_device_same_challenge,0.0018977607612066,frozen_lifecycle
F11,S0,B,C04,F13,S0,B,C04,diff_device_same_challenge,0.0017571447235345,frozen_lifecycle
F11,S0,B,C04,F14,S0,B,C04,diff_device_same_challenge,-0.0035542664831779,frozen_lifecycle
F11,S0,B,C04,F15,S0,B,C04,diff_device_same_challenge,-0.0059079805204118,frozen_lifecycle
F11,S0,B,C05,F11,S0,B,C06,same_device_same_state_diff_challenge,0.0748436120647348,frozen_lifecycle
F11,S0,B,C05,F11,S0,B,C07,same_device_same_state_diff_challenge,-0.0489043360255997,frozen_lifecycle
F11,S0,B,C05,F11,S0,B,C08,same_device_same_state_diff_challenge,-0.1959784103879437,frozen_lifecycle
F11,S0,B,C05,F11,S1,B,C05,same_device_diff_state_same_challenge,-0.0001230436390142,frozen_lifecycle
F11,S0,B,C05,F11,S2,B,C05,same_device_diff_state_same_challenge,0.0052460561373492,frozen_lifecycle
F11,S0,B,C05,F12,S0,B,C05,diff_device_same_challenge,-0.0063618789850321,frozen_lifecycle
F11,S0,B,C05,F13,S0,B,C05,diff_device_same_challenge,-0.0067949160752522,frozen_lifecycle
F11,S0,B,C05,F14,S0,B,C05,diff_device_same_challenge,0.0008702100845197,frozen_lifecycle
F11,S0,B,C05,F15,S0,B,C05,diff_device_same_challenge,-0.0004429394023992,frozen_lifecycle
F11,S0,B,C06,F11,S0,B,C07,same_device_same_state_diff_challenge,0.1852938228244464,frozen_lifecycle
F11,S0,B,C06,F11,S0,B,C08,same_device_same_state_diff_challenge,0.082899512150465,frozen_lifecycle
F11,S0,B,C06,F11,S1,B,C06,same_device_diff_state_same_challenge,-0.0047571880194203,frozen_lifecycle
F11,S0,B,C06,F11,S2,B,C06,same_device_diff_state_same_challenge,0.0010932660843573,frozen_lifecycle
F11,S0,B,C06,F12,S0,B,C06,diff_device_same_challenge,-0.0006637113314615,frozen_lifecycle
F11,S0,B,C06,F13,S0,B,C06,diff_device_same_challenge,-0.0054085990743614,frozen_lifecycle
F11,S0,B,C06,F14,S0,B,C06,diff_device_same_challenge,-0.0022950127301068,frozen_lifecycle
F11,S0,B,C06,F15,S0,B,C06,diff_device_same_challenge,-0.0014485558151082,frozen_lifecycle
F11,S0,B,C07,F11,S0,B,C08,same_device_same_state_diff_challenge,0.2347768430152974,frozen_lifecycle
F11,S0,B,C07,F11,S1,B,C07,same_device_diff_state_same_challenge,-0.0105299806578376,frozen_lifecycle
F11,S0,B,C07,F11,S2,B,C07,same_device_diff_state_same_challenge,0.0022324348519011,frozen_lifecycle
F11,S0,B,C07,F12,S0,B,C07,diff_device_same_challenge,0.0019014342784499,frozen_lifecycle
F11,S0,B,C07,F13,S0,B,C07,diff_device_same_challenge,0.0101015830300785,frozen_lifecycle
F11,S0,B,C07,F14,S0,B,C07,diff_device_same_challenge,-0.0019274305562172,frozen_lifecycle
F11,S0,B,C07,F15,S0,B,C07,diff_device_same_challenge,-0.000897906102743,frozen_lifecycle
F11,S0,B,C08,F11,S1,B,C08,same_device_diff_state_same_challenge,0.0022002987573908,frozen_lifecycle
F11,S0,B,C08,F11,S2,B,C08,same_device_diff_state_same_challenge,0.0002546120830688,frozen_lifecycle
F11,S0,B,C08,F12,S0,B,C08,diff_device_same_challenge,0.0019249928280278,frozen_lifecycle
F11,S0,B,C08,F13,S0,B,C08,diff_device_same_challenge,0.0060530421338691,frozen_lifecycle
F11,S0,B,C08,F14,S0,B,C08,diff_device_same_challenge,-0.0023868224292579,frozen_lifecycle
F11,S0,B,C08,F15,S0,B,C08,diff_device_same_challenge,-0.0011302943193395,frozen_lifecycle
F11,S1,A,C01,F11,S1,A,C02,same_device_same_state_diff_challenge,0.148471381369076,frozen_lifecycle
F11,S1,A,C01,F11,S1,A,C03,same_device_same_state_diff_challenge,-0.158023105267721,frozen_lifecycle
F11,S1,A,C01,F11,S1,A,C04,same_device_same_state_diff_challenge,-0.1757954601530627,frozen_lifecycle
F11,S1,A,C01,F11,S1,A,C05,same_device_same_state_diff_challenge,-0.2371306034616568,frozen_lifecycle
F11,S1,A,C01,F11,S1,A,C06,same_device_same_state_diff_challenge,-0.227280656213014,frozen_lifecycle
F11,S1,A,C01,F11,S1,A,C07,same_device_same_state_diff_challenge,-0.2002494298024836,frozen_lifecycle
F11,S1,A,C01,F11,S1,A,C08,same_device_same_state_diff_challenge,-0.1871563692579275,frozen_lifecycle
F11,S1,A,C01,F11,S1,B,C01,same_device_same_state_same_challenge,0.6071165870930525,frozen_lifecycle
F11,S1,A,C01,F11,S2,A,C01,same_device_diff_state_same_challenge,0.0027646474523402,frozen_lifecycle
F11,S1,A,C01,F12,S1,A,C01,diff_device_same_challenge,0.00083322404484,frozen_lifecycle
F11,S1,A,C01,F13,S1,A,C01,diff_device_same_challenge,0.0003752568101928,frozen_lifecycle
F11,S1,A,C01,F14,S1,A,C01,diff_device_same_challenge,-0.0028545411009124,frozen_lifecycle
F11,S1,A,C01,F15,S1,A,C01,diff_device_same_challenge,-0.0098297933141598,frozen_lifecycle
F11,S1,A,C02,F11,S1,A,C03,same_device_same_state_diff_challenge,0.0879395017083101,frozen_lifecycle
F11,S1,A,C02,F11,S1,A,C04,same_device_same_state_diff_challenge,-0.0046175192135839,frozen_lifecycle
F11,S1,A,C02,F11,S1,A,C05,same_device_same_state_diff_challenge,-0.3038382499342413,frozen_lifecycle
F11,S1,A,C02,F11,S1,A,C06,same_device_same_state_diff_challenge,-0.3135792933474863,frozen_lifecycle
F11,S1,A,C02,F11,S1,A,C07,same_device_same_state_diff_challenge,-0.2908185757550902,frozen_lifecycle
F11,S1,A,C02,F11,S1,A,C08,same_device_same_state_diff_challenge,-0.2718730961354416,frozen_lifecycle
F11,S1,A,C02,F11,S1,B,C02,same_device_same_state_same_challenge,0.7470946592289704,frozen_lifecycle
F11,S1,A,C02,F11,S2,A,C02,same_device_diff_state_same_challenge,0.0006700315432677,frozen_lifecycle
F11,S1,A,C02,F12,S1,A,C02,diff_device_same_challenge,0.0032878316572371,frozen_lifecycle
F11,S1,A,C02,F13,S1,A,C02,diff_device_same_challenge,0.0034624293032014,frozen_lifecycle
F11,S1,A,C02,F14,S1,A,C02,diff_device_same_challenge,0.0032800414008692,frozen_lifecycle
F11,S1,A,C02,F15,S1,A,C02,diff_device_same_challenge,0.0009051687177165,frozen_lifecycle
F11,S1,A,C03,F11,S1,A,C04,same_device_same_state_diff_challenge,0.3166749396084382,frozen_lifecycle
F11,S1,A,C03,F11,S1,A,C05,same_device_same_state_diff_challenge,-0.2338789964531829,frozen_lifecycle
F11,S1,A,C03,F11,S1,A,C06,same_device_same_state_diff_challenge,-0.2674461408085488,frozen_lifecycle
F11,S1,A,C03,F11,S1,A,C07,same_device_same_state_diff_challenge,-0.3308926101015482,frozen_lifecycle
F11,S1,A,C03,F11,S1,A,C08,same_device_same_state_diff_challenge,-0.3159517799075865,frozen_lifecycle
F11,S1,A,C03,F11,S1,B,C03,same_device_same_state_same_challenge,0.8141442188377961,frozen_lifecycle
F11,S1,A,C03,F11,S2,A,C03,same_device_diff_state_same_challenge,0.0037092984521096,frozen_lifecycle
F11,S1,A,C03,F12,S1,A,C03,diff_device_same_challenge,0.002537414394125,frozen_lifecycle
F11,S1,A,C03,F13,S1,A,C03,diff_device_same_challenge,0.0040687074346911,frozen_lifecycle
F11,S1,A,C03,F14,S1,A,C03,diff_device_same_challenge,0.0093143439556288,frozen_lifecycle
F11,S1,A,C03,F15,S1,A,C03,diff_device_same_challenge,-0.0034286523225834,frozen_lifecycle
F11,S1,A,C04,F11,S1,A,C05,same_device_same_state_diff_challenge,-0.1977912876221212,frozen_lifecycle
F11,S1,A,C04,F11,S1,A,C06,same_device_same_state_diff_challenge,-0.24160299948523,frozen_lifecycle
F11,S1,A,C04,F11,S1,A,C07,same_device_same_state_diff_challenge,-0.3093551962657944,frozen_lifecycle
F11,S1,A,C04,F11,S1,A,C08,same_device_same_state_diff_challenge,-0.3029915846697252,frozen_lifecycle
F11,S1,A,C04,F11,S1,B,C04,same_device_same_state_same_challenge,0.4789121339590484,frozen_lifecycle
F11,S1,A,C04,F11,S2,A,C04,same_device_diff_state_same_challenge,0.0006714447324428,frozen_lifecycle
F11,S1,A,C04,F12,S1,A,C04,diff_device_same_challenge,-0.0011451280244172,frozen_lifecycle
F11,S1,A,C04,F13,S1,A,C04,diff_device_same_challenge,6.192008684401611e-05,frozen_lifecycle
F11,S1,A,C04,F14,S1,A,C04,diff_device_same_challenge,0.0048759023732521,frozen_lifecycle
F11,S1,A,C04,F15,S1,A,C04,diff_device_same_challenge,0.0004723928678944,frozen_lifecycle
F11,S1,A,C05,F11,S1,A,C06,same_device_same_state_diff_challenge,0.3810007526677574,frozen_lifecycle
F11,S1,A,C05,F11,S1,A,C07,same_device_same_state_diff_challenge,-0.1782359999513116,frozen_lifecycle
F11,S1,A,C05,F11,S1,A,C08,same_device_same_state_diff_challenge,-0.1822009331698774,frozen_lifecycle
F11,S1,A,C05,F11,S1,B,C05,same_device_same_state_same_challenge,0.4343248303340503,frozen_lifecycle
F11,S1,A,C05,F11,S2,A,C05,same_device_diff_state_same_challenge,0.0118006323931854,frozen_lifecycle
F11,S1,A,C05,F12,S1,A,C05,diff_device_same_challenge,0.0039278719147667,frozen_lifecycle
F11,S1,A,C05,F13,S1,A,C05,diff_device_same_challenge,-0.0003379495999801,frozen_lifecycle
F11,S1,A,C05,F14,S1,A,C05,diff_device_same_challenge,0.0020904308146141,frozen_lifecycle
F11,S1,A,C05,F15,S1,A,C05,diff_device_same_challenge,-0.0007604913597592,frozen_lifecycle
F11,S1,A,C06,F11,S1,A,C07,same_device_same_state_diff_challenge,-0.1457544661600197,frozen_lifecycle
F11,S1,A,C06,F11,S1,A,C08,same_device_same_state_diff_challenge,-0.1804314932794635,frozen_lifecycle
F11,S1,A,C06,F11,S1,B,C06,same_device_same_state_same_challenge,0.3509544005615717,frozen_lifecycle
F11,S1,A,C06,F11,S2,A,C06,same_device_diff_state_same_challenge,-0.003479152893165,frozen_lifecycle
F11,S1,A,C06,F12,S1,A,C06,diff_device_same_challenge,0.0084166956941024,frozen_lifecycle
F11,S1,A,C06,F13,S1,A,C06,diff_device_same_challenge,0.0019175719444999,frozen_lifecycle
F11,S1,A,C06,F14,S1,A,C06,diff_device_same_challenge,0.0002397630504955,frozen_lifecycle
F11,S1,A,C06,F15,S1,A,C06,diff_device_same_challenge,0.0016996018920596,frozen_lifecycle
F11,S1,A,C07,F11,S1,A,C08,same_device_same_state_diff_challenge,0.3359894495249393,frozen_lifecycle
F11,S1,A,C07,F11,S1,B,C07,same_device_same_state_same_challenge,0.7950306146929635,frozen_lifecycle
F11,S1,A,C07,F11,S2,A,C07,same_device_diff_state_same_challenge,0.0036536360162434,frozen_lifecycle
F11,S1,A,C07,F12,S1,A,C07,diff_device_same_challenge,0.0005949733796236,frozen_lifecycle
F11,S1,A,C07,F13,S1,A,C07,diff_device_same_challenge,-0.002238945156496,frozen_lifecycle
F11,S1,A,C07,F14,S1,A,C07,diff_device_same_challenge,-0.0028622451994216,frozen_lifecycle
F11,S1,A,C07,F15,S1,A,C07,diff_device_same_challenge,-0.0043099375802428,frozen_lifecycle
F11,S1,A,C08,F11,S1,B,C08,same_device_same_state_same_challenge,0.8341035490142358,frozen_lifecycle
F11,S1,A,C08,F11,S2,A,C08,same_device_diff_state_same_challenge,0.0062024919660544,frozen_lifecycle
F11,S1,A,C08,F12,S1,A,C08,diff_device_same_challenge,0.0007460766361793,frozen_lifecycle
F11,S1,A,C08,F13,S1,A,C08,diff_device_same_challenge,0.0033088343694224,frozen_lifecycle
F11,S1,A,C08,F14,S1,A,C08,diff_device_same_challenge,0.0072288224395279,frozen_lifecycle
F11,S1,A,C08,F15,S1,A,C08,diff_device_same_challenge,0.0017360442112766,frozen_lifecycle
F11,S1,B,C01,F11,S1,B,C02,same_device_same_state_diff_challenge,0.2662650951249868,frozen_lifecycle
F11,S1,B,C01,F11,S1,B,C03,same_device_same_state_diff_challenge,-0.0403094036061238,frozen_lifecycle
F11,S1,B,C01,F11,S1,B,C04,same_device_same_state_diff_challenge,-0.1801157671373973,frozen_lifecycle
F11,S1,B,C01,F11,S1,B,C05,same_device_same_state_diff_challenge,-0.2296937390334369,frozen_lifecycle
F11,S1,B,C01,F11,S1,B,C06,same_device_same_state_diff_challenge,-0.2506412045686371,frozen_lifecycle
F11,S1,B,C01,F11,S1,B,C07,same_device_same_state_diff_challenge,-0.2800187738403861,frozen_lifecycle
F11,S1,B,C01,F11,S1,B,C08,same_device_same_state_diff_challenge,-0.2457322526552539,frozen_lifecycle
F11,S1,B,C01,F11,S2,B,C01,same_device_diff_state_same_challenge,0.0083689333102567,frozen_lifecycle
F11,S1,B,C01,F12,S1,B,C01,diff_device_same_challenge,-0.0010680223198469,frozen_lifecycle
F11,S1,B,C01,F13,S1,B,C01,diff_device_same_challenge,-0.0018728908965599,frozen_lifecycle
F11,S1,B,C01,F14,S1,B,C01,diff_device_same_challenge,-0.0021435264359471,frozen_lifecycle
F11,S1,B,C01,F15,S1,B,C01,diff_device_same_challenge,-0.003318974226437,frozen_lifecycle
F11,S1,B,C02,F11,S1,B,C03,same_device_same_state_diff_challenge,-0.0802506238951792,frozen_lifecycle
F11,S1,B,C02,F11,S1,B,C04,same_device_same_state_diff_challenge,-0.2173814654440691,frozen_lifecycle
F11,S1,B,C02,F11,S1,B,C05,same_device_same_state_diff_challenge,-0.2087728032307887,frozen_lifecycle
F11,S1,B,C02,F11,S1,B,C06,same_device_same_state_diff_challenge,-0.240730343448955,frozen_lifecycle
F11,S1,B,C02,F11,S1,B,C07,same_device_same_state_diff_challenge,-0.2679675939716938,frozen_lifecycle
F11,S1,B,C02,F11,S1,B,C08,same_device_same_state_diff_challenge,-0.2261509301350448,frozen_lifecycle
F11,S1,B,C02,F11,S2,B,C02,same_device_diff_state_same_challenge,-0.0005868685383434,frozen_lifecycle
F11,S1,B,C02,F12,S1,B,C02,diff_device_same_challenge,0.0014192972038764,frozen_lifecycle
F11,S1,B,C02,F13,S1,B,C02,diff_device_same_challenge,0.0087932976442297,frozen_lifecycle
F11,S1,B,C02,F14,S1,B,C02,diff_device_same_challenge,0.0007475475247484,frozen_lifecycle
F11,S1,B,C02,F15,S1,B,C02,diff_device_same_challenge,-0.0021496915184651,frozen_lifecycle
F11,S1,B,C03,F11,S1,B,C04,same_device_same_state_diff_challenge,0.1849644706530757,frozen_lifecycle
F11,S1,B,C03,F11,S1,B,C05,same_device_same_state_diff_challenge,-0.0355539370306557,frozen_lifecycle
F11,S1,B,C03,F11,S1,B,C06,same_device_same_state_diff_challenge,-0.2812020376263666,frozen_lifecycle
F11,S1,B,C03,F11,S1,B,C07,same_device_same_state_diff_challenge,-0.3362055531204531,frozen_lifecycle
F11,S1,B,C03,F11,S1,B,C08,same_device_same_state_diff_challenge,-0.2963696966414233,frozen_lifecycle
F11,S1,B,C03,F11,S2,B,C03,same_device_diff_state_same_challenge,0.0026370165193863,frozen_lifecycle
F11,S1,B,C03,F12,S1,B,C03,diff_device_same_challenge,0.0028624425622248,frozen_lifecycle
F11,S1,B,C03,F13,S1,B,C03,diff_device_same_challenge,0.0018945888026896,frozen_lifecycle
F11,S1,B,C03,F14,S1,B,C03,diff_device_same_challenge,0.0083563249001542,frozen_lifecycle
F11,S1,B,C03,F15,S1,B,C03,diff_device_same_challenge,0.0004408636174841,frozen_lifecycle
F11,S1,B,C04,F11,S1,B,C05,same_device_same_state_diff_challenge,0.1458187091823524,frozen_lifecycle
F11,S1,B,C04,F11,S1,B,C06,same_device_same_state_diff_challenge,-0.2494739258256529,frozen_lifecycle
F11,S1,B,C04,F11,S1,B,C07,same_device_same_state_diff_challenge,-0.3043200271312429,frozen_lifecycle
F11,S1,B,C04,F11,S1,B,C08,same_device_same_state_diff_challenge,-0.2677084298360215,frozen_lifecycle
F11,S1,B,C04,F11,S2,B,C04,same_device_diff_state_same_challenge,0.0038736270877262,frozen_lifecycle
F11,S1,B,C04,F12,S1,B,C04,diff_device_same_challenge,-0.0024497948484946,frozen_lifecycle
F11,S1,B,C04,F13,S1,B,C04,diff_device_same_challenge,0.0006399498029123,frozen_lifecycle
F11,S1,B,C04,F14,S1,B,C04,diff_device_same_challenge,0.0032965278801488,frozen_lifecycle
F11,S1,B,C04,F15,S1,B,C04,diff_device_same_challenge,0.0061774090036003,frozen_lifecycle
F11,S1,B,C05,F11,S1,B,C06,same_device_same_state_diff_challenge,-0.1628318036625222,frozen_lifecycle
F11,S1,B,C05,F11,S1,B,C07,same_device_same_state_diff_challenge,-0.2431314347633484,frozen_lifecycle
F11,S1,B,C05,F11,S1,B,C08,same_device_same_state_diff_challenge,-0.2046570520596087,frozen_lifecycle
F11,S1,B,C05,F11,S2,B,C05,same_device_diff_state_same_challenge,5.3469686645943215e-05,frozen_lifecycle
F11,S1,B,C05,F12,S1,B,C05,diff_device_same_challenge,-0.0043653101740505,frozen_lifecycle
F11,S1,B,C05,F13,S1,B,C05,diff_device_same_challenge,0.0050964720258525,frozen_lifecycle
F11,S1,B,C05,F14,S1,B,C05,diff_device_same_challenge,-0.0037421762263987,frozen_lifecycle
F11,S1,B,C05,F15,S1,B,C05,diff_device_same_challenge,0.0018763967389719,frozen_lifecycle
F11,S1,B,C06,F11,S1,B,C07,same_device_same_state_diff_challenge,0.1600009580904298,frozen_lifecycle
F11,S1,B,C06,F11,S1,B,C08,same_device_same_state_diff_challenge,-0.0649162492603699,frozen_lifecycle
F11,S1,B,C06,F11,S2,B,C06,same_device_diff_state_same_challenge,0.0038080593643426,frozen_lifecycle
F11,S1,B,C06,F12,S1,B,C06,diff_device_same_challenge,0.0032878430777927,frozen_lifecycle
F11,S1,B,C06,F13,S1,B,C06,diff_device_same_challenge,-0.0021284746118771,frozen_lifecycle
F11,S1,B,C06,F14,S1,B,C06,diff_device_same_challenge,-0.0005366350246058,frozen_lifecycle
F11,S1,B,C06,F15,S1,B,C06,diff_device_same_challenge,-0.0016592478012512,frozen_lifecycle
F11,S1,B,C07,F11,S1,B,C08,same_device_same_state_diff_challenge,0.1740863880500177,frozen_lifecycle
F11,S1,B,C07,F11,S2,B,C07,same_device_diff_state_same_challenge,-0.0015148952457886,frozen_lifecycle
F11,S1,B,C07,F12,S1,B,C07,diff_device_same_challenge,-0.0025578344708929,frozen_lifecycle
F11,S1,B,C07,F13,S1,B,C07,diff_device_same_challenge,0.0002876453945564,frozen_lifecycle
F11,S1,B,C07,F14,S1,B,C07,diff_device_same_challenge,0.0010036002960219,frozen_lifecycle
F11,S1,B,C07,F15,S1,B,C07,diff_device_same_challenge,-0.0022198805450416,frozen_lifecycle
F11,S1,B,C08,F11,S2,B,C08,same_device_diff_state_same_challenge,0.0062302136584071,frozen_lifecycle
F11,S1,B,C08,F12,S1,B,C08,diff_device_same_challenge,0.0042429854991326,frozen_lifecycle
F11,S1,B,C08,F13,S1,B,C08,diff_device_same_challenge,0.0002994207667242,frozen_lifecycle
F11,S1,B,C08,F14,S1,B,C08,diff_device_same_challenge,0.0045976490366935,frozen_lifecycle
F11,S1,B,C08,F15,S1,B,C08,diff_device_same_challenge,0.004399963511062,frozen_lifecycle
F11,S2,A,C01,F11,S2,A,C02,same_device_same_state_diff_challenge,0.1310383401822651,frozen_lifecycle
F11,S2,A,C01,F11,S2,A,C03,same_device_same_state_diff_challenge,-0.0628619235282702,frozen_lifecycle
F11,S2,A,C01,F11,S2,A,C04,same_device_same_state_diff_challenge,-0.1191648019179928,frozen_lifecycle
F11,S2,A,C01,F11,S2,A,C05,same_device_same_state_diff_challenge,-0.1551562046863617,frozen_lifecycle
F11,S2,A,C01,F11,S2,A,C06,same_device_same_state_diff_challenge,-0.2431564029063093,frozen_lifecycle
F11,S2,A,C01,F11,S2,A,C07,same_device_same_state_diff_challenge,-0.2673328571425722,frozen_lifecycle
F11,S2,A,C01,F11,S2,A,C08,same_device_same_state_diff_challenge,-0.2539907513703818,frozen_lifecycle
F11,S2,A,C01,F11,S2,B,C01,same_device_same_state_same_challenge,0.4494138996643454,frozen_lifecycle
F11,S2,A,C01,F12,S2,A,C01,diff_device_same_challenge,-0.0020840880444639,frozen_lifecycle
F11,S2,A,C01,F13,S2,A,C01,diff_device_same_challenge,-0.0008894988319928,frozen_lifecycle
F11,S2,A,C01,F14,S2,A,C01,diff_device_same_challenge,0.002431250559492,frozen_lifecycle
F11,S2,A,C01,F15,S2,A,C01,diff_device_same_challenge,0.0100778735576794,frozen_lifecycle
F11,S2,A,C02,F11,S2,A,C03,same_device_same_state_diff_challenge,-0.1403083957704933,frozen_lifecycle
F11,S2,A,C02,F11,S2,A,C04,same_device_same_state_diff_challenge,-0.2734332791887978,frozen_lifecycle
F11,S2,A,C02,F11,S2,A,C05,same_device_same_state_diff_challenge,-0.2081680008405493,frozen_lifecycle
F11,S2,A,C02,F11,S2,A,C06,same_device_same_state_diff_challenge,-0.1225779026226472,frozen_lifecycle
F11,S2,A,C02,F11,S2,A,C07,same_device_same_state_diff_challenge,-0.1262605557816228,frozen_lifecycle
F11,S2,A,C02,F11,S2,A,C08,same_device_same_state_diff_challenge,-0.223639323995472,frozen_lifecycle
F11,S2,A,C02,F11,S2,B,C02,same_device_same_state_same_challenge,0.7057027861567048,frozen_lifecycle
F11,S2,A,C02,F12,S2,A,C02,diff_device_same_challenge,0.0013641014656882,frozen_lifecycle
F11,S2,A,C02,F13,S2,A,C02,diff_device_same_challenge,-0.0036896995906552,frozen_lifecycle
F11,S2,A,C02,F14,S2,A,C02,diff_device_same_challenge,0.001125887892793,frozen_lifecycle
F11,S2,A,C02,F15,S2,A,C02,diff_device_same_challenge,-0.0001946673913087,frozen_lifecycle
F11,S2,A,C03,F11,S2,A,C04,same_device_same_state_diff_challenge,0.1766415968471892,frozen_lifecycle
F11,S2,A,C03,F11,S2,A,C05,same_device_same_state_diff_challenge,0.1312389198861865,frozen_lifecycle
F11,S2,A,C03,F11,S2,A,C06,same_device_same_state_diff_challenge,-0.3968631905252012,frozen_lifecycle
F11,S2,A,C03,F11,S2,A,C07,same_device_same_state_diff_challenge,-0.3574759993621722,frozen_lifecycle
F11,S2,A,C03,F11,S2,A,C08,same_device_same_state_diff_challenge,-0.3530942935123567,frozen_lifecycle
F11,S2,A,C03,F11,S2,B,C03,same_device_same_state_same_challenge,0.8658798427156994,frozen_lifecycle
F11,S2,A,C03,F12,S2,A,C03,diff_device_same_challenge,0.0026984276660238,frozen_lifecycle
F11,S2,A,C03,F13,S2,A,C03,diff_device_same_challenge,0.0029191218083901,frozen_lifecycle
F11,S2,A,C03,F14,S2,A,C03,diff_device_same_challenge,0.0008062429391296,frozen_lifecycle
F11,S2,A,C03,F15,S2,A,C03,diff_device_same_challenge,-0.0003832866167871,frozen_lifecycle
F11,S2,A,C04,F11,S2,A,C05,same_device_same_state_diff_challenge,0.1704109080431657,frozen_lifecycle
F11,S2,A,C04,F11,S2,A,C06,same_device_same_state_diff_challenge,-0.3789063904471642,frozen_lifecycle
F11,S2,A,C04,F11,S2,A,C07,same_device_same_state_diff_challenge,-0.3668150546219697,frozen_lifecycle
F11,S2,A,C04,F11,S2,A,C08,same_device_same_state_diff_challenge,-0.2797453072845123,frozen_lifecycle
F11,S2,A,C04,F11,S2,B,C04,same_device_same_state_same_challenge,0.4718957559946706,frozen_lifecycle
F11,S2,A,C04,F12,S2,A,C04,diff_device_same_challenge,0.005618805022548,frozen_lifecycle
F11,S2,A,C04,F13,S2,A,C04,diff_device_same_challenge,0.0032392849940234,frozen_lifecycle
F11,S2,A,C04,F14,S2,A,C04,diff_device_same_challenge,-0.00353929368717,frozen_lifecycle
F11,S2,A,C04,F15,S2,A,C04,diff_device_same_challenge,0.0027376170061979,frozen_lifecycle
F11,S2,A,C05,F11,S2,A,C06,same_device_same_state_diff_challenge,-0.3255442691165688,frozen_lifecycle
F11,S2,A,C05,F11,S2,A,C07,same_device_same_state_diff_challenge,-0.2533660703705732,frozen_lifecycle
F11,S2,A,C05,F11,S2,A,C08,same_device_same_state_diff_challenge,-0.3172674211745693,frozen_lifecycle
F11,S2,A,C05,F11,S2,B,C05,same_device_same_state_same_challenge,0.2895461108169898,frozen_lifecycle
F11,S2,A,C05,F12,S2,A,C05,diff_device_same_challenge,0.0044439041203845,frozen_lifecycle
F11,S2,A,C05,F13,S2,A,C05,diff_device_same_challenge,0.0026035135598667,frozen_lifecycle
F11,S2,A,C05,F14,S2,A,C05,diff_device_same_challenge,-0.0002154837017796,frozen_lifecycle
F11,S2,A,C05,F15,S2,A,C05,diff_device_same_challenge,0.0088010318663398,frozen_lifecycle
F11,S2,A,C06,F11,S2,A,C07,same_device_same_state_diff_challenge,0.3079265961662937,frozen_lifecycle
F11,S2,A,C06,F11,S2,A,C08,same_device_same_state_diff_challenge,0.1850074414776478,frozen_lifecycle
F11,S2,A,C06,F11,S2,B,C06,same_device_same_state_same_challenge,0.8321594503593497,frozen_lifecycle
F11,S2,A,C06,F12,S2,A,C06,diff_device_same_challenge,-0.004629154646926,frozen_lifecycle
F11,S2,A,C06,F13,S2,A,C06,diff_device_same_challenge,-0.0010265655039877,frozen_lifecycle
F11,S2,A,C06,F14,S2,A,C06,diff_device_same_challenge,0.0075345273939094,frozen_lifecycle
F11,S2,A,C06,F15,S2,A,C06,diff_device_same_challenge,-0.0107810073805754,frozen_lifecycle
F11,S2,A,C07,F11,S2,A,C08,same_device_same_state_diff_challenge,0.1361979188700906,frozen_lifecycle
F11,S2,A,C07,F11,S2,B,C07,same_device_same_state_same_challenge,0.6199774818964001,frozen_lifecycle
F11,S2,A,C07,F12,S2,A,C07,diff_device_same_challenge,0.0002324325198833,frozen_lifecycle
F11,S2,A,C07,F13,S2,A,C07,diff_device_same_challenge,-0.0016812226284228,frozen_lifecycle
F11,S2,A,C07,F14,S2,A,C07,diff_device_same_challenge,0.0060711639465968,frozen_lifecycle
F11,S2,A,C07,F15,S2,A,C07,diff_device_same_challenge,0.0028231690449677,frozen_lifecycle
F11,S2,A,C08,F11,S2,B,C08,same_device_same_state_same_challenge,0.8988464760912397,frozen_lifecycle
F11,S2,A,C08,F12,S2,A,C08,diff_device_same_challenge,0.0012774526757431,frozen_lifecycle
F11,S2,A,C08,F13,S2,A,C08,diff_device_same_challenge,0.0030147873988204,frozen_lifecycle
F11,S2,A,C08,F14,S2,A,C08,diff_device_same_challenge,-0.0047266322152,frozen_lifecycle
F11,S2,A,C08,F15,S2,A,C08,diff_device_same_challenge,0.0003904292659773,frozen_lifecycle
F11,S2,B,C01,F11,S2,B,C02,same_device_same_state_diff_challenge,-0.0326221068577575,frozen_lifecycle
F11,S2,B,C01,F11,S2,B,C03,same_device_same_state_diff_challenge,-0.1992253129382957,frozen_lifecycle
F11,S2,B,C01,F11,S2,B,C04,same_device_same_state_diff_challenge,-0.2348486257872223,frozen_lifecycle
F11,S2,B,C01,F11,S2,B,C05,same_device_same_state_diff_challenge,-0.206738825421478,frozen_lifecycle
F11,S2,B,C01,F11,S2,B,C06,same_device_same_state_diff_challenge,-0.1656851871952117,frozen_lifecycle
F11,S2,B,C01,F11,S2,B,C07,same_device_same_state_diff_challenge,-0.1322514587576116,frozen_lifecycle
F11,S2,B,C01,F11,S2,B,C08,same_device_same_state_diff_challenge,-0.1346924374418444,frozen_lifecycle
F11,S2,B,C01,F12,S2,B,C01,diff_device_same_challenge,0.0002353256871066,frozen_lifecycle
F11,S2,B,C01,F13,S2,B,C01,diff_device_same_challenge,-0.0015362992177972,frozen_lifecycle
F11,S2,B,C01,F14,S2,B,C01,diff_device_same_challenge,-0.0019016302886009,frozen_lifecycle
F11,S2,B,C01,F15,S2,B,C01,diff_device_same_challenge,-0.0039778353260922,frozen_lifecycle
F11,S2,B,C02,F11,S2,B,C03,same_device_same_state_diff_challenge,0.0423602984094367,frozen_lifecycle
F11,S2,B,C02,F11,S2,B,C04,same_device_same_state_diff_challenge,-0.0246553479043363,frozen_lifecycle
F11,S2,B,C02,F11,S2,B,C05,same_device_same_state_diff_challenge,-0.0628680017645588,frozen_lifecycle
F11,S2,B,C02,F11,S2,B,C06,same_device_same_state_diff_challenge,-0.2305062669900353,frozen_lifecycle
F11,S2,B,C02,F11,S2,B,C07,same_device_same_state_diff_challenge,-0.3493732496193174,frozen_lifecycle
F11,S2,B,C02,F11,S2,B,C08,same_device_same_state_diff_challenge,-0.3289480705865653,frozen_lifecycle
F11,S2,B,C02,F12,S2,B,C02,diff_device_same_challenge,-0.0048445012859698,frozen_lifecycle
F11,S2,B,C02,F13,S2,B,C02,diff_device_same_challenge,-0.0032829432710917,frozen_lifecycle
F11,S2,B,C02,F14,S2,B,C02,diff_device_same_challenge,0.0006494675464388,frozen_lifecycle
F11,S2,B,C02,F15,S2,B,C02,diff_device_same_challenge,-0.004342163197616,frozen_lifecycle
F11,S2,B,C03,F11,S2,B,C04,same_device_same_state_diff_challenge,0.2853060906395961,frozen_lifecycle
F11,S2,B,C03,F11,S2,B,C05,same_device_same_state_diff_challenge,-0.1329951465981513,frozen_lifecycle
F11,S2,B,C03,F11,S2,B,C06,same_device_same_state_diff_challenge,-0.367128787161947,frozen_lifecycle
F11,S2,B,C03,F11,S2,B,C07,same_device_same_state_diff_challenge,-0.3976200274471739,frozen_lifecycle
F11,S2,B,C03,F11,S2,B,C08,same_device_same_state_diff_challenge,-0.3054929320149612,frozen_lifecycle
F11,S2,B,C03,F12,S2,B,C03,diff_device_same_challenge,0.0032171926225485,frozen_lifecycle
F11,S2,B,C03,F13,S2,B,C03,diff_device_same_challenge,0.0011456293901541,frozen_lifecycle
F11,S2,B,C03,F14,S2,B,C03,diff_device_same_challenge,0.0006940598266874,frozen_lifecycle
F11,S2,B,C03,F15,S2,B,C03,diff_device_same_challenge,0.0008601283640006,frozen_lifecycle
F11,S2,B,C04,F11,S2,B,C05,same_device_same_state_diff_challenge,0.0290877640162023,frozen_lifecycle
F11,S2,B,C04,F11,S2,B,C06,same_device_same_state_diff_challenge,-0.2977294315063059,frozen_lifecycle
F11,S2,B,C04,F11,S2,B,C07,same_device_same_state_diff_challenge,-0.3931650412993129,frozen_lifecycle
F11,S2,B,C04,F11,S2,B,C08,same_device_same_state_diff_challenge,-0.3392325388068096,frozen_lifecycle
F11,S2,B,C04,F12,S2,B,C04,diff_device_same_challenge,0.004338160499175,frozen_lifecycle
F11,S2,B,C04,F13,S2,B,C04,diff_device_same_challenge,-0.001096344998553,frozen_lifecycle
F11,S2,B,C04,F14,S2,B,C04,diff_device_same_challenge,0.0029172814061955,frozen_lifecycle
F11,S2,B,C04,F15,S2,B,C04,diff_device_same_challenge,0.0026626650612742,frozen_lifecycle
F11,S2,B,C05,F11,S2,B,C06,same_device_same_state_diff_challenge,0.0087610205838268,frozen_lifecycle
F11,S2,B,C05,F11,S2,B,C07,same_device_same_state_diff_challenge,-0.1793409964611115,frozen_lifecycle
F11,S2,B,C05,F11,S2,B,C08,same_device_same_state_diff_challenge,-0.2868523173119921,frozen_lifecycle
F11,S2,B,C05,F12,S2,B,C05,diff_device_same_challenge,-0.0022455292787512,frozen_lifecycle
F11,S2,B,C05,F13,S2,B,C05,diff_device_same_challenge,0.0060767485009328,frozen_lifecycle
F11,S2,B,C05,F14,S2,B,C05,diff_device_same_challenge,0.0007605731077888,frozen_lifecycle
F11,S2,B,C05,F15,S2,B,C05,diff_device_same_challenge,-0.0018357320400159,frozen_lifecycle
F11,S2,B,C06,F11,S2,B,C07,same_device_same_state_diff_challenge,0.1725689261836345,frozen_lifecycle
F11,S2,B,C06,F11,S2,B,C08,same_device_same_state_diff_challenge,-0.0071747270141401,frozen_lifecycle
F11,S2,B,C06,F12,S2,B,C06,diff_device_same_challenge,-0.0014990132205898,frozen_lifecycle
F11,S2,B,C06,F13,S2,B,C06,diff_device_same_challenge,-0.0005849211068184,frozen_lifecycle
F11,S2,B,C06,F14,S2,B,C06,diff_device_same_challenge,0.0083090056783768,frozen_lifecycle
F11,S2,B,C06,F15,S2,B,C06,diff_device_same_challenge,-0.0054010642950355,frozen_lifecycle
F11,S2,B,C07,F11,S2,B,C08,same_device_same_state_diff_challenge,0.2985688180157356,frozen_lifecycle
F11,S2,B,C07,F12,S2,B,C07,diff_device_same_challenge,0.0013675232717503,frozen_lifecycle
F11,S2,B,C07,F13,S2,B,C07,diff_device_same_challenge,0.0010728359360443,frozen_lifecycle
F11,S2,B,C07,F14,S2,B,C07,diff_device_same_challenge,0.0049660921894908,frozen_lifecycle
F11,S2,B,C07,F15,S2,B,C07,diff_device_same_challenge,0.0041346400898135,frozen_lifecycle
F11,S2,B,C08,F12,S2,B,C08,diff_device_same_challenge,-0.0058808405101662,frozen_lifecycle
F11,S2,B,C08,F13,S2,B,C08,diff_device_same_challenge,-0.0012390864955333,frozen_lifecycle
F11,S2,B,C08,F14,S2,B,C08,diff_device_same_challenge,-0.0036584462538974,frozen_lifecycle
F11,S2,B,C08,F15,S2,B,C08,diff_device_same_challenge,-0.0015961867909696,frozen_lifecycle
F12,S0,A,C01,F12,S0,A,C02,same_device_same_state_diff_challenge,0.0469135491417088,frozen_lifecycle
F12,S0,A,C01,F12,S0,A,C03,same_device_same_state_diff_challenge,-0.0553597119633185,frozen_lifecycle
F12,S0,A,C01,F12,S0,A,C04,same_device_same_state_diff_challenge,-0.2740857277317298,frozen_lifecycle
F12,S0,A,C01,F12,S0,A,C05,same_device_same_state_diff_challenge,-0.3232142911843365,frozen_lifecycle
F12,S0,A,C01,F12,S0,A,C06,same_device_same_state_diff_challenge,-0.277142345560442,frozen_lifecycle
F12,S0,A,C01,F12,S0,A,C07,same_device_same_state_diff_challenge,-0.1595595239272293,frozen_lifecycle
F12,S0,A,C01,F12,S0,A,C08,same_device_same_state_diff_challenge,-0.1123281211898325,frozen_lifecycle
F12,S0,A,C01,F12,S0,B,C01,same_device_same_state_same_challenge,0.2625944463828897,frozen_lifecycle
F12,S0,A,C01,F12,S1,A,C01,same_device_diff_state_same_challenge,-0.0041674603981461,frozen_lifecycle
F12,S0,A,C01,F12,S2,A,C01,same_device_diff_state_same_challenge,-0.0051838939870978,frozen_lifecycle
F12,S0,A,C01,F13,S0,A,C01,diff_device_same_challenge,0.0064641928056633,frozen_lifecycle
F12,S0,A,C01,F14,S0,A,C01,diff_device_same_challenge,-0.0041607871702756,frozen_lifecycle
F12,S0,A,C01,F15,S0,A,C01,diff_device_same_challenge,0.0032766752489041,frozen_lifecycle
F12,S0,A,C02,F12,S0,A,C03,same_device_same_state_diff_challenge,0.0887258225759666,frozen_lifecycle
F12,S0,A,C02,F12,S0,A,C04,same_device_same_state_diff_challenge,-0.255110557619345,frozen_lifecycle
F12,S0,A,C02,F12,S0,A,C05,same_device_same_state_diff_challenge,-0.3031442128066943,frozen_lifecycle
F12,S0,A,C02,F12,S0,A,C06,same_device_same_state_diff_challenge,-0.3155229959516989,frozen_lifecycle
F12,S0,A,C02,F12,S0,A,C07,same_device_same_state_diff_challenge,-0.1455546685865707,frozen_lifecycle
F12,S0,A,C02,F12,S0,A,C08,same_device_same_state_diff_challenge,-0.1889267603986729,frozen_lifecycle
F12,S0,A,C02,F12,S0,B,C02,same_device_same_state_same_challenge,0.356599913745804,frozen_lifecycle
F12,S0,A,C02,F12,S1,A,C02,same_device_diff_state_same_challenge,-1.867744171304661e-05,frozen_lifecycle
F12,S0,A,C02,F12,S2,A,C02,same_device_diff_state_same_challenge,0.0094377856426425,frozen_lifecycle
F12,S0,A,C02,F13,S0,A,C02,diff_device_same_challenge,0.006237895827873,frozen_lifecycle
F12,S0,A,C02,F14,S0,A,C02,diff_device_same_challenge,0.0061793017981939,frozen_lifecycle
F12,S0,A,C02,F15,S0,A,C02,diff_device_same_challenge,-0.0018436179066528,frozen_lifecycle
F12,S0,A,C03,F12,S0,A,C04,same_device_same_state_diff_challenge,-0.2697282440933459,frozen_lifecycle
F12,S0,A,C03,F12,S0,A,C05,same_device_same_state_diff_challenge,-0.3309681612996216,frozen_lifecycle
F12,S0,A,C03,F12,S0,A,C06,same_device_same_state_diff_challenge,-0.3049390718980034,frozen_lifecycle
F12,S0,A,C03,F12,S0,A,C07,same_device_same_state_diff_challenge,-0.1308241439226873,frozen_lifecycle
F12,S0,A,C03,F12,S0,A,C08,same_device_same_state_diff_challenge,-0.0368152535463522,frozen_lifecycle
F12,S0,A,C03,F12,S0,B,C03,same_device_same_state_same_challenge,0.1768931526833264,frozen_lifecycle
F12,S0,A,C03,F12,S1,A,C03,same_device_diff_state_same_challenge,0.0048363393760277,frozen_lifecycle
F12,S0,A,C03,F12,S2,A,C03,same_device_diff_state_same_challenge,-0.0050824477354901,frozen_lifecycle
F12,S0,A,C03,F13,S0,A,C03,diff_device_same_challenge,-0.0018073670733279,frozen_lifecycle
F12,S0,A,C03,F14,S0,A,C03,diff_device_same_challenge,0.0047971740175778,frozen_lifecycle
F12,S0,A,C03,F15,S0,A,C03,diff_device_same_challenge,-0.0001743914755384,frozen_lifecycle
F12,S0,A,C04,F12,S0,A,C05,same_device_same_state_diff_challenge,0.284714725879828,frozen_lifecycle
F12,S0,A,C04,F12,S0,A,C06,same_device_same_state_diff_challenge,0.0654190280206688,frozen_lifecycle
F12,S0,A,C04,F12,S0,A,C07,same_device_same_state_diff_challenge,-0.2403864390518573,frozen_lifecycle
F12,S0,A,C04,F12,S0,A,C08,same_device_same_state_diff_challenge,-0.2307015108465716,frozen_lifecycle
F12,S0,A,C04,F12,S0,B,C04,same_device_same_state_same_challenge,0.6387013516082867,frozen_lifecycle
F12,S0,A,C04,F12,S1,A,C04,same_device_diff_state_same_challenge,0.0023315023665019,frozen_lifecycle
F12,S0,A,C04,F12,S2,A,C04,same_device_diff_state_same_challenge,0.0022836684343126,frozen_lifecycle
F12,S0,A,C04,F13,S0,A,C04,diff_device_same_challenge,0.0007843263067931,frozen_lifecycle
F12,S0,A,C04,F14,S0,A,C04,diff_device_same_challenge,-0.0006715822770198,frozen_lifecycle
F12,S0,A,C04,F15,S0,A,C04,diff_device_same_challenge,0.0064229917375143,frozen_lifecycle
F12,S0,A,C05,F12,S0,A,C06,same_device_same_state_diff_challenge,0.1843787871126419,frozen_lifecycle
F12,S0,A,C05,F12,S0,A,C07,same_device_same_state_diff_challenge,-0.1862683044789895,frozen_lifecycle
F12,S0,A,C05,F12,S0,A,C08,same_device_same_state_diff_challenge,-0.2262393402419753,frozen_lifecycle
F12,S0,A,C05,F12,S0,B,C05,same_device_same_state_same_challenge,0.4180051886792364,frozen_lifecycle
F12,S0,A,C05,F12,S1,A,C05,same_device_diff_state_same_challenge,0.0037725404106543,frozen_lifecycle
F12,S0,A,C05,F12,S2,A,C05,same_device_diff_state_same_challenge,0.0002974767916529,frozen_lifecycle
F12,S0,A,C05,F13,S0,A,C05,diff_device_same_challenge,0.0039470599762343,frozen_lifecycle
F12,S0,A,C05,F14,S0,A,C05,diff_device_same_challenge,0.0010184861188765,frozen_lifecycle
F12,S0,A,C05,F15,S0,A,C05,diff_device_same_challenge,-0.0021261985341846,frozen_lifecycle
F12,S0,A,C06,F12,S0,A,C07,same_device_same_state_diff_challenge,-0.0337516040841645,frozen_lifecycle
F12,S0,A,C06,F12,S0,A,C08,same_device_same_state_diff_challenge,-0.244492565243673,frozen_lifecycle
F12,S0,A,C06,F12,S0,B,C06,same_device_same_state_same_challenge,0.816525434067558,frozen_lifecycle
F12,S0,A,C06,F12,S1,A,C06,same_device_diff_state_same_challenge,0.0017691863803559,frozen_lifecycle
F12,S0,A,C06,F12,S2,A,C06,same_device_diff_state_same_challenge,-0.0008742049468968,frozen_lifecycle
F12,S0,A,C06,F13,S0,A,C06,diff_device_same_challenge,-0.0033712230833461,frozen_lifecycle
F12,S0,A,C06,F14,S0,A,C06,diff_device_same_challenge,-0.0040054186538486,frozen_lifecycle
F12,S0,A,C06,F15,S0,A,C06,diff_device_same_challenge,0.004116554243134,frozen_lifecycle
F12,S0,A,C07,F12,S0,A,C08,same_device_same_state_diff_challenge,-0.0051841172807534,frozen_lifecycle
F12,S0,A,C07,F12,S0,B,C07,same_device_same_state_same_challenge,0.1015055961615236,frozen_lifecycle
F12,S0,A,C07,F12,S1,A,C07,same_device_diff_state_same_challenge,-0.0023950562278412,frozen_lifecycle
F12,S0,A,C07,F12,S2,A,C07,same_device_diff_state_same_challenge,-0.0060239561312297,frozen_lifecycle
F12,S0,A,C07,F13,S0,A,C07,diff_device_same_challenge,0.0082826086277273,frozen_lifecycle
F12,S0,A,C07,F14,S0,A,C07,diff_device_same_challenge,-0.0010637159887664,frozen_lifecycle
F12,S0,A,C07,F15,S0,A,C07,diff_device_same_challenge,0.0089698811014046,frozen_lifecycle
F12,S0,A,C08,F12,S0,B,C08,same_device_same_state_same_challenge,0.3858089855324874,frozen_lifecycle
F12,S0,A,C08,F12,S1,A,C08,same_device_diff_state_same_challenge,0.0027423041901633,frozen_lifecycle
F12,S0,A,C08,F12,S2,A,C08,same_device_diff_state_same_challenge,0.0017633851068605,frozen_lifecycle
F12,S0,A,C08,F13,S0,A,C08,diff_device_same_challenge,9.37588313707276e-05,frozen_lifecycle
F12,S0,A,C08,F14,S0,A,C08,diff_device_same_challenge,0.0023542528266258,frozen_lifecycle
F12,S0,A,C08,F15,S0,A,C08,diff_device_same_challenge,0.0029456650896887,frozen_lifecycle
F12,S0,B,C01,F12,S0,B,C02,same_device_same_state_diff_challenge,0.3273378416538303,frozen_lifecycle
F12,S0,B,C01,F12,S0,B,C03,same_device_same_state_diff_challenge,-0.1385118164613098,frozen_lifecycle
F12,S0,B,C01,F12,S0,B,C04,same_device_same_state_diff_challenge,-0.3174141686584866,frozen_lifecycle
F12,S0,B,C01,F12,S0,B,C05,same_device_same_state_diff_challenge,-0.2910944646650571,frozen_lifecycle
F12,S0,B,C01,F12,S0,B,C06,same_device_same_state_diff_challenge,-0.2998501632558306,frozen_lifecycle
F12,S0,B,C01,F12,S0,B,C07,same_device_same_state_diff_challenge,-0.2513683853978931,frozen_lifecycle
F12,S0,B,C01,F12,S0,B,C08,same_device_same_state_diff_challenge,0.0080448569611471,frozen_lifecycle
F12,S0,B,C01,F12,S1,B,C01,same_device_diff_state_same_challenge,-0.0028664445389275,frozen_lifecycle
F12,S0,B,C01,F12,S2,B,C01,same_device_diff_state_same_challenge,0.0070738604824001,frozen_lifecycle
F12,S0,B,C01,F13,S0,B,C01,diff_device_same_challenge,-0.0017495455616311,frozen_lifecycle
F12,S0,B,C01,F14,S0,B,C01,diff_device_same_challenge,0.0012164150611777,frozen_lifecycle
F12,S0,B,C01,F15,S0,B,C01,diff_device_same_challenge,-0.0023848534900982,frozen_lifecycle
F12,S0,B,C02,F12,S0,B,C03,same_device_same_state_diff_challenge,-0.1326237197446549,frozen_lifecycle
F12,S0,B,C02,F12,S0,B,C04,same_device_same_state_diff_challenge,-0.3204862790163157,frozen_lifecycle
F12,S0,B,C02,F12,S0,B,C05,same_device_same_state_diff_challenge,-0.2852200534154006,frozen_lifecycle
F12,S0,B,C02,F12,S0,B,C06,same_device_same_state_diff_challenge,-0.293874805314331,frozen_lifecycle
F12,S0,B,C02,F12,S0,B,C07,same_device_same_state_diff_challenge,-0.2666306585491673,frozen_lifecycle
F12,S0,B,C02,F12,S0,B,C08,same_device_same_state_diff_challenge,-0.0668082452170956,frozen_lifecycle
F12,S0,B,C02,F12,S1,B,C02,same_device_diff_state_same_challenge,-0.0042281331938184,frozen_lifecycle
F12,S0,B,C02,F12,S2,B,C02,same_device_diff_state_same_challenge,-0.0012898684683531,frozen_lifecycle
F12,S0,B,C02,F13,S0,B,C02,diff_device_same_challenge,-0.0054222308221834,frozen_lifecycle
F12,S0,B,C02,F14,S0,B,C02,diff_device_same_challenge,5.732548509740837e-05,frozen_lifecycle
F12,S0,B,C02,F15,S0,B,C02,diff_device_same_challenge,0.0048835356238859,frozen_lifecycle
F12,S0,B,C03,F12,S0,B,C04,same_device_same_state_diff_challenge,-0.2255718413490395,frozen_lifecycle
F12,S0,B,C03,F12,S0,B,C05,same_device_same_state_diff_challenge,-0.2451530263319846,frozen_lifecycle
F12,S0,B,C03,F12,S0,B,C06,same_device_same_state_diff_challenge,-0.21483253866331,frozen_lifecycle
F12,S0,B,C03,F12,S0,B,C07,same_device_same_state_diff_challenge,-0.1451910271348649,frozen_lifecycle
F12,S0,B,C03,F12,S0,B,C08,same_device_same_state_diff_challenge,-0.0722611838145549,frozen_lifecycle
F12,S0,B,C03,F12,S1,B,C03,same_device_diff_state_same_challenge,0.001393396777639,frozen_lifecycle
F12,S0,B,C03,F12,S2,B,C03,same_device_diff_state_same_challenge,-0.0131249488204508,frozen_lifecycle
F12,S0,B,C03,F13,S0,B,C03,diff_device_same_challenge,-0.0100277946432325,frozen_lifecycle
F12,S0,B,C03,F14,S0,B,C03,diff_device_same_challenge,0.0021888467438713,frozen_lifecycle
F12,S0,B,C03,F15,S0,B,C03,diff_device_same_challenge,0.0085425460887805,frozen_lifecycle
F12,S0,B,C04,F12,S0,B,C05,same_device_same_state_diff_challenge,0.0698051251785314,frozen_lifecycle
F12,S0,B,C04,F12,S0,B,C06,same_device_same_state_diff_challenge,0.0424072536751939,frozen_lifecycle
F12,S0,B,C04,F12,S0,B,C07,same_device_same_state_diff_challenge,0.132068206837751,frozen_lifecycle
F12,S0,B,C04,F12,S0,B,C08,same_device_same_state_diff_challenge,-0.2220023182329523,frozen_lifecycle
F12,S0,B,C04,F12,S1,B,C04,same_device_diff_state_same_challenge,-0.0006792187206332,frozen_lifecycle
F12,S0,B,C04,F12,S2,B,C04,same_device_diff_state_same_challenge,-0.0001303206447845,frozen_lifecycle
F12,S0,B,C04,F13,S0,B,C04,diff_device_same_challenge,0.0068311740349874,frozen_lifecycle
F12,S0,B,C04,F14,S0,B,C04,diff_device_same_challenge,0.0009816884782679,frozen_lifecycle
F12,S0,B,C04,F15,S0,B,C04,diff_device_same_challenge,0.0092501463487353,frozen_lifecycle
F12,S0,B,C05,F12,S0,B,C06,same_device_same_state_diff_challenge,0.3201513857049577,frozen_lifecycle
F12,S0,B,C05,F12,S0,B,C07,same_device_same_state_diff_challenge,-0.2001108827783026,frozen_lifecycle
F12,S0,B,C05,F12,S0,B,C08,same_device_same_state_diff_challenge,-0.2908804738251654,frozen_lifecycle
F12,S0,B,C05,F12,S1,B,C05,same_device_diff_state_same_challenge,-0.0014137101741104,frozen_lifecycle
F12,S0,B,C05,F12,S2,B,C05,same_device_diff_state_same_challenge,0.0026550041995158,frozen_lifecycle
F12,S0,B,C05,F13,S0,B,C05,diff_device_same_challenge,0.0061845342441967,frozen_lifecycle
F12,S0,B,C05,F14,S0,B,C05,diff_device_same_challenge,0.0032236004326867,frozen_lifecycle
F12,S0,B,C05,F15,S0,B,C05,diff_device_same_challenge,-0.00609496864478,frozen_lifecycle
F12,S0,B,C06,F12,S0,B,C07,same_device_same_state_diff_challenge,-0.2166889452520576,frozen_lifecycle
F12,S0,B,C06,F12,S0,B,C08,same_device_same_state_diff_challenge,-0.3021054539833683,frozen_lifecycle
F12,S0,B,C06,F12,S1,B,C06,same_device_diff_state_same_challenge,-0.00227236287158,frozen_lifecycle
F12,S0,B,C06,F12,S2,B,C06,same_device_diff_state_same_challenge,0.0069145226644811,frozen_lifecycle
F12,S0,B,C06,F13,S0,B,C06,diff_device_same_challenge,-0.0056566744941495,frozen_lifecycle
F12,S0,B,C06,F14,S0,B,C06,diff_device_same_challenge,-0.0044270555096169,frozen_lifecycle
F12,S0,B,C06,F15,S0,B,C06,diff_device_same_challenge,0.002430082496059,frozen_lifecycle
F12,S0,B,C07,F12,S0,B,C08,same_device_same_state_diff_challenge,-0.0739855622108122,frozen_lifecycle
F12,S0,B,C07,F12,S1,B,C07,same_device_diff_state_same_challenge,0.0063079452019782,frozen_lifecycle
F12,S0,B,C07,F12,S2,B,C07,same_device_diff_state_same_challenge,-0.0013103264973667,frozen_lifecycle
F12,S0,B,C07,F13,S0,B,C07,diff_device_same_challenge,0.0014092156622945,frozen_lifecycle
F12,S0,B,C07,F14,S0,B,C07,diff_device_same_challenge,-0.0006115199234674,frozen_lifecycle
F12,S0,B,C07,F15,S0,B,C07,diff_device_same_challenge,0.0070090850219431,frozen_lifecycle
F12,S0,B,C08,F12,S1,B,C08,same_device_diff_state_same_challenge,-0.0047953805485557,frozen_lifecycle
F12,S0,B,C08,F12,S2,B,C08,same_device_diff_state_same_challenge,0.0024962096079831,frozen_lifecycle
F12,S0,B,C08,F13,S0,B,C08,diff_device_same_challenge,-0.0027407263789903,frozen_lifecycle
F12,S0,B,C08,F14,S0,B,C08,diff_device_same_challenge,-0.0014775994597501,frozen_lifecycle
F12,S0,B,C08,F15,S0,B,C08,diff_device_same_challenge,-0.0063431531043031,frozen_lifecycle
F12,S1,A,C01,F12,S1,A,C02,same_device_same_state_diff_challenge,0.134174980444602,frozen_lifecycle
F12,S1,A,C01,F12,S1,A,C03,same_device_same_state_diff_challenge,-0.0472049973880732,frozen_lifecycle
F12,S1,A,C01,F12,S1,A,C04,same_device_same_state_diff_challenge,-0.175978685335971,frozen_lifecycle
F12,S1,A,C01,F12,S1,A,C05,same_device_same_state_diff_challenge,-0.2155279828031137,frozen_lifecycle
F12,S1,A,C01,F12,S1,A,C06,same_device_same_state_diff_challenge,-0.2459759531395136,frozen_lifecycle
F12,S1,A,C01,F12,S1,A,C07,same_device_same_state_diff_challenge,-0.2761457783757083,frozen_lifecycle
F12,S1,A,C01,F12,S1,A,C08,same_device_same_state_diff_challenge,-0.2246510498030885,frozen_lifecycle
F12,S1,A,C01,F12,S1,B,C01,same_device_same_state_same_challenge,0.5108340397283456,frozen_lifecycle
F12,S1,A,C01,F12,S2,A,C01,same_device_diff_state_same_challenge,-0.0009355956357647,frozen_lifecycle
F12,S1,A,C01,F13,S1,A,C01,diff_device_same_challenge,-0.0023097551306358,frozen_lifecycle
F12,S1,A,C01,F14,S1,A,C01,diff_device_same_challenge,-0.0025264201636601,frozen_lifecycle
F12,S1,A,C01,F15,S1,A,C01,diff_device_same_challenge,0.00526530904168,frozen_lifecycle
F12,S1,A,C02,F12,S1,A,C03,same_device_same_state_diff_challenge,0.0078186424164506,frozen_lifecycle
F12,S1,A,C02,F12,S1,A,C04,same_device_same_state_diff_challenge,-0.2018590541401484,frozen_lifecycle
F12,S1,A,C02,F12,S1,A,C05,same_device_same_state_diff_challenge,-0.1985124556078954,frozen_lifecycle
F12,S1,A,C02,F12,S1,A,C06,same_device_same_state_diff_challenge,-0.2743030821299108,frozen_lifecycle
F12,S1,A,C02,F12,S1,A,C07,same_device_same_state_diff_challenge,-0.3045473754245709,frozen_lifecycle
F12,S1,A,C02,F12,S1,A,C08,same_device_same_state_diff_challenge,-0.2259853120963992,frozen_lifecycle
F12,S1,A,C02,F12,S1,B,C02,same_device_same_state_same_challenge,0.4536740204593237,frozen_lifecycle
F12,S1,A,C02,F12,S2,A,C02,same_device_diff_state_same_challenge,0.0017154064373431,frozen_lifecycle
F12,S1,A,C02,F13,S1,A,C02,diff_device_same_challenge,0.0055619903403743,frozen_lifecycle
F12,S1,A,C02,F14,S1,A,C02,diff_device_same_challenge,0.0059268736068502,frozen_lifecycle
F12,S1,A,C02,F15,S1,A,C02,diff_device_same_challenge,-0.0022808938051524,frozen_lifecycle
F12,S1,A,C03,F12,S1,A,C04,same_device_same_state_diff_challenge,-0.183706793440698,frozen_lifecycle
F12,S1,A,C03,F12,S1,A,C05,same_device_same_state_diff_challenge,-0.2183779035907682,frozen_lifecycle
F12,S1,A,C03,F12,S1,A,C06,same_device_same_state_diff_challenge,-0.0749655832116225,frozen_lifecycle
F12,S1,A,C03,F12,S1,A,C07,same_device_same_state_diff_challenge,-0.212698771096866,frozen_lifecycle
F12,S1,A,C03,F12,S1,A,C08,same_device_same_state_diff_challenge,-0.2556162508808171,frozen_lifecycle
F12,S1,A,C03,F12,S1,B,C03,same_device_same_state_same_challenge,0.5036172420749638,frozen_lifecycle
F12,S1,A,C03,F12,S2,A,C03,same_device_diff_state_same_challenge,0.0040547966292691,frozen_lifecycle
F12,S1,A,C03,F13,S1,A,C03,diff_device_same_challenge,-0.0006554456866005,frozen_lifecycle
F12,S1,A,C03,F14,S1,A,C03,diff_device_same_challenge,0.0026463824872182,frozen_lifecycle
F12,S1,A,C03,F15,S1,A,C03,diff_device_same_challenge,0.0027602112638845,frozen_lifecycle
F12,S1,A,C04,F12,S1,A,C05,same_device_same_state_diff_challenge,0.2617832597679546,frozen_lifecycle
F12,S1,A,C04,F12,S1,A,C06,same_device_same_state_diff_challenge,-0.1530318869835536,frozen_lifecycle
F12,S1,A,C04,F12,S1,A,C07,same_device_same_state_diff_challenge,-0.1716873469764607,frozen_lifecycle
F12,S1,A,C04,F12,S1,A,C08,same_device_same_state_diff_challenge,-0.2421229596141768,frozen_lifecycle
F12,S1,A,C04,F12,S1,B,C04,same_device_same_state_same_challenge,0.4164439370142579,frozen_lifecycle
F12,S1,A,C04,F12,S2,A,C04,same_device_diff_state_same_challenge,0.0040657252955096,frozen_lifecycle
F12,S1,A,C04,F13,S1,A,C04,diff_device_same_challenge,0.0050869577992059,frozen_lifecycle
F12,S1,A,C04,F14,S1,A,C04,diff_device_same_challenge,-0.001377609767381,frozen_lifecycle
F12,S1,A,C04,F15,S1,A,C04,diff_device_same_challenge,-0.0102238682520983,frozen_lifecycle
F12,S1,A,C05,F12,S1,A,C06,same_device_same_state_diff_challenge,-0.1667185041632911,frozen_lifecycle
F12,S1,A,C05,F12,S1,A,C07,same_device_same_state_diff_challenge,-0.154262229181848,frozen_lifecycle
F12,S1,A,C05,F12,S1,A,C08,same_device_same_state_diff_challenge,-0.2027171669051242,frozen_lifecycle
F12,S1,A,C05,F12,S1,B,C05,same_device_same_state_same_challenge,0.4889002090328551,frozen_lifecycle
F12,S1,A,C05,F12,S2,A,C05,same_device_diff_state_same_challenge,-0.0063892068180747,frozen_lifecycle
F12,S1,A,C05,F13,S1,A,C05,diff_device_same_challenge,-0.0032333917491091,frozen_lifecycle
F12,S1,A,C05,F14,S1,A,C05,diff_device_same_challenge,0.000604695697713,frozen_lifecycle
F12,S1,A,C05,F15,S1,A,C05,diff_device_same_challenge,-0.0024631452184591,frozen_lifecycle
F12,S1,A,C06,F12,S1,A,C07,same_device_same_state_diff_challenge,0.0045196778422502,frozen_lifecycle
F12,S1,A,C06,F12,S1,A,C08,same_device_same_state_diff_challenge,-0.0373311798046675,frozen_lifecycle
F12,S1,A,C06,F12,S1,B,C06,same_device_same_state_same_challenge,0.2391225084802618,frozen_lifecycle
F12,S1,A,C06,F12,S2,A,C06,same_device_diff_state_same_challenge,0.0091412013912932,frozen_lifecycle
F12,S1,A,C06,F13,S1,A,C06,diff_device_same_challenge,-0.0049914710414351,frozen_lifecycle
F12,S1,A,C06,F14,S1,A,C06,diff_device_same_challenge,-0.0021844629817983,frozen_lifecycle
F12,S1,A,C06,F15,S1,A,C06,diff_device_same_challenge,9.667216489629246e-05,frozen_lifecycle
F12,S1,A,C07,F12,S1,A,C08,same_device_same_state_diff_challenge,0.0740260914310862,frozen_lifecycle
F12,S1,A,C07,F12,S1,B,C07,same_device_same_state_same_challenge,0.4005024356647325,frozen_lifecycle
F12,S1,A,C07,F12,S2,A,C07,same_device_diff_state_same_challenge,-0.0016178894208987,frozen_lifecycle
F12,S1,A,C07,F13,S1,A,C07,diff_device_same_challenge,-0.0004231305200887,frozen_lifecycle
F12,S1,A,C07,F14,S1,A,C07,diff_device_same_challenge,0.0028019660410232,frozen_lifecycle
F12,S1,A,C07,F15,S1,A,C07,diff_device_same_challenge,0.0017334674984974,frozen_lifecycle
F12,S1,A,C08,F12,S1,B,C08,same_device_same_state_same_challenge,0.5383340521117341,frozen_lifecycle
F12,S1,A,C08,F12,S2,A,C08,same_device_diff_state_same_challenge,-0.0066040839234778,frozen_lifecycle
F12,S1,A,C08,F13,S1,A,C08,diff_device_same_challenge,-0.004287906415799,frozen_lifecycle
F12,S1,A,C08,F14,S1,A,C08,diff_device_same_challenge,-0.0017258133720238,frozen_lifecycle
F12,S1,A,C08,F15,S1,A,C08,diff_device_same_challenge,0.0079455539159848,frozen_lifecycle
F12,S1,B,C01,F12,S1,B,C02,same_device_same_state_diff_challenge,0.2145942104626228,frozen_lifecycle
F12,S1,B,C01,F12,S1,B,C03,same_device_same_state_diff_challenge,-0.0117225089849334,frozen_lifecycle
F12,S1,B,C01,F12,S1,B,C04,same_device_same_state_diff_challenge,-0.1762369934876662,frozen_lifecycle
F12,S1,B,C01,F12,S1,B,C05,same_device_same_state_diff_challenge,-0.2249093711778317,frozen_lifecycle
F12,S1,B,C01,F12,S1,B,C06,same_device_same_state_diff_challenge,-0.2341106298835455,frozen_lifecycle
F12,S1,B,C01,F12,S1,B,C07,same_device_same_state_diff_challenge,-0.3126099346991456,frozen_lifecycle
F12,S1,B,C01,F12,S1,B,C08,same_device_same_state_diff_challenge,-0.2608422434617007,frozen_lifecycle
F12,S1,B,C01,F12,S2,B,C01,same_device_diff_state_same_challenge,-0.0009372613169176,frozen_lifecycle
F12,S1,B,C01,F13,S1,B,C01,diff_device_same_challenge,-0.0048486306664495,frozen_lifecycle
F12,S1,B,C01,F14,S1,B,C01,diff_device_same_challenge,-0.003322877674093,frozen_lifecycle
F12,S1,B,C01,F15,S1,B,C01,diff_device_same_challenge,0.0027090565608015,frozen_lifecycle
F12,S1,B,C02,F12,S1,B,C03,same_device_same_state_diff_challenge,0.0236050060529076,frozen_lifecycle
F12,S1,B,C02,F12,S1,B,C04,same_device_same_state_diff_challenge,-0.1599625398461081,frozen_lifecycle
F12,S1,B,C02,F12,S1,B,C05,same_device_same_state_diff_challenge,-0.221174943241899,frozen_lifecycle
F12,S1,B,C02,F12,S1,B,C06,same_device_same_state_diff_challenge,-0.2425902370806795,frozen_lifecycle
F12,S1,B,C02,F12,S1,B,C07,same_device_same_state_diff_challenge,-0.3505685145791489,frozen_lifecycle
F12,S1,B,C02,F12,S1,B,C08,same_device_same_state_diff_challenge,-0.2727458145488509,frozen_lifecycle
F12,S1,B,C02,F12,S2,B,C02,same_device_diff_state_same_challenge,0.0007096570793058,frozen_lifecycle
F12,S1,B,C02,F13,S1,B,C02,diff_device_same_challenge,0.0022104770167095,frozen_lifecycle
F12,S1,B,C02,F14,S1,B,C02,diff_device_same_challenge,-0.0008384258611178,frozen_lifecycle
F12,S1,B,C02,F15,S1,B,C02,diff_device_same_challenge,0.0045422874441406,frozen_lifecycle
F12,S1,B,C03,F12,S1,B,C04,same_device_same_state_diff_challenge,-0.138946500991881,frozen_lifecycle
F12,S1,B,C03,F12,S1,B,C05,same_device_same_state_diff_challenge,-0.218054328980539,frozen_lifecycle
F12,S1,B,C03,F12,S1,B,C06,same_device_same_state_diff_challenge,-0.1053950704709003,frozen_lifecycle
F12,S1,B,C03,F12,S1,B,C07,same_device_same_state_diff_challenge,-0.2397318183580528,frozen_lifecycle
F12,S1,B,C03,F12,S1,B,C08,same_device_same_state_diff_challenge,-0.2720567934071523,frozen_lifecycle
F12,S1,B,C03,F12,S2,B,C03,same_device_diff_state_same_challenge,0.0069927770224413,frozen_lifecycle
F12,S1,B,C03,F13,S1,B,C03,diff_device_same_challenge,-0.0081612209015939,frozen_lifecycle
F12,S1,B,C03,F14,S1,B,C03,diff_device_same_challenge,0.0067287172413297,frozen_lifecycle
F12,S1,B,C03,F15,S1,B,C03,diff_device_same_challenge,-0.0014415545502802,frozen_lifecycle
F12,S1,B,C04,F12,S1,B,C05,same_device_same_state_diff_challenge,0.2635689596335687,frozen_lifecycle
F12,S1,B,C04,F12,S1,B,C06,same_device_same_state_diff_challenge,-0.2051745857257929,frozen_lifecycle
F12,S1,B,C04,F12,S1,B,C07,same_device_same_state_diff_challenge,-0.1891659247195723,frozen_lifecycle
F12,S1,B,C04,F12,S1,B,C08,same_device_same_state_diff_challenge,-0.2721569177960563,frozen_lifecycle
F12,S1,B,C04,F12,S2,B,C04,same_device_diff_state_same_challenge,-0.0001055729424952,frozen_lifecycle
F12,S1,B,C04,F13,S1,B,C04,diff_device_same_challenge,-0.0018256941315833,frozen_lifecycle
F12,S1,B,C04,F14,S1,B,C04,diff_device_same_challenge,-0.0008764853983865,frozen_lifecycle
F12,S1,B,C04,F15,S1,B,C04,diff_device_same_challenge,-0.0019750586364615,frozen_lifecycle
F12,S1,B,C05,F12,S1,B,C06,same_device_same_state_diff_challenge,-0.1131676958946005,frozen_lifecycle
F12,S1,B,C05,F12,S1,B,C07,same_device_same_state_diff_challenge,-0.1257060819137761,frozen_lifecycle
F12,S1,B,C05,F12,S1,B,C08,same_device_same_state_diff_challenge,-0.2357218834940412,frozen_lifecycle
F12,S1,B,C05,F12,S2,B,C05,same_device_diff_state_same_challenge,-7.344753684357322e-05,frozen_lifecycle
F12,S1,B,C05,F13,S1,B,C05,diff_device_same_challenge,-0.0059322950873946,frozen_lifecycle
F12,S1,B,C05,F14,S1,B,C05,diff_device_same_challenge,0.0005604370565654,frozen_lifecycle
F12,S1,B,C05,F15,S1,B,C05,diff_device_same_challenge,-0.001424485554637,frozen_lifecycle
F12,S1,B,C06,F12,S1,B,C07,same_device_same_state_diff_challenge,0.0314710552144977,frozen_lifecycle
F12,S1,B,C06,F12,S1,B,C08,same_device_same_state_diff_challenge,-0.0983330045463024,frozen_lifecycle
F12,S1,B,C06,F12,S2,B,C06,same_device_diff_state_same_challenge,-0.0106697408610904,frozen_lifecycle
F12,S1,B,C06,F13,S1,B,C06,diff_device_same_challenge,0.0016587494605307,frozen_lifecycle
F12,S1,B,C06,F14,S1,B,C06,diff_device_same_challenge,0.0044232951283322,frozen_lifecycle
F12,S1,B,C06,F15,S1,B,C06,diff_device_same_challenge,-0.0008710267767143,frozen_lifecycle
F12,S1,B,C07,F12,S1,B,C08,same_device_same_state_diff_challenge,0.1804060800673837,frozen_lifecycle
F12,S1,B,C07,F12,S2,B,C07,same_device_diff_state_same_challenge,-0.0001314212086051,frozen_lifecycle
F12,S1,B,C07,F13,S1,B,C07,diff_device_same_challenge,-0.0024302836133433,frozen_lifecycle
F12,S1,B,C07,F14,S1,B,C07,diff_device_same_challenge,0.0014119881445931,frozen_lifecycle
F12,S1,B,C07,F15,S1,B,C07,diff_device_same_challenge,-0.0008389391884031,frozen_lifecycle
F12,S1,B,C08,F12,S2,B,C08,same_device_diff_state_same_challenge,-0.0022176194454604,frozen_lifecycle
F12,S1,B,C08,F13,S1,B,C08,diff_device_same_challenge,-0.0051730554059521,frozen_lifecycle
F12,S1,B,C08,F14,S1,B,C08,diff_device_same_challenge,0.0013760331553918,frozen_lifecycle
F12,S1,B,C08,F15,S1,B,C08,diff_device_same_challenge,0.001905823382348,frozen_lifecycle
F12,S2,A,C01,F12,S2,A,C02,same_device_same_state_diff_challenge,0.0953593133772078,frozen_lifecycle
F12,S2,A,C01,F12,S2,A,C03,same_device_same_state_diff_challenge,-0.2710532095216182,frozen_lifecycle
F12,S2,A,C01,F12,S2,A,C04,same_device_same_state_diff_challenge,-0.2888197686012459,frozen_lifecycle
F12,S2,A,C01,F12,S2,A,C05,same_device_same_state_diff_challenge,-0.2621783808394667,frozen_lifecycle
F12,S2,A,C01,F12,S2,A,C06,same_device_same_state_diff_challenge,-0.2594659471862876,frozen_lifecycle
F12,S2,A,C01,F12,S2,A,C07,same_device_same_state_diff_challenge,-0.1893743074058347,frozen_lifecycle
F12,S2,A,C01,F12,S2,A,C08,same_device_same_state_diff_challenge,-0.0741341414143708,frozen_lifecycle
F12,S2,A,C01,F12,S2,B,C01,same_device_same_state_same_challenge,0.286359218892229,frozen_lifecycle
F12,S2,A,C01,F13,S2,A,C01,diff_device_same_challenge,0.0064650909898633,frozen_lifecycle
F12,S2,A,C01,F14,S2,A,C01,diff_device_same_challenge,0.0020982726643118,frozen_lifecycle
F12,S2,A,C01,F15,S2,A,C01,diff_device_same_challenge,0.0050456717504732,frozen_lifecycle
F12,S2,A,C02,F12,S2,A,C03,same_device_same_state_diff_challenge,-0.2221973396425596,frozen_lifecycle
F12,S2,A,C02,F12,S2,A,C04,same_device_same_state_diff_challenge,-0.2909448517616731,frozen_lifecycle
F12,S2,A,C02,F12,S2,A,C05,same_device_same_state_diff_challenge,-0.2209961567659074,frozen_lifecycle
F12,S2,A,C02,F12,S2,A,C06,same_device_same_state_diff_challenge,-0.2568689609640456,frozen_lifecycle
F12,S2,A,C02,F12,S2,A,C07,same_device_same_state_diff_challenge,-0.1969984597177301,frozen_lifecycle
F12,S2,A,C02,F12,S2,A,C08,same_device_same_state_diff_challenge,-0.0569908899109372,frozen_lifecycle
F12,S2,A,C02,F12,S2,B,C02,same_device_same_state_same_challenge,0.1966127625843138,frozen_lifecycle
F12,S2,A,C02,F13,S2,A,C02,diff_device_same_challenge,0.0028192801616928,frozen_lifecycle
F12,S2,A,C02,F14,S2,A,C02,diff_device_same_challenge,-0.0077371621277038,frozen_lifecycle
F12,S2,A,C02,F15,S2,A,C02,diff_device_same_challenge,0.0033131242768734,frozen_lifecycle
F12,S2,A,C03,F12,S2,A,C04,same_device_same_state_diff_challenge,0.1398278538632508,frozen_lifecycle
F12,S2,A,C03,F12,S2,A,C05,same_device_same_state_diff_challenge,0.0370193002011043,frozen_lifecycle
F12,S2,A,C03,F12,S2,A,C06,same_device_same_state_diff_challenge,0.0277566096914155,frozen_lifecycle
F12,S2,A,C03,F12,S2,A,C07,same_device_same_state_diff_challenge,-0.2178292773291379,frozen_lifecycle
F12,S2,A,C03,F12,S2,A,C08,same_device_same_state_diff_challenge,-0.2865564402453164,frozen_lifecycle
F12,S2,A,C03,F12,S2,B,C03,same_device_same_state_same_challenge,0.3382285737703326,frozen_lifecycle
F12,S2,A,C03,F13,S2,A,C03,diff_device_same_challenge,0.0067625855657967,frozen_lifecycle
F12,S2,A,C03,F14,S2,A,C03,diff_device_same_challenge,0.0001106087762252,frozen_lifecycle
F12,S2,A,C03,F15,S2,A,C03,diff_device_same_challenge,0.0011837438878151,frozen_lifecycle
F12,S2,A,C04,F12,S2,A,C05,same_device_same_state_diff_challenge,-0.0523226567756955,frozen_lifecycle
F12,S2,A,C04,F12,S2,A,C06,same_device_same_state_diff_challenge,0.0819713728042577,frozen_lifecycle
F12,S2,A,C04,F12,S2,A,C07,same_device_same_state_diff_challenge,-0.099616342359674,frozen_lifecycle
F12,S2,A,C04,F12,S2,A,C08,same_device_same_state_diff_challenge,-0.3022498815705878,frozen_lifecycle
F12,S2,A,C04,F12,S2,B,C04,same_device_same_state_same_challenge,0.2895241854918388,frozen_lifecycle
F12,S2,A,C04,F13,S2,A,C04,diff_device_same_challenge,0.0087901449140592,frozen_lifecycle
F12,S2,A,C04,F14,S2,A,C04,diff_device_same_challenge,-0.0011577118304133,frozen_lifecycle
F12,S2,A,C04,F15,S2,A,C04,diff_device_same_challenge,0.0073386926670787,frozen_lifecycle
F12,S2,A,C05,F12,S2,A,C06,same_device_same_state_diff_challenge,0.0689760946869065,frozen_lifecycle
F12,S2,A,C05,F12,S2,A,C07,same_device_same_state_diff_challenge,-0.1816261849021815,frozen_lifecycle
F12,S2,A,C05,F12,S2,A,C08,same_device_same_state_diff_challenge,-0.2436482588142479,frozen_lifecycle
F12,S2,A,C05,F12,S2,B,C05,same_device_same_state_same_challenge,0.4820922266463378,frozen_lifecycle
F12,S2,A,C05,F13,S2,A,C05,diff_device_same_challenge,0.00041372465577,frozen_lifecycle
F12,S2,A,C05,F14,S2,A,C05,diff_device_same_challenge,0.0051257334609088,frozen_lifecycle
F12,S2,A,C05,F15,S2,A,C05,diff_device_same_challenge,-0.0057675863795507,frozen_lifecycle
F12,S2,A,C06,F12,S2,A,C07,same_device_same_state_diff_challenge,-0.0667195196045699,frozen_lifecycle
F12,S2,A,C06,F12,S2,A,C08,same_device_same_state_diff_challenge,-0.2479700144051586,frozen_lifecycle
F12,S2,A,C06,F12,S2,B,C06,same_device_same_state_same_challenge,0.4228391274514074,frozen_lifecycle
F12,S2,A,C06,F13,S2,A,C06,diff_device_same_challenge,-0.0039885788940968,frozen_lifecycle
F12,S2,A,C06,F14,S2,A,C06,diff_device_same_challenge,0.001077546133139,frozen_lifecycle
F12,S2,A,C06,F15,S2,A,C06,diff_device_same_challenge,-0.0014816340146385,frozen_lifecycle
F12,S2,A,C07,F12,S2,A,C08,same_device_same_state_diff_challenge,-0.0580122344554611,frozen_lifecycle
F12,S2,A,C07,F12,S2,B,C07,same_device_same_state_same_challenge,0.3503127827198508,frozen_lifecycle
F12,S2,A,C07,F13,S2,A,C07,diff_device_same_challenge,0.0057483908286333,frozen_lifecycle
F12,S2,A,C07,F14,S2,A,C07,diff_device_same_challenge,-0.0002410800408868,frozen_lifecycle
F12,S2,A,C07,F15,S2,A,C07,diff_device_same_challenge,0.0012499705257806,frozen_lifecycle
F12,S2,A,C08,F12,S2,B,C08,same_device_same_state_same_challenge,0.2088311590500078,frozen_lifecycle
F12,S2,A,C08,F13,S2,A,C08,diff_device_same_challenge,-0.0055264165425677,frozen_lifecycle
F12,S2,A,C08,F14,S2,A,C08,diff_device_same_challenge,-0.0013146760104233,frozen_lifecycle
F12,S2,A,C08,F15,S2,A,C08,diff_device_same_challenge,-0.0033830036084485,frozen_lifecycle
F12,S2,B,C01,F12,S2,B,C02,same_device_same_state_diff_challenge,-0.0736478174616286,frozen_lifecycle
F12,S2,B,C01,F12,S2,B,C03,same_device_same_state_diff_challenge,-0.2866436559196819,frozen_lifecycle
F12,S2,B,C01,F12,S2,B,C04,same_device_same_state_diff_challenge,-0.3012944497714634,frozen_lifecycle
F12,S2,B,C01,F12,S2,B,C05,same_device_same_state_diff_challenge,-0.2708112753994107,frozen_lifecycle
F12,S2,B,C01,F12,S2,B,C06,same_device_same_state_diff_challenge,-0.2098931304984755,frozen_lifecycle
F12,S2,B,C01,F12,S2,B,C07,same_device_same_state_diff_challenge,-0.0310620432703527,frozen_lifecycle
F12,S2,B,C01,F12,S2,B,C08,same_device_same_state_diff_challenge,0.0189468017793226,frozen_lifecycle
F12,S2,B,C01,F13,S2,B,C01,diff_device_same_challenge,-0.0027971221180324,frozen_lifecycle
F12,S2,B,C01,F14,S2,B,C01,diff_device_same_challenge,0.0007611574102586,frozen_lifecycle
F12,S2,B,C01,F15,S2,B,C01,diff_device_same_challenge,-0.0025996953256053,frozen_lifecycle
F12,S2,B,C02,F12,S2,B,C03,same_device_same_state_diff_challenge,-0.1499946926860671,frozen_lifecycle
F12,S2,B,C02,F12,S2,B,C04,same_device_same_state_diff_challenge,-0.1929869582197124,frozen_lifecycle
F12,S2,B,C02,F12,S2,B,C05,same_device_same_state_diff_challenge,-0.1421044679195121,frozen_lifecycle
F12,S2,B,C02,F12,S2,B,C06,same_device_same_state_diff_challenge,-0.1884087010870188,frozen_lifecycle
F12,S2,B,C02,F12,S2,B,C07,same_device_same_state_diff_challenge,-0.1451811209562956,frozen_lifecycle
F12,S2,B,C02,F12,S2,B,C08,same_device_same_state_diff_challenge,-0.1625893804266648,frozen_lifecycle
F12,S2,B,C02,F13,S2,B,C02,diff_device_same_challenge,0.0010489748375033,frozen_lifecycle
F12,S2,B,C02,F14,S2,B,C02,diff_device_same_challenge,-0.0058229192108049,frozen_lifecycle
F12,S2,B,C02,F15,S2,B,C02,diff_device_same_challenge,0.0018474337018545,frozen_lifecycle
F12,S2,B,C03,F12,S2,B,C04,same_device_same_state_diff_challenge,0.278793772041091,frozen_lifecycle
F12,S2,B,C03,F12,S2,B,C05,same_device_same_state_diff_challenge,0.0759977729631134,frozen_lifecycle
F12,S2,B,C03,F12,S2,B,C06,same_device_same_state_diff_challenge,-0.1514355069035434,frozen_lifecycle
F12,S2,B,C03,F12,S2,B,C07,same_device_same_state_diff_challenge,-0.3040634814426531,frozen_lifecycle
F12,S2,B,C03,F12,S2,B,C08,same_device_same_state_diff_challenge,-0.3134926962873204,frozen_lifecycle
F12,S2,B,C03,F13,S2,B,C03,diff_device_same_challenge,-0.0021149261866528,frozen_lifecycle
F12,S2,B,C03,F14,S2,B,C03,diff_device_same_challenge,0.0042035994884654,frozen_lifecycle
F12,S2,B,C03,F15,S2,B,C03,diff_device_same_challenge,0.0002568092855262,frozen_lifecycle
F12,S2,B,C04,F12,S2,B,C05,same_device_same_state_diff_challenge,0.0917230892098614,frozen_lifecycle
F12,S2,B,C04,F12,S2,B,C06,same_device_same_state_diff_challenge,-0.1129334381560675,frozen_lifecycle
F12,S2,B,C04,F12,S2,B,C07,same_device_same_state_diff_challenge,-0.3074889706353689,frozen_lifecycle
F12,S2,B,C04,F12,S2,B,C08,same_device_same_state_diff_challenge,-0.3213562409285179,frozen_lifecycle
F12,S2,B,C04,F13,S2,B,C04,diff_device_same_challenge,0.0043194917591982,frozen_lifecycle
F12,S2,B,C04,F14,S2,B,C04,diff_device_same_challenge,0.0001124067998908,frozen_lifecycle
F12,S2,B,C04,F15,S2,B,C04,diff_device_same_challenge,-0.0019124915244176,frozen_lifecycle
F12,S2,B,C05,F12,S2,B,C06,same_device_same_state_diff_challenge,-0.0635305807632992,frozen_lifecycle
F12,S2,B,C05,F12,S2,B,C07,same_device_same_state_diff_challenge,-0.2081262005978214,frozen_lifecycle
F12,S2,B,C05,F12,S2,B,C08,same_device_same_state_diff_challenge,-0.2715916009245593,frozen_lifecycle
F12,S2,B,C05,F13,S2,B,C05,diff_device_same_challenge,0.004442749459035,frozen_lifecycle
F12,S2,B,C05,F14,S2,B,C05,diff_device_same_challenge,0.0006328939577571,frozen_lifecycle
F12,S2,B,C05,F15,S2,B,C05,diff_device_same_challenge,-0.0032638729508751,frozen_lifecycle
F12,S2,B,C06,F12,S2,B,C07,same_device_same_state_diff_challenge,-0.0877754847226307,frozen_lifecycle
F12,S2,B,C06,F12,S2,B,C08,same_device_same_state_diff_challenge,-0.1231411104107095,frozen_lifecycle
F12,S2,B,C06,F13,S2,B,C06,diff_device_same_challenge,-0.0056646618345971,frozen_lifecycle
F12,S2,B,C06,F14,S2,B,C06,diff_device_same_challenge,0.0049359382272941,frozen_lifecycle
F12,S2,B,C06,F15,S2,B,C06,diff_device_same_challenge,0.0022574751903595,frozen_lifecycle
F12,S2,B,C07,F12,S2,B,C08,same_device_same_state_diff_challenge,-0.0041816295636953,frozen_lifecycle
F12,S2,B,C07,F13,S2,B,C07,diff_device_same_challenge,-0.0023089220763691,frozen_lifecycle
F12,S2,B,C07,F14,S2,B,C07,diff_device_same_challenge,0.0040838360867919,frozen_lifecycle
F12,S2,B,C07,F15,S2,B,C07,diff_device_same_challenge,0.0015119631836352,frozen_lifecycle
F12,S2,B,C08,F13,S2,B,C08,diff_device_same_challenge,-0.0041326952631695,frozen_lifecycle
F12,S2,B,C08,F14,S2,B,C08,diff_device_same_challenge,-0.0002788741521934,frozen_lifecycle
F12,S2,B,C08,F15,S2,B,C08,diff_device_same_challenge,-0.0032416086394093,frozen_lifecycle
F13,S0,A,C01,F13,S0,A,C02,same_device_same_state_diff_challenge,0.0499435688716766,frozen_lifecycle
F13,S0,A,C01,F13,S0,A,C03,same_device_same_state_diff_challenge,-0.1314515813739359,frozen_lifecycle
F13,S0,A,C01,F13,S0,A,C04,same_device_same_state_diff_challenge,-0.2717121288868899,frozen_lifecycle
F13,S0,A,C01,F13,S0,A,C05,same_device_same_state_diff_challenge,-0.3113019934682381,frozen_lifecycle
F13,S0,A,C01,F13,S0,A,C06,same_device_same_state_diff_challenge,-0.3273043430727738,frozen_lifecycle
F13,S0,A,C01,F13,S0,A,C07,same_device_same_state_diff_challenge,-0.2275615005771703,frozen_lifecycle
F13,S0,A,C01,F13,S0,A,C08,same_device_same_state_diff_challenge,-0.1992201799154968,frozen_lifecycle
F13,S0,A,C01,F13,S0,B,C01,same_device_same_state_same_challenge,0.3289443550955226,frozen_lifecycle
F13,S0,A,C01,F13,S1,A,C01,same_device_diff_state_same_challenge,0.0015874865778606,frozen_lifecycle
F13,S0,A,C01,F13,S2,A,C01,same_device_diff_state_same_challenge,0.0010242443967062,frozen_lifecycle
F13,S0,A,C01,F14,S0,A,C01,diff_device_same_challenge,0.0024647220162684,frozen_lifecycle
F13,S0,A,C01,F15,S0,A,C01,diff_device_same_challenge,-0.001399091788183,frozen_lifecycle
F13,S0,A,C02,F13,S0,A,C03,same_device_same_state_diff_challenge,0.1105367826161682,frozen_lifecycle
F13,S0,A,C02,F13,S0,A,C04,same_device_same_state_diff_challenge,-0.2514223709820855,frozen_lifecycle
F13,S0,A,C02,F13,S0,A,C05,same_device_same_state_diff_challenge,-0.3638449549671633,frozen_lifecycle
F13,S0,A,C02,F13,S0,A,C06,same_device_same_state_diff_challenge,-0.4086027521002834,frozen_lifecycle
F13,S0,A,C02,F13,S0,A,C07,same_device_same_state_diff_challenge,-0.3073576630358704,frozen_lifecycle
F13,S0,A,C02,F13,S0,A,C08,same_device_same_state_diff_challenge,-0.262293904332035,frozen_lifecycle
F13,S0,A,C02,F13,S0,B,C02,same_device_same_state_same_challenge,0.6426486012043814,frozen_lifecycle
F13,S0,A,C02,F13,S1,A,C02,same_device_diff_state_same_challenge,0.0011163586129726,frozen_lifecycle
F13,S0,A,C02,F13,S2,A,C02,same_device_diff_state_same_challenge,-0.0022591900544911,frozen_lifecycle
F13,S0,A,C02,F14,S0,A,C02,diff_device_same_challenge,0.0019719730020898,frozen_lifecycle
F13,S0,A,C02,F15,S0,A,C02,diff_device_same_challenge,0.0073559596802996,frozen_lifecycle
F13,S0,A,C03,F13,S0,A,C04,same_device_same_state_diff_challenge,0.2428891047315696,frozen_lifecycle
F13,S0,A,C03,F13,S0,A,C05,same_device_same_state_diff_challenge,-0.099841716817547,frozen_lifecycle
F13,S0,A,C03,F13,S0,A,C06,same_device_same_state_diff_challenge,-0.4138707810505573,frozen_lifecycle
F13,S0,A,C03,F13,S0,A,C07,same_device_same_state_diff_challenge,-0.4369510926281379,frozen_lifecycle
F13,S0,A,C03,F13,S0,A,C08,same_device_same_state_diff_challenge,-0.3895444623206258,frozen_lifecycle
F13,S0,A,C03,F13,S0,B,C03,same_device_same_state_same_challenge,0.8004152043421798,frozen_lifecycle
F13,S0,A,C03,F13,S1,A,C03,same_device_diff_state_same_challenge,0.0017223254982266,frozen_lifecycle
F13,S0,A,C03,F13,S2,A,C03,same_device_diff_state_same_challenge,-0.0019922156461122,frozen_lifecycle
F13,S0,A,C03,F14,S0,A,C03,diff_device_same_challenge,-0.0100475435423336,frozen_lifecycle
F13,S0,A,C03,F15,S0,A,C03,diff_device_same_challenge,0.0028755922279143,frozen_lifecycle
F13,S0,A,C04,F13,S0,A,C05,same_device_same_state_diff_challenge,0.1619959777729264,frozen_lifecycle
F13,S0,A,C04,F13,S0,A,C06,same_device_same_state_diff_challenge,-0.1156094738853957,frozen_lifecycle
F13,S0,A,C04,F13,S0,A,C07,same_device_same_state_diff_challenge,-0.273225083350798,frozen_lifecycle
F13,S0,A,C04,F13,S0,A,C08,same_device_same_state_diff_challenge,-0.2789089739403578,frozen_lifecycle
F13,S0,A,C04,F13,S0,B,C04,same_device_same_state_same_challenge,0.6925383264007479,frozen_lifecycle
F13,S0,A,C04,F13,S1,A,C04,same_device_diff_state_same_challenge,0.0005791123908732,frozen_lifecycle
F13,S0,A,C04,F13,S2,A,C04,same_device_diff_state_same_challenge,0.0010534794850373,frozen_lifecycle
F13,S0,A,C04,F14,S0,A,C04,diff_device_same_challenge,-0.0059722761966128,frozen_lifecycle
F13,S0,A,C04,F15,S0,A,C04,diff_device_same_challenge,0.0070676640727362,frozen_lifecycle
F13,S0,A,C05,F13,S0,A,C06,same_device_same_state_diff_challenge,0.1873381921646862,frozen_lifecycle
F13,S0,A,C05,F13,S0,A,C07,same_device_same_state_diff_challenge,-0.057584025203812,frozen_lifecycle
F13,S0,A,C05,F13,S0,A,C08,same_device_same_state_diff_challenge,-0.1371677728650426,frozen_lifecycle
F13,S0,A,C05,F13,S0,B,C05,same_device_same_state_same_challenge,0.7527595715695861,frozen_lifecycle
F13,S0,A,C05,F13,S1,A,C05,same_device_diff_state_same_challenge,-0.0051915575851611,frozen_lifecycle
F13,S0,A,C05,F13,S2,A,C05,same_device_diff_state_same_challenge,0.000419562967446,frozen_lifecycle
F13,S0,A,C05,F14,S0,A,C05,diff_device_same_challenge,-0.0013547019707793,frozen_lifecycle
F13,S0,A,C05,F15,S0,A,C05,diff_device_same_challenge,0.0021070256984872,frozen_lifecycle
F13,S0,A,C06,F13,S0,A,C07,same_device_same_state_diff_challenge,0.3111704067773328,frozen_lifecycle
F13,S0,A,C06,F13,S0,A,C08,same_device_same_state_diff_challenge,0.1764463184644724,frozen_lifecycle
F13,S0,A,C06,F13,S0,B,C06,same_device_same_state_same_challenge,0.6877087836087508,frozen_lifecycle
F13,S0,A,C06,F13,S1,A,C06,same_device_diff_state_same_challenge,-0.002921692152272,frozen_lifecycle
F13,S0,A,C06,F13,S2,A,C06,same_device_diff_state_same_challenge,-0.0028012839302034,frozen_lifecycle
F13,S0,A,C06,F14,S0,A,C06,diff_device_same_challenge,0.006384861897579,frozen_lifecycle
F13,S0,A,C06,F15,S0,A,C06,diff_device_same_challenge,-0.0001057571138195,frozen_lifecycle
F13,S0,A,C07,F13,S0,A,C08,same_device_same_state_diff_challenge,0.2176902021625511,frozen_lifecycle
F13,S0,A,C07,F13,S0,B,C07,same_device_same_state_same_challenge,0.3487484315783987,frozen_lifecycle
F13,S0,A,C07,F13,S1,A,C07,same_device_diff_state_same_challenge,0.0075539643780957,frozen_lifecycle
F13,S0,A,C07,F13,S2,A,C07,same_device_diff_state_same_challenge,0.0001384399543998,frozen_lifecycle
F13,S0,A,C07,F14,S0,A,C07,diff_device_same_challenge,0.0039107850049303,frozen_lifecycle
F13,S0,A,C07,F15,S0,A,C07,diff_device_same_challenge,0.0032504397749073,frozen_lifecycle
F13,S0,A,C08,F13,S0,B,C08,same_device_same_state_same_challenge,0.7013847594823642,frozen_lifecycle
F13,S0,A,C08,F13,S1,A,C08,same_device_diff_state_same_challenge,0.0019949964951448,frozen_lifecycle
F13,S0,A,C08,F13,S2,A,C08,same_device_diff_state_same_challenge,-0.0037260019735661,frozen_lifecycle
F13,S0,A,C08,F14,S0,A,C08,diff_device_same_challenge,-0.0045620949533667,frozen_lifecycle
F13,S0,A,C08,F15,S0,A,C08,diff_device_same_challenge,-0.0031593875083227,frozen_lifecycle
F13,S0,B,C01,F13,S0,B,C02,same_device_same_state_diff_challenge,0.1767583079985438,frozen_lifecycle
F13,S0,B,C01,F13,S0,B,C03,same_device_same_state_diff_challenge,-0.1920950697275721,frozen_lifecycle
F13,S0,B,C01,F13,S0,B,C04,same_device_same_state_diff_challenge,-0.3076075004007191,frozen_lifecycle
F13,S0,B,C01,F13,S0,B,C05,same_device_same_state_diff_challenge,-0.3406617843481605,frozen_lifecycle
F13,S0,B,C01,F13,S0,B,C06,same_device_same_state_diff_challenge,-0.2708580619017846,frozen_lifecycle
F13,S0,B,C01,F13,S0,B,C07,same_device_same_state_diff_challenge,-0.2927780987538116,frozen_lifecycle
F13,S0,B,C01,F13,S0,B,C08,same_device_same_state_diff_challenge,-0.1789816134626325,frozen_lifecycle
F13,S0,B,C01,F13,S1,B,C01,same_device_diff_state_same_challenge,0.0039564793105554,frozen_lifecycle
F13,S0,B,C01,F13,S2,B,C01,same_device_diff_state_same_challenge,0.0036029555571132,frozen_lifecycle
F13,S0,B,C01,F14,S0,B,C01,diff_device_same_challenge,-0.0036538869707055,frozen_lifecycle
F13,S0,B,C01,F15,S0,B,C01,diff_device_same_challenge,-0.0014840954010012,frozen_lifecycle
F13,S0,B,C02,F13,S0,B,C03,same_device_same_state_diff_challenge,0.1797133386901337,frozen_lifecycle
F13,S0,B,C02,F13,S0,B,C04,same_device_same_state_diff_challenge,-0.1778036597140361,frozen_lifecycle
F13,S0,B,C02,F13,S0,B,C05,same_device_same_state_diff_challenge,-0.3654493616645677,frozen_lifecycle
F13,S0,B,C02,F13,S0,B,C06,same_device_same_state_diff_challenge,-0.3974048333709674,frozen_lifecycle
F13,S0,B,C02,F13,S0,B,C07,same_device_same_state_diff_challenge,-0.4059563166077986,frozen_lifecycle
F13,S0,B,C02,F13,S0,B,C08,same_device_same_state_diff_challenge,-0.3084596206899729,frozen_lifecycle
F13,S0,B,C02,F13,S1,B,C02,same_device_diff_state_same_challenge,0.0028171017192618,frozen_lifecycle
F13,S0,B,C02,F13,S2,B,C02,same_device_diff_state_same_challenge,0.0008558782506559,frozen_lifecycle
F13,S0,B,C02,F14,S0,B,C02,diff_device_same_challenge,0.0032831515768299,frozen_lifecycle
F13,S0,B,C02,F15,S0,B,C02,diff_device_same_challenge,-0.0006307566035923,frozen_lifecycle
F13,S0,B,C03,F13,S0,B,C04,same_device_same_state_diff_challenge,0.2170789932072859,frozen_lifecycle
F13,S0,B,C03,F13,S0,B,C05,same_device_same_state_diff_challenge,-0.0299667346078725,frozen_lifecycle
F13,S0,B,C03,F13,S0,B,C06,same_device_same_state_diff_challenge,-0.3414203400791732,frozen_lifecycle
F13,S0,B,C03,F13,S0,B,C07,same_device_same_state_diff_challenge,-0.3898979328904111,frozen_lifecycle
F13,S0,B,C03,F13,S0,B,C08,same_device_same_state_diff_challenge,-0.4305550252909126,frozen_lifecycle
F13,S0,B,C03,F13,S1,B,C03,same_device_diff_state_same_challenge,0.0009304788806546,frozen_lifecycle
F13,S0,B,C03,F13,S2,B,C03,same_device_diff_state_same_challenge,-0.0011404131512223,frozen_lifecycle
F13,S0,B,C03,F14,S0,B,C03,diff_device_same_challenge,-0.0049403645562638,frozen_lifecycle
F13,S0,B,C03,F15,S0,B,C03,diff_device_same_challenge,-0.0064510772320055,frozen_lifecycle
F13,S0,B,C04,F13,S0,B,C05,same_device_same_state_diff_challenge,0.0735762801009368,frozen_lifecycle
F13,S0,B,C04,F13,S0,B,C06,same_device_same_state_diff_challenge,-0.1814160899374844,frozen_lifecycle
F13,S0,B,C04,F13,S0,B,C07,same_device_same_state_diff_challenge,-0.1238054024178509,frozen_lifecycle
F13,S0,B,C04,F13,S0,B,C08,same_device_same_state_diff_challenge,-0.2729076168423822,frozen_lifecycle
F13,S0,B,C04,F13,S1,B,C04,same_device_diff_state_same_challenge,0.0019417858006487,frozen_lifecycle
F13,S0,B,C04,F13,S2,B,C04,same_device_diff_state_same_challenge,0.0003059434338392,frozen_lifecycle
F13,S0,B,C04,F14,S0,B,C04,diff_device_same_challenge,-0.0055822662754086,frozen_lifecycle
F13,S0,B,C04,F15,S0,B,C04,diff_device_same_challenge,-0.0003496837067866,frozen_lifecycle
F13,S0,B,C05,F13,S0,B,C06,same_device_same_state_diff_challenge,0.2228656305612122,frozen_lifecycle
F13,S0,B,C05,F13,S0,B,C07,same_device_same_state_diff_challenge,-0.0905690380298112,frozen_lifecycle
F13,S0,B,C05,F13,S0,B,C08,same_device_same_state_diff_challenge,-0.2132941492979751,frozen_lifecycle
F13,S0,B,C05,F13,S1,B,C05,same_device_diff_state_same_challenge,-0.0027200072534795,frozen_lifecycle
F13,S0,B,C05,F13,S2,B,C05,same_device_diff_state_same_challenge,-0.0031869062303029,frozen_lifecycle
F13,S0,B,C05,F14,S0,B,C05,diff_device_same_challenge,-0.0027389882003917,frozen_lifecycle
F13,S0,B,C05,F15,S0,B,C05,diff_device_same_challenge,0.0023016681505023,frozen_lifecycle
F13,S0,B,C06,F13,S0,B,C07,same_device_same_state_diff_challenge,0.0747802577617059,frozen_lifecycle
F13,S0,B,C06,F13,S0,B,C08,same_device_same_state_diff_challenge,0.0788732436013583,frozen_lifecycle
F13,S0,B,C06,F13,S1,B,C06,same_device_diff_state_same_challenge,0.0020482302745859,frozen_lifecycle
F13,S0,B,C06,F13,S2,B,C06,same_device_diff_state_same_challenge,-0.004184957719412,frozen_lifecycle
F13,S0,B,C06,F14,S0,B,C06,diff_device_same_challenge,2.879805805645163e-05,frozen_lifecycle
F13,S0,B,C06,F15,S0,B,C06,diff_device_same_challenge,-0.0025472593673396,frozen_lifecycle
F13,S0,B,C07,F13,S0,B,C08,same_device_same_state_diff_challenge,0.4028453201053601,frozen_lifecycle
F13,S0,B,C07,F13,S1,B,C07,same_device_diff_state_same_challenge,0.0027037165283829,frozen_lifecycle
F13,S0,B,C07,F13,S2,B,C07,same_device_diff_state_same_challenge,-0.0062259173966365,frozen_lifecycle
F13,S0,B,C07,F14,S0,B,C07,diff_device_same_challenge,-0.0002071777592435,frozen_lifecycle
F13,S0,B,C07,F15,S0,B,C07,diff_device_same_challenge,-0.0056523987944976,frozen_lifecycle
F13,S0,B,C08,F13,S1,B,C08,same_device_diff_state_same_challenge,0.0041056185924024,frozen_lifecycle
F13,S0,B,C08,F13,S2,B,C08,same_device_diff_state_same_challenge,0.0010025905510633,frozen_lifecycle
F13,S0,B,C08,F14,S0,B,C08,diff_device_same_challenge,0.0028862461607645,frozen_lifecycle
F13,S0,B,C08,F15,S0,B,C08,diff_device_same_challenge,-0.0003230913493609,frozen_lifecycle
F13,S1,A,C01,F13,S1,A,C02,same_device_same_state_diff_challenge,0.4008573962879996,frozen_lifecycle
F13,S1,A,C01,F13,S1,A,C03,same_device_same_state_diff_challenge,0.1219457343122803,frozen_lifecycle
F13,S1,A,C01,F13,S1,A,C04,same_device_same_state_diff_challenge,-0.1204751633009297,frozen_lifecycle
F13,S1,A,C01,F13,S1,A,C05,same_device_same_state_diff_challenge,-0.3325302647899165,frozen_lifecycle
F13,S1,A,C01,F13,S1,A,C06,same_device_same_state_diff_challenge,-0.4393672920483432,frozen_lifecycle
F13,S1,A,C01,F13,S1,A,C07,same_device_same_state_diff_challenge,-0.450773755623887,frozen_lifecycle
F13,S1,A,C01,F13,S1,A,C08,same_device_same_state_diff_challenge,-0.3825989228673361,frozen_lifecycle
F13,S1,A,C01,F13,S1,B,C01,same_device_same_state_same_challenge,0.7798810735765787,frozen_lifecycle
F13,S1,A,C01,F13,S2,A,C01,same_device_diff_state_same_challenge,-0.0016811497978294,frozen_lifecycle
F13,S1,A,C01,F14,S1,A,C01,diff_device_same_challenge,0.0010376029734292,frozen_lifecycle
F13,S1,A,C01,F15,S1,A,C01,diff_device_same_challenge,0.002363730581274,frozen_lifecycle
F13,S1,A,C02,F13,S1,A,C03,same_device_same_state_diff_challenge,0.2533606343660403,frozen_lifecycle
F13,S1,A,C02,F13,S1,A,C04,same_device_same_state_diff_challenge,-0.0290068342746844,frozen_lifecycle
F13,S1,A,C02,F13,S1,A,C05,same_device_same_state_diff_challenge,-0.3388551804289793,frozen_lifecycle
F13,S1,A,C02,F13,S1,A,C06,same_device_same_state_diff_challenge,-0.4586996533407457,frozen_lifecycle
F13,S1,A,C02,F13,S1,A,C07,same_device_same_state_diff_challenge,-0.488730787432349,frozen_lifecycle
F13,S1,A,C02,F13,S1,A,C08,same_device_same_state_diff_challenge,-0.4317196767212285,frozen_lifecycle
F13,S1,A,C02,F13,S1,B,C02,same_device_same_state_same_challenge,0.7088280203821158,frozen_lifecycle
F13,S1,A,C02,F13,S2,A,C02,same_device_diff_state_same_challenge,0.0027045967121288,frozen_lifecycle
F13,S1,A,C02,F14,S1,A,C02,diff_device_same_challenge,-0.0044199517392671,frozen_lifecycle
F13,S1,A,C02,F15,S1,A,C02,diff_device_same_challenge,0.0016490097888321,frozen_lifecycle
F13,S1,A,C03,F13,S1,A,C04,same_device_same_state_diff_challenge,0.1514765745854073,frozen_lifecycle
F13,S1,A,C03,F13,S1,A,C05,same_device_same_state_diff_challenge,-0.1576317840311002,frozen_lifecycle
F13,S1,A,C03,F13,S1,A,C06,same_device_same_state_diff_challenge,-0.3521223947208651,frozen_lifecycle
F13,S1,A,C03,F13,S1,A,C07,same_device_same_state_diff_challenge,-0.4643308642777769,frozen_lifecycle
F13,S1,A,C03,F13,S1,A,C08,same_device_same_state_diff_challenge,-0.4307922274175997,frozen_lifecycle
F13,S1,A,C03,F13,S1,B,C03,same_device_same_state_same_challenge,0.8156136330218676,frozen_lifecycle
F13,S1,A,C03,F13,S2,A,C03,same_device_diff_state_same_challenge,0.0005695514760917,frozen_lifecycle
F13,S1,A,C03,F14,S1,A,C03,diff_device_same_challenge,0.0005176628910869,frozen_lifecycle
F13,S1,A,C03,F15,S1,A,C03,diff_device_same_challenge,0.0028142790415948,frozen_lifecycle
F13,S1,A,C04,F13,S1,A,C05,same_device_same_state_diff_challenge,0.0419265964067988,frozen_lifecycle
F13,S1,A,C04,F13,S1,A,C06,same_device_same_state_diff_challenge,-0.1843294957154055,frozen_lifecycle
F13,S1,A,C04,F13,S1,A,C07,same_device_same_state_diff_challenge,-0.3124309050694731,frozen_lifecycle
F13,S1,A,C04,F13,S1,A,C08,same_device_same_state_diff_challenge,-0.3278322871741265,frozen_lifecycle
F13,S1,A,C04,F13,S1,B,C04,same_device_same_state_same_challenge,0.7681282428901898,frozen_lifecycle
F13,S1,A,C04,F13,S2,A,C04,same_device_diff_state_same_challenge,-0.0067010029476085,frozen_lifecycle
F13,S1,A,C04,F14,S1,A,C04,diff_device_same_challenge,0.0035532367224056,frozen_lifecycle
F13,S1,A,C04,F15,S1,A,C04,diff_device_same_challenge,0.0016711232180978,frozen_lifecycle
F13,S1,A,C05,F13,S1,A,C06,same_device_same_state_diff_challenge,0.1701566161733362,frozen_lifecycle
F13,S1,A,C05,F13,S1,A,C07,same_device_same_state_diff_challenge,-0.0176233905363236,frozen_lifecycle
F13,S1,A,C05,F13,S1,A,C08,same_device_same_state_diff_challenge,-0.1247363260406705,frozen_lifecycle
F13,S1,A,C05,F13,S1,B,C05,same_device_same_state_same_challenge,0.7888184305823575,frozen_lifecycle
F13,S1,A,C05,F13,S2,A,C05,same_device_diff_state_same_challenge,0.0009726068208836,frozen_lifecycle
F13,S1,A,C05,F14,S1,A,C05,diff_device_same_challenge,0.0002404794055409,frozen_lifecycle
F13,S1,A,C05,F15,S1,A,C05,diff_device_same_challenge,0.0012019444292512,frozen_lifecycle
F13,S1,A,C06,F13,S1,A,C07,same_device_same_state_diff_challenge,0.260452272493393,frozen_lifecycle
F13,S1,A,C06,F13,S1,A,C08,same_device_same_state_diff_challenge,0.1287539102276363,frozen_lifecycle
F13,S1,A,C06,F13,S1,B,C06,same_device_same_state_same_challenge,0.7903873581660295,frozen_lifecycle
F13,S1,A,C06,F13,S2,A,C06,same_device_diff_state_same_challenge,0.0023590836458911,frozen_lifecycle
F13,S1,A,C06,F14,S1,A,C06,diff_device_same_challenge,-0.0037128109440891,frozen_lifecycle
F13,S1,A,C06,F15,S1,A,C06,diff_device_same_challenge,0.0006044929620474,frozen_lifecycle
F13,S1,A,C07,F13,S1,A,C08,same_device_same_state_diff_challenge,0.3939387107522534,frozen_lifecycle
F13,S1,A,C07,F13,S1,B,C07,same_device_same_state_same_challenge,0.6980351156648448,frozen_lifecycle
F13,S1,A,C07,F13,S2,A,C07,same_device_diff_state_same_challenge,-0.0045522754915407,frozen_lifecycle
F13,S1,A,C07,F14,S1,A,C07,diff_device_same_challenge,-0.0061762640645901,frozen_lifecycle
F13,S1,A,C07,F15,S1,A,C07,diff_device_same_challenge,0.0022985215638344,frozen_lifecycle
F13,S1,A,C08,F13,S1,B,C08,same_device_same_state_same_challenge,0.8531664870858143,frozen_lifecycle
F13,S1,A,C08,F13,S2,A,C08,same_device_diff_state_same_challenge,-0.0007183374850792,frozen_lifecycle
F13,S1,A,C08,F14,S1,A,C08,diff_device_same_challenge,0.0060847384747742,frozen_lifecycle
F13,S1,A,C08,F15,S1,A,C08,diff_device_same_challenge,-0.0015846010206897,frozen_lifecycle
F13,S1,B,C01,F13,S1,B,C02,same_device_same_state_diff_challenge,0.4368618848736174,frozen_lifecycle
F13,S1,B,C01,F13,S1,B,C03,same_device_same_state_diff_challenge,0.1274676894966676,frozen_lifecycle
F13,S1,B,C01,F13,S1,B,C04,same_device_same_state_diff_challenge,-0.080806998967591,frozen_lifecycle
F13,S1,B,C01,F13,S1,B,C05,same_device_same_state_diff_challenge,-0.349963681920499,frozen_lifecycle
F13,S1,B,C01,F13,S1,B,C06,same_device_same_state_diff_challenge,-0.4647421266922198,frozen_lifecycle
F13,S1,B,C01,F13,S1,B,C07,same_device_same_state_diff_challenge,-0.4375648158043509,frozen_lifecycle
F13,S1,B,C01,F13,S1,B,C08,same_device_same_state_diff_challenge,-0.3743469024919602,frozen_lifecycle
F13,S1,B,C01,F13,S2,B,C01,same_device_diff_state_same_challenge,-0.0002409222793143,frozen_lifecycle
F13,S1,B,C01,F14,S1,B,C01,diff_device_same_challenge,0.000482895676247,frozen_lifecycle
F13,S1,B,C01,F15,S1,B,C01,diff_device_same_challenge,-0.0025707324087407,frozen_lifecycle
F13,S1,B,C02,F13,S1,B,C03,same_device_same_state_diff_challenge,0.192560726262982,frozen_lifecycle
F13,S1,B,C02,F13,S1,B,C04,same_device_same_state_diff_challenge,-0.0217698117755168,frozen_lifecycle
F13,S1,B,C02,F13,S1,B,C05,same_device_same_state_diff_challenge,-0.342661644217667,frozen_lifecycle
F13,S1,B,C02,F13,S1,B,C06,same_device_same_state_diff_challenge,-0.4799731859382266,frozen_lifecycle
F13,S1,B,C02,F13,S1,B,C07,same_device_same_state_diff_challenge,-0.4693350361171998,frozen_lifecycle
F13,S1,B,C02,F13,S1,B,C08,same_device_same_state_diff_challenge,-0.3980031577489853,frozen_lifecycle
F13,S1,B,C02,F13,S2,B,C02,same_device_diff_state_same_challenge,-0.0022411977764285,frozen_lifecycle
F13,S1,B,C02,F14,S1,B,C02,diff_device_same_challenge,0.0009008216158617,frozen_lifecycle
F13,S1,B,C02,F15,S1,B,C02,diff_device_same_challenge,-0.0036964719937676,frozen_lifecycle
F13,S1,B,C03,F13,S1,B,C04,same_device_same_state_diff_challenge,0.1527158332113396,frozen_lifecycle
F13,S1,B,C03,F13,S1,B,C05,same_device_same_state_diff_challenge,-0.1488227769314949,frozen_lifecycle
F13,S1,B,C03,F13,S1,B,C06,same_device_same_state_diff_challenge,-0.3526305401294061,frozen_lifecycle
F13,S1,B,C03,F13,S1,B,C07,same_device_same_state_diff_challenge,-0.4288567776826381,frozen_lifecycle
F13,S1,B,C03,F13,S1,B,C08,same_device_same_state_diff_challenge,-0.3997293155609283,frozen_lifecycle
F13,S1,B,C03,F13,S2,B,C03,same_device_diff_state_same_challenge,-0.0037629458740265,frozen_lifecycle
F13,S1,B,C03,F14,S1,B,C03,diff_device_same_challenge,-0.0019737039458105,frozen_lifecycle
F13,S1,B,C03,F15,S1,B,C03,diff_device_same_challenge,-0.0022923394951345,frozen_lifecycle
F13,S1,B,C04,F13,S1,B,C05,same_device_same_state_diff_challenge,0.0456729824541117,frozen_lifecycle
F13,S1,B,C04,F13,S1,B,C06,same_device_same_state_diff_challenge,-0.2063395410462414,frozen_lifecycle
F13,S1,B,C04,F13,S1,B,C07,same_device_same_state_diff_challenge,-0.3629119334699922,frozen_lifecycle
F13,S1,B,C04,F13,S1,B,C08,same_device_same_state_diff_challenge,-0.3449040404061291,frozen_lifecycle
F13,S1,B,C04,F13,S2,B,C04,same_device_diff_state_same_challenge,-0.0043525910328148,frozen_lifecycle
F13,S1,B,C04,F14,S1,B,C04,diff_device_same_challenge,0.0050394711559729,frozen_lifecycle
F13,S1,B,C04,F15,S1,B,C04,diff_device_same_challenge,0.0007371992033436,frozen_lifecycle
F13,S1,B,C05,F13,S1,B,C06,same_device_same_state_diff_challenge,0.1716888202761849,frozen_lifecycle
F13,S1,B,C05,F13,S1,B,C07,same_device_same_state_diff_challenge,-0.0295791641992606,frozen_lifecycle
F13,S1,B,C05,F13,S1,B,C08,same_device_same_state_diff_challenge,-0.1577654145632849,frozen_lifecycle
F13,S1,B,C05,F13,S2,B,C05,same_device_diff_state_same_challenge,-0.0022899591362722,frozen_lifecycle
F13,S1,B,C05,F14,S1,B,C05,diff_device_same_challenge,-0.0013293906906987,frozen_lifecycle
F13,S1,B,C05,F15,S1,B,C05,diff_device_same_challenge,-0.0036503113972699,frozen_lifecycle
F13,S1,B,C06,F13,S1,B,C07,same_device_same_state_diff_challenge,0.2595777025143104,frozen_lifecycle
F13,S1,B,C06,F13,S1,B,C08,same_device_same_state_diff_challenge,0.1123301080712547,frozen_lifecycle
F13,S1,B,C06,F13,S2,B,C06,same_device_diff_state_same_challenge,0.0046001375888403,frozen_lifecycle
F13,S1,B,C06,F14,S1,B,C06,diff_device_same_challenge,0.0002815781108535,frozen_lifecycle
F13,S1,B,C06,F15,S1,B,C06,diff_device_same_challenge,-0.0064630286414206,frozen_lifecycle
F13,S1,B,C07,F13,S1,B,C08,same_device_same_state_diff_challenge,0.4029042749158343,frozen_lifecycle
F13,S1,B,C07,F13,S2,B,C07,same_device_diff_state_same_challenge,-0.0046129498222879,frozen_lifecycle
F13,S1,B,C07,F14,S1,B,C07,diff_device_same_challenge,-0.0044602196162106,frozen_lifecycle
F13,S1,B,C07,F15,S1,B,C07,diff_device_same_challenge,0.0018842141012707,frozen_lifecycle
F13,S1,B,C08,F13,S2,B,C08,same_device_diff_state_same_challenge,0.0011065759810225,frozen_lifecycle
F13,S1,B,C08,F14,S1,B,C08,diff_device_same_challenge,0.0028095346631749,frozen_lifecycle
F13,S1,B,C08,F15,S1,B,C08,diff_device_same_challenge,-0.0065500737335742,frozen_lifecycle
F13,S2,A,C01,F13,S2,A,C02,same_device_same_state_diff_challenge,0.3089085675001446,frozen_lifecycle
F13,S2,A,C01,F13,S2,A,C03,same_device_same_state_diff_challenge,-0.1399814830185825,frozen_lifecycle
F13,S2,A,C01,F13,S2,A,C04,same_device_same_state_diff_challenge,-0.2492784834741522,frozen_lifecycle
F13,S2,A,C01,F13,S2,A,C05,same_device_same_state_diff_challenge,-0.3142052207412206,frozen_lifecycle
F13,S2,A,C01,F13,S2,A,C06,same_device_same_state_diff_challenge,-0.4043227120587344,frozen_lifecycle
F13,S2,A,C01,F13,S2,A,C07,same_device_same_state_diff_challenge,-0.2794024925741543,frozen_lifecycle
F13,S2,A,C01,F13,S2,A,C08,same_device_same_state_diff_challenge,-0.3147711912423021,frozen_lifecycle
F13,S2,A,C01,F13,S2,B,C01,same_device_same_state_same_challenge,0.6749657988835329,frozen_lifecycle
F13,S2,A,C01,F14,S2,A,C01,diff_device_same_challenge,0.0043323508808441,frozen_lifecycle
F13,S2,A,C01,F15,S2,A,C01,diff_device_same_challenge,0.0080028287635723,frozen_lifecycle
F13,S2,A,C02,F13,S2,A,C03,same_device_same_state_diff_challenge,0.1060060921488477,frozen_lifecycle
F13,S2,A,C02,F13,S2,A,C04,same_device_same_state_diff_challenge,-0.0665539562243496,frozen_lifecycle
F13,S2,A,C02,F13,S2,A,C05,same_device_same_state_diff_challenge,-0.2441190731075361,frozen_lifecycle
F13,S2,A,C02,F13,S2,A,C06,same_device_same_state_diff_challenge,-0.4573311151235677,frozen_lifecycle
F13,S2,A,C02,F13,S2,A,C07,same_device_same_state_diff_challenge,-0.3923465137181127,frozen_lifecycle
F13,S2,A,C02,F13,S2,A,C08,same_device_same_state_diff_challenge,-0.420080444314733,frozen_lifecycle
F13,S2,A,C02,F13,S2,B,C02,same_device_same_state_same_challenge,0.7718952495321664,frozen_lifecycle
F13,S2,A,C02,F14,S2,A,C02,diff_device_same_challenge,-0.002685631306,frozen_lifecycle
F13,S2,A,C02,F15,S2,A,C02,diff_device_same_challenge,-0.0031930240747983,frozen_lifecycle
F13,S2,A,C03,F13,S2,A,C04,same_device_same_state_diff_challenge,0.1830956737309953,frozen_lifecycle
F13,S2,A,C03,F13,S2,A,C05,same_device_same_state_diff_challenge,-0.0741158053557432,frozen_lifecycle
F13,S2,A,C03,F13,S2,A,C06,same_device_same_state_diff_challenge,-0.2793027356037022,frozen_lifecycle
F13,S2,A,C03,F13,S2,A,C07,same_device_same_state_diff_challenge,-0.3364581912811389,frozen_lifecycle
F13,S2,A,C03,F13,S2,A,C08,same_device_same_state_diff_challenge,-0.3338238150948298,frozen_lifecycle
F13,S2,A,C03,F13,S2,B,C03,same_device_same_state_same_challenge,0.814061168278625,frozen_lifecycle
F13,S2,A,C03,F14,S2,A,C03,diff_device_same_challenge,-0.0016595279907072,frozen_lifecycle
F13,S2,A,C03,F15,S2,A,C03,diff_device_same_challenge,0.0009364756243779,frozen_lifecycle
F13,S2,A,C04,F13,S2,A,C05,same_device_same_state_diff_challenge,0.1515101099049428,frozen_lifecycle
F13,S2,A,C04,F13,S2,A,C06,same_device_same_state_diff_challenge,-0.1401690246526256,frozen_lifecycle
F13,S2,A,C04,F13,S2,A,C07,same_device_same_state_diff_challenge,-0.3243019742732582,frozen_lifecycle
F13,S2,A,C04,F13,S2,A,C08,same_device_same_state_diff_challenge,-0.3189273874138419,frozen_lifecycle
F13,S2,A,C04,F13,S2,B,C04,same_device_same_state_same_challenge,0.6622218625624723,frozen_lifecycle
F13,S2,A,C04,F14,S2,A,C04,diff_device_same_challenge,0.0010165782607569,frozen_lifecycle
F13,S2,A,C04,F15,S2,A,C04,diff_device_same_challenge,0.0033702025266921,frozen_lifecycle
F13,S2,A,C05,F13,S2,A,C06,same_device_same_state_diff_challenge,0.0650006146659742,frozen_lifecycle
F13,S2,A,C05,F13,S2,A,C07,same_device_same_state_diff_challenge,-0.1503544067234483,frozen_lifecycle
F13,S2,A,C05,F13,S2,A,C08,same_device_same_state_diff_challenge,-0.1603490989726129,frozen_lifecycle
F13,S2,A,C05,F13,S2,B,C05,same_device_same_state_same_challenge,0.7369117938143493,frozen_lifecycle
F13,S2,A,C05,F14,S2,A,C05,diff_device_same_challenge,0.0049686802981635,frozen_lifecycle
F13,S2,A,C05,F15,S2,A,C05,diff_device_same_challenge,0.0013672932713623,frozen_lifecycle
F13,S2,A,C06,F13,S2,A,C07,same_device_same_state_diff_challenge,0.1651808005059273,frozen_lifecycle
F13,S2,A,C06,F13,S2,A,C08,same_device_same_state_diff_challenge,0.2176264914290453,frozen_lifecycle
F13,S2,A,C06,F13,S2,B,C06,same_device_same_state_same_challenge,0.8498516289336162,frozen_lifecycle
F13,S2,A,C06,F14,S2,A,C06,diff_device_same_challenge,-0.0051952276049192,frozen_lifecycle
F13,S2,A,C06,F15,S2,A,C06,diff_device_same_challenge,0.0008339098475405,frozen_lifecycle
F13,S2,A,C07,F13,S2,A,C08,same_device_same_state_diff_challenge,0.3076144264720771,frozen_lifecycle
F13,S2,A,C07,F13,S2,B,C07,same_device_same_state_same_challenge,0.8487729802589645,frozen_lifecycle
F13,S2,A,C07,F14,S2,A,C07,diff_device_same_challenge,-0.0112737279487113,frozen_lifecycle
F13,S2,A,C07,F15,S2,A,C07,diff_device_same_challenge,0.0020529405901979,frozen_lifecycle
F13,S2,A,C08,F13,S2,B,C08,same_device_same_state_same_challenge,0.6528084074867275,frozen_lifecycle
F13,S2,A,C08,F14,S2,A,C08,diff_device_same_challenge,-0.001246346574488,frozen_lifecycle
F13,S2,A,C08,F15,S2,A,C08,diff_device_same_challenge,-0.0056027311924512,frozen_lifecycle
F13,S2,B,C01,F13,S2,B,C02,same_device_same_state_diff_challenge,0.341920667404549,frozen_lifecycle
F13,S2,B,C01,F13,S2,B,C03,same_device_same_state_diff_challenge,0.0136627097888762,frozen_lifecycle
F13,S2,B,C01,F13,S2,B,C04,same_device_same_state_diff_challenge,-0.1555743697704595,frozen_lifecycle
F13,S2,B,C01,F13,S2,B,C05,same_device_same_state_diff_challenge,-0.2948358241471826,frozen_lifecycle
F13,S2,B,C01,F13,S2,B,C06,same_device_same_state_diff_challenge,-0.4108161405017301,frozen_lifecycle
F13,S2,B,C01,F13,S2,B,C07,same_device_same_state_diff_challenge,-0.3329453658862327,frozen_lifecycle
F13,S2,B,C01,F13,S2,B,C08,same_device_same_state_diff_challenge,-0.340202602281686,frozen_lifecycle
F13,S2,B,C01,F14,S2,B,C01,diff_device_same_challenge,-0.0015654777735385,frozen_lifecycle
F13,S2,B,C01,F15,S2,B,C01,diff_device_same_challenge,-0.0042569481424132,frozen_lifecycle
F13,S2,B,C02,F13,S2,B,C03,same_device_same_state_diff_challenge,0.2166823710994406,frozen_lifecycle
F13,S2,B,C02,F13,S2,B,C04,same_device_same_state_diff_challenge,0.0061864618654639,frozen_lifecycle
F13,S2,B,C02,F13,S2,B,C05,same_device_same_state_diff_challenge,-0.2956516899624749,frozen_lifecycle
F13,S2,B,C02,F13,S2,B,C06,same_device_same_state_diff_challenge,-0.4629412993302837,frozen_lifecycle
F13,S2,B,C02,F13,S2,B,C07,same_device_same_state_diff_challenge,-0.4149323837649102,frozen_lifecycle
F13,S2,B,C02,F13,S2,B,C08,same_device_same_state_diff_challenge,-0.4016564190285439,frozen_lifecycle
F13,S2,B,C02,F14,S2,B,C02,diff_device_same_challenge,-0.0015676505681339,frozen_lifecycle
F13,S2,B,C02,F15,S2,B,C02,diff_device_same_challenge,-0.0060133985109213,frozen_lifecycle
F13,S2,B,C03,F13,S2,B,C04,same_device_same_state_diff_challenge,0.2273887948837156,frozen_lifecycle
F13,S2,B,C03,F13,S2,B,C05,same_device_same_state_diff_challenge,-0.2152892586967333,frozen_lifecycle
F13,S2,B,C03,F13,S2,B,C06,same_device_same_state_diff_challenge,-0.38167922156718,frozen_lifecycle
F13,S2,B,C03,F13,S2,B,C07,same_device_same_state_diff_challenge,-0.3734817410223297,frozen_lifecycle
F13,S2,B,C03,F13,S2,B,C08,same_device_same_state_diff_challenge,-0.3499398681235891,frozen_lifecycle
F13,S2,B,C03,F14,S2,B,C03,diff_device_same_challenge,0.0035503875130498,frozen_lifecycle
F13,S2,B,C03,F15,S2,B,C03,diff_device_same_challenge,-0.0044013494065938,frozen_lifecycle
F13,S2,B,C04,F13,S2,B,C05,same_device_same_state_diff_challenge,-0.0920316391975837,frozen_lifecycle
F13,S2,B,C04,F13,S2,B,C06,same_device_same_state_diff_challenge,-0.2565173767899993,frozen_lifecycle
F13,S2,B,C04,F13,S2,B,C07,same_device_same_state_diff_challenge,-0.3256630739528068,frozen_lifecycle
F13,S2,B,C04,F13,S2,B,C08,same_device_same_state_diff_challenge,-0.252253743046931,frozen_lifecycle
F13,S2,B,C04,F14,S2,B,C04,diff_device_same_challenge,-0.0050172828581731,frozen_lifecycle
F13,S2,B,C04,F15,S2,B,C04,diff_device_same_challenge,-0.0017243476903457,frozen_lifecycle
F13,S2,B,C05,F13,S2,B,C06,same_device_same_state_diff_challenge,0.1981717438580434,frozen_lifecycle
F13,S2,B,C05,F13,S2,B,C07,same_device_same_state_diff_challenge,-0.0329914876986454,frozen_lifecycle
F13,S2,B,C05,F13,S2,B,C08,same_device_same_state_diff_challenge,-0.098265428655229,frozen_lifecycle
F13,S2,B,C05,F14,S2,B,C05,diff_device_same_challenge,0.0063586130711939,frozen_lifecycle
F13,S2,B,C05,F15,S2,B,C05,diff_device_same_challenge,-0.00791920841724,frozen_lifecycle
F13,S2,B,C06,F13,S2,B,C07,same_device_same_state_diff_challenge,0.2287414334765808,frozen_lifecycle
F13,S2,B,C06,F13,S2,B,C08,same_device_same_state_diff_challenge,0.1551434469620783,frozen_lifecycle
F13,S2,B,C06,F14,S2,B,C06,diff_device_same_challenge,-0.0021270466530463,frozen_lifecycle
F13,S2,B,C06,F15,S2,B,C06,diff_device_same_challenge,0.0027216751720495,frozen_lifecycle
F13,S2,B,C07,F13,S2,B,C08,same_device_same_state_diff_challenge,0.1530635466185916,frozen_lifecycle
F13,S2,B,C07,F14,S2,B,C07,diff_device_same_challenge,-0.0089625200346294,frozen_lifecycle
F13,S2,B,C07,F15,S2,B,C07,diff_device_same_challenge,-0.0033426152647596,frozen_lifecycle
F13,S2,B,C08,F14,S2,B,C08,diff_device_same_challenge,0.0010109328870163,frozen_lifecycle
F13,S2,B,C08,F15,S2,B,C08,diff_device_same_challenge,-0.003249761381102,frozen_lifecycle
F14,S0,A,C01,F14,S0,A,C02,same_device_same_state_diff_challenge,0.0833886407358744,frozen_lifecycle
F14,S0,A,C01,F14,S0,A,C03,same_device_same_state_diff_challenge,-0.1290933327437298,frozen_lifecycle
F14,S0,A,C01,F14,S0,A,C04,same_device_same_state_diff_challenge,-0.1524043480248739,frozen_lifecycle
F14,S0,A,C01,F14,S0,A,C05,same_device_same_state_diff_challenge,-0.2157532291473232,frozen_lifecycle
F14,S0,A,C01,F14,S0,A,C06,same_device_same_state_diff_challenge,-0.2249777502602584,frozen_lifecycle
F14,S0,A,C01,F14,S0,A,C07,same_device_same_state_diff_challenge,-0.1981167431928081,frozen_lifecycle
F14,S0,A,C01,F14,S0,A,C08,same_device_same_state_diff_challenge,-0.2062960336472752,frozen_lifecycle
F14,S0,A,C01,F14,S0,B,C01,same_device_same_state_same_challenge,0.7421526577164921,frozen_lifecycle
F14,S0,A,C01,F14,S1,A,C01,same_device_diff_state_same_challenge,0.003004450746294,frozen_lifecycle
F14,S0,A,C01,F14,S2,A,C01,same_device_diff_state_same_challenge,0.0064049230895385,frozen_lifecycle
F14,S0,A,C01,F15,S0,A,C01,diff_device_same_challenge,-0.0007332288595922,frozen_lifecycle
F14,S0,A,C02,F14,S0,A,C03,same_device_same_state_diff_challenge,0.0387600638483254,frozen_lifecycle
F14,S0,A,C02,F14,S0,A,C04,same_device_same_state_diff_challenge,-0.0329482473405343,frozen_lifecycle
F14,S0,A,C02,F14,S0,A,C05,same_device_same_state_diff_challenge,-0.2030413179833608,frozen_lifecycle
F14,S0,A,C02,F14,S0,A,C06,same_device_same_state_diff_challenge,-0.2890254207210902,frozen_lifecycle
F14,S0,A,C02,F14,S0,A,C07,same_device_same_state_diff_challenge,-0.2808230462324561,frozen_lifecycle
F14,S0,A,C02,F14,S0,A,C08,same_device_same_state_diff_challenge,-0.2802374735532194,frozen_lifecycle
F14,S0,A,C02,F14,S0,B,C02,same_device_same_state_same_challenge,0.2696261282742833,frozen_lifecycle
F14,S0,A,C02,F14,S1,A,C02,same_device_diff_state_same_challenge,-0.0020102630962875,frozen_lifecycle
F14,S0,A,C02,F14,S2,A,C02,same_device_diff_state_same_challenge,-0.0032556513923354,frozen_lifecycle
F14,S0,A,C02,F15,S0,A,C02,diff_device_same_challenge,0.0044438447585477,frozen_lifecycle
F14,S0,A,C03,F14,S0,A,C04,same_device_same_state_diff_challenge,0.1074102190702323,frozen_lifecycle
F14,S0,A,C03,F14,S0,A,C05,same_device_same_state_diff_challenge,-0.0720294717548764,frozen_lifecycle
F14,S0,A,C03,F14,S0,A,C06,same_device_same_state_diff_challenge,-0.2752389011443077,frozen_lifecycle
F14,S0,A,C03,F14,S0,A,C07,same_device_same_state_diff_challenge,-0.3136679611547687,frozen_lifecycle
F14,S0,A,C03,F14,S0,A,C08,same_device_same_state_diff_challenge,-0.3000022210889003,frozen_lifecycle
F14,S0,A,C03,F14,S0,B,C03,same_device_same_state_same_challenge,0.801776359526422,frozen_lifecycle
F14,S0,A,C03,F14,S1,A,C03,same_device_diff_state_same_challenge,-0.005000643177727,frozen_lifecycle
F14,S0,A,C03,F14,S2,A,C03,same_device_diff_state_same_challenge,0.0066036840423041,frozen_lifecycle
F14,S0,A,C03,F15,S0,A,C03,diff_device_same_challenge,0.0048019919017142,frozen_lifecycle
F14,S0,A,C04,F14,S0,A,C05,same_device_same_state_diff_challenge,0.0227041040840953,frozen_lifecycle
F14,S0,A,C04,F14,S0,A,C06,same_device_same_state_diff_challenge,-0.2532727823434044,frozen_lifecycle
F14,S0,A,C04,F14,S0,A,C07,same_device_same_state_diff_challenge,-0.3128465362939244,frozen_lifecycle
F14,S0,A,C04,F14,S0,A,C08,same_device_same_state_diff_challenge,-0.3040588590306602,frozen_lifecycle
F14,S0,A,C04,F14,S0,B,C04,same_device_same_state_same_challenge,0.8139272838602843,frozen_lifecycle
F14,S0,A,C04,F14,S1,A,C04,same_device_diff_state_same_challenge,-0.0017687896367693,frozen_lifecycle
F14,S0,A,C04,F14,S2,A,C04,same_device_diff_state_same_challenge,0.0016483650764331,frozen_lifecycle
F14,S0,A,C04,F15,S0,A,C04,diff_device_same_challenge,0.0059882017994766,frozen_lifecycle
F14,S0,A,C05,F14,S0,A,C06,same_device_same_state_diff_challenge,-0.0501990820005463,frozen_lifecycle
F14,S0,A,C05,F14,S0,A,C07,same_device_same_state_diff_challenge,-0.2282845726251917,frozen_lifecycle
F14,S0,A,C05,F14,S0,A,C08,same_device_same_state_diff_challenge,-0.1997353948941919,frozen_lifecycle
F14,S0,A,C05,F14,S0,B,C05,same_device_same_state_same_challenge,0.2954126294059334,frozen_lifecycle
F14,S0,A,C05,F14,S1,A,C05,same_device_diff_state_same_challenge,0.0007785361957537,frozen_lifecycle
F14,S0,A,C05,F14,S2,A,C05,same_device_diff_state_same_challenge,0.0058448520578099,frozen_lifecycle
F14,S0,A,C05,F15,S0,A,C05,diff_device_same_challenge,-0.0076450765338228,frozen_lifecycle
F14,S0,A,C06,F14,S0,A,C07,same_device_same_state_diff_challenge,0.0156501865199675,frozen_lifecycle
F14,S0,A,C06,F14,S0,A,C08,same_device_same_state_diff_challenge,0.0246158761200849,frozen_lifecycle
F14,S0,A,C06,F14,S0,B,C06,same_device_same_state_same_challenge,0.7415667256488397,frozen_lifecycle
F14,S0,A,C06,F14,S1,A,C06,same_device_diff_state_same_challenge,0.0013283851121032,frozen_lifecycle
F14,S0,A,C06,F14,S2,A,C06,same_device_diff_state_same_challenge,0.0061421274715431,frozen_lifecycle
F14,S0,A,C06,F15,S0,A,C06,diff_device_same_challenge,0.0031543696060821,frozen_lifecycle
F14,S0,A,C07,F14,S0,A,C08,same_device_same_state_diff_challenge,0.2372049422789748,frozen_lifecycle
F14,S0,A,C07,F14,S0,B,C07,same_device_same_state_same_challenge,0.8623994415352996,frozen_lifecycle
F14,S0,A,C07,F14,S1,A,C07,same_device_diff_state_same_challenge,-0.0016398113033123,frozen_lifecycle
F14,S0,A,C07,F14,S2,A,C07,same_device_diff_state_same_challenge,0.0052357246176303,frozen_lifecycle
F14,S0,A,C07,F15,S0,A,C07,diff_device_same_challenge,-0.0040411038296454,frozen_lifecycle
F14,S0,A,C08,F14,S0,B,C08,same_device_same_state_same_challenge,0.4399290412223237,frozen_lifecycle
F14,S0,A,C08,F14,S1,A,C08,same_device_diff_state_same_challenge,-0.0006998851853132,frozen_lifecycle
F14,S0,A,C08,F14,S2,A,C08,same_device_diff_state_same_challenge,-0.0027672908853949,frozen_lifecycle
F14,S0,A,C08,F15,S0,A,C08,diff_device_same_challenge,0.0078725224894355,frozen_lifecycle
F14,S0,B,C01,F14,S0,B,C02,same_device_same_state_diff_challenge,-0.104510801404687,frozen_lifecycle
F14,S0,B,C01,F14,S0,B,C03,same_device_same_state_diff_challenge,0.0103157393203763,frozen_lifecycle
F14,S0,B,C01,F14,S0,B,C04,same_device_same_state_diff_challenge,-0.0799799476220512,frozen_lifecycle
F14,S0,B,C01,F14,S0,B,C05,same_device_same_state_diff_challenge,-0.252609832107469,frozen_lifecycle
F14,S0,B,C01,F14,S0,B,C06,same_device_same_state_diff_challenge,-0.2556769187811112,frozen_lifecycle
F14,S0,B,C01,F14,S0,B,C07,same_device_same_state_diff_challenge,-0.224490766172133,frozen_lifecycle
F14,S0,B,C01,F14,S0,B,C08,same_device_same_state_diff_challenge,-0.1390277683887214,frozen_lifecycle
F14,S0,B,C01,F14,S1,B,C01,same_device_diff_state_same_challenge,0.0121749644865758,frozen_lifecycle
F14,S0,B,C01,F14,S2,B,C01,same_device_diff_state_same_challenge,0.0039537314937518,frozen_lifecycle
F14,S0,B,C01,F15,S0,B,C01,diff_device_same_challenge,-0.0062461211519894,frozen_lifecycle
F14,S0,B,C02,F14,S0,B,C03,same_device_same_state_diff_challenge,0.0260864861149559,frozen_lifecycle
F14,S0,B,C02,F14,S0,B,C04,same_device_same_state_diff_challenge,0.0497563376562214,frozen_lifecycle
F14,S0,B,C02,F14,S0,B,C05,same_device_same_state_diff_challenge,-0.1722730969468617,frozen_lifecycle
F14,S0,B,C02,F14,S0,B,C06,same_device_same_state_diff_challenge,-0.2496087345616096,frozen_lifecycle
F14,S0,B,C02,F14,S0,B,C07,same_device_same_state_diff_challenge,-0.2648542858359162,frozen_lifecycle
F14,S0,B,C02,F14,S0,B,C08,same_device_same_state_diff_challenge,-0.2013435182226758,frozen_lifecycle
F14,S0,B,C02,F14,S1,B,C02,same_device_diff_state_same_challenge,0.0038332930251294,frozen_lifecycle
F14,S0,B,C02,F14,S2,B,C02,same_device_diff_state_same_challenge,0.011306250583866,frozen_lifecycle
F14,S0,B,C02,F15,S0,B,C02,diff_device_same_challenge,0.0036889879404188,frozen_lifecycle
F14,S0,B,C03,F14,S0,B,C04,same_device_same_state_diff_challenge,0.1537923024697812,frozen_lifecycle
F14,S0,B,C03,F14,S0,B,C05,same_device_same_state_diff_challenge,-0.2780389685971111,frozen_lifecycle
F14,S0,B,C03,F14,S0,B,C06,same_device_same_state_diff_challenge,-0.3274553633588126,frozen_lifecycle
F14,S0,B,C03,F14,S0,B,C07,same_device_same_state_diff_challenge,-0.3152264766996401,frozen_lifecycle
F14,S0,B,C03,F14,S0,B,C08,same_device_same_state_diff_challenge,-0.2372956293834688,frozen_lifecycle
F14,S0,B,C03,F14,S1,B,C03,same_device_diff_state_same_challenge,-0.0091944578430453,frozen_lifecycle
F14,S0,B,C03,F14,S2,B,C03,same_device_diff_state_same_challenge,0.0058688952817807,frozen_lifecycle
F14,S0,B,C03,F15,S0,B,C03,diff_device_same_challenge,0.009350815387857,frozen_lifecycle
F14,S0,B,C04,F14,S0,B,C05,same_device_same_state_diff_challenge,-0.2470369289144862,frozen_lifecycle
F14,S0,B,C04,F14,S0,B,C06,same_device_same_state_diff_challenge,-0.2945745928447535,frozen_lifecycle
F14,S0,B,C04,F14,S0,B,C07,same_device_same_state_diff_challenge,-0.3013989546943256,frozen_lifecycle
F14,S0,B,C04,F14,S0,B,C08,same_device_same_state_diff_challenge,-0.2331228393106589,frozen_lifecycle
F14,S0,B,C04,F14,S1,B,C04,same_device_diff_state_same_challenge,-0.0035266059780063,frozen_lifecycle
F14,S0,B,C04,F14,S2,B,C04,same_device_diff_state_same_challenge,-0.0021350731803465,frozen_lifecycle
F14,S0,B,C04,F15,S0,B,C04,diff_device_same_challenge,0.0002870425531292,frozen_lifecycle
F14,S0,B,C05,F14,S0,B,C06,same_device_same_state_diff_challenge,0.1612537809800477,frozen_lifecycle
F14,S0,B,C05,F14,S0,B,C07,same_device_same_state_diff_challenge,-0.0329625660249975,frozen_lifecycle
F14,S0,B,C05,F14,S0,B,C08,same_device_same_state_diff_challenge,-0.1596344111839852,frozen_lifecycle
F14,S0,B,C05,F14,S1,B,C05,same_device_diff_state_same_challenge,-0.0096485769203148,frozen_lifecycle
F14,S0,B,C05,F14,S2,B,C05,same_device_diff_state_same_challenge,0.0014089056398264,frozen_lifecycle
F14,S0,B,C05,F15,S0,B,C05,diff_device_same_challenge,-0.0033886876769919,frozen_lifecycle
F14,S0,B,C06,F14,S0,B,C07,same_device_same_state_diff_challenge,0.0977011255848011,frozen_lifecycle
F14,S0,B,C06,F14,S0,B,C08,same_device_same_state_diff_challenge,-0.12766519108451,frozen_lifecycle
F14,S0,B,C06,F14,S1,B,C06,same_device_diff_state_same_challenge,0.0005867289146267,frozen_lifecycle
F14,S0,B,C06,F14,S2,B,C06,same_device_diff_state_same_challenge,0.0039851645520924,frozen_lifecycle
F14,S0,B,C06,F15,S0,B,C06,diff_device_same_challenge,0.0024075332205236,frozen_lifecycle
F14,S0,B,C07,F14,S0,B,C08,same_device_same_state_diff_challenge,0.007949792979905,frozen_lifecycle
F14,S0,B,C07,F14,S1,B,C07,same_device_diff_state_same_challenge,0.0043482144358454,frozen_lifecycle
F14,S0,B,C07,F14,S2,B,C07,same_device_diff_state_same_challenge,0.003836619686238,frozen_lifecycle
F14,S0,B,C07,F15,S0,B,C07,diff_device_same_challenge,-0.0016471045739752,frozen_lifecycle
F14,S0,B,C08,F14,S1,B,C08,same_device_diff_state_same_challenge,0.0023294779916528,frozen_lifecycle
F14,S0,B,C08,F14,S2,B,C08,same_device_diff_state_same_challenge,-0.0029915473216002,frozen_lifecycle
F14,S0,B,C08,F15,S0,B,C08,diff_device_same_challenge,-0.0046381702720503,frozen_lifecycle
F14,S1,A,C01,F14,S1,A,C02,same_device_same_state_diff_challenge,0.1035061850267856,frozen_lifecycle
F14,S1,A,C01,F14,S1,A,C03,same_device_same_state_diff_challenge,-0.0113121148286698,frozen_lifecycle
F14,S1,A,C01,F14,S1,A,C04,same_device_same_state_diff_challenge,-0.1677103150795358,frozen_lifecycle
F14,S1,A,C01,F14,S1,A,C05,same_device_same_state_diff_challenge,-0.2239138215470292,frozen_lifecycle
F14,S1,A,C01,F14,S1,A,C06,same_device_same_state_diff_challenge,-0.2814947626690267,frozen_lifecycle
F14,S1,A,C01,F14,S1,A,C07,same_device_same_state_diff_challenge,-0.2504018596719698,frozen_lifecycle
F14,S1,A,C01,F14,S1,A,C08,same_device_same_state_diff_challenge,-0.1955917885624585,frozen_lifecycle
F14,S1,A,C01,F14,S1,B,C01,same_device_same_state_same_challenge,0.717545912855214,frozen_lifecycle
F14,S1,A,C01,F14,S2,A,C01,same_device_diff_state_same_challenge,-0.0052695905442,frozen_lifecycle
F14,S1,A,C01,F15,S1,A,C01,diff_device_same_challenge,0.0060625025544565,frozen_lifecycle
F14,S1,A,C02,F14,S1,A,C03,same_device_same_state_diff_challenge,0.0385041036610814,frozen_lifecycle
F14,S1,A,C02,F14,S1,A,C04,same_device_same_state_diff_challenge,-0.0805366999022339,frozen_lifecycle
F14,S1,A,C02,F14,S1,A,C05,same_device_same_state_diff_challenge,-0.1598692828624427,frozen_lifecycle
F14,S1,A,C02,F14,S1,A,C06,same_device_same_state_diff_challenge,-0.2633275753308234,frozen_lifecycle
F14,S1,A,C02,F14,S1,A,C07,same_device_same_state_diff_challenge,-0.3048542534901373,frozen_lifecycle
F14,S1,A,C02,F14,S1,A,C08,same_device_same_state_diff_challenge,-0.2912316484549235,frozen_lifecycle
F14,S1,A,C02,F14,S1,B,C02,same_device_same_state_same_challenge,0.7645798313071543,frozen_lifecycle
F14,S1,A,C02,F14,S2,A,C02,same_device_diff_state_same_challenge,0.0082844174296291,frozen_lifecycle
F14,S1,A,C02,F15,S1,A,C02,diff_device_same_challenge,0.0043200910877976,frozen_lifecycle
F14,S1,A,C03,F14,S1,A,C04,same_device_same_state_diff_challenge,0.0001523993717658,frozen_lifecycle
F14,S1,A,C03,F14,S1,A,C05,same_device_same_state_diff_challenge,-0.0691761760220119,frozen_lifecycle
F14,S1,A,C03,F14,S1,A,C06,same_device_same_state_diff_challenge,-0.2887344007702988,frozen_lifecycle
F14,S1,A,C03,F14,S1,A,C07,same_device_same_state_diff_challenge,-0.3248350350118879,frozen_lifecycle
F14,S1,A,C03,F14,S1,A,C08,same_device_same_state_diff_challenge,-0.2823621740310191,frozen_lifecycle
F14,S1,A,C03,F14,S1,B,C03,same_device_same_state_same_challenge,0.8090192866347681,frozen_lifecycle
F14,S1,A,C03,F14,S2,A,C03,same_device_diff_state_same_challenge,-0.005203267171313,frozen_lifecycle
F14,S1,A,C03,F15,S1,A,C03,diff_device_same_challenge,0.0020957576923102,frozen_lifecycle
F14,S1,A,C04,F14,S1,A,C05,same_device_same_state_diff_challenge,0.0796842844810068,frozen_lifecycle
F14,S1,A,C04,F14,S1,A,C06,same_device_same_state_diff_challenge,-0.1496772197247771,frozen_lifecycle
F14,S1,A,C04,F14,S1,A,C07,same_device_same_state_diff_challenge,-0.2716226426393904,frozen_lifecycle
F14,S1,A,C04,F14,S1,A,C08,same_device_same_state_diff_challenge,-0.2981504783270297,frozen_lifecycle
F14,S1,A,C04,F14,S1,B,C04,same_device_same_state_same_challenge,0.8486826161246136,frozen_lifecycle
F14,S1,A,C04,F14,S2,A,C04,same_device_diff_state_same_challenge,0.0021296657880789,frozen_lifecycle
F14,S1,A,C04,F15,S1,A,C04,diff_device_same_challenge,0.0025911229925575,frozen_lifecycle
F14,S1,A,C05,F14,S1,A,C06,same_device_same_state_diff_challenge,-0.0498010253262909,frozen_lifecycle
F14,S1,A,C05,F14,S1,A,C07,same_device_same_state_diff_challenge,-0.2213064799216413,frozen_lifecycle
F14,S1,A,C05,F14,S1,A,C08,same_device_same_state_diff_challenge,-0.2642510012696181,frozen_lifecycle
F14,S1,A,C05,F14,S1,B,C05,same_device_same_state_same_challenge,0.113491936981481,frozen_lifecycle
F14,S1,A,C05,F14,S2,A,C05,same_device_diff_state_same_challenge,-0.0033760004541654,frozen_lifecycle
F14,S1,A,C05,F15,S1,A,C05,diff_device_same_challenge,0.0028041171575853,frozen_lifecycle
F14,S1,A,C06,F14,S1,A,C07,same_device_same_state_diff_challenge,0.0883576961031678,frozen_lifecycle
F14,S1,A,C06,F14,S1,A,C08,same_device_same_state_diff_challenge,-0.0526102851879578,frozen_lifecycle
F14,S1,A,C06,F14,S1,B,C06,same_device_same_state_same_challenge,0.5744476334407542,frozen_lifecycle
F14,S1,A,C06,F14,S2,A,C06,same_device_diff_state_same_challenge,0.0043188575879199,frozen_lifecycle
F14,S1,A,C06,F15,S1,A,C06,diff_device_same_challenge,0.0035892536235925,frozen_lifecycle
F14,S1,A,C07,F14,S1,A,C08,same_device_same_state_diff_challenge,0.2117328643922896,frozen_lifecycle
F14,S1,A,C07,F14,S1,B,C07,same_device_same_state_same_challenge,0.8082701311900825,frozen_lifecycle
F14,S1,A,C07,F14,S2,A,C07,same_device_diff_state_same_challenge,-0.0007038281116177,frozen_lifecycle
F14,S1,A,C07,F15,S1,A,C07,diff_device_same_challenge,-0.000936741892962,frozen_lifecycle
F14,S1,A,C08,F14,S1,B,C08,same_device_same_state_same_challenge,0.1671236861885643,frozen_lifecycle
F14,S1,A,C08,F14,S2,A,C08,same_device_diff_state_same_challenge,0.0027887115038059,frozen_lifecycle
F14,S1,A,C08,F15,S1,A,C08,diff_device_same_challenge,0.0056319682976814,frozen_lifecycle
F14,S1,B,C01,F14,S1,B,C02,same_device_same_state_diff_challenge,0.1202188718076942,frozen_lifecycle
F14,S1,B,C01,F14,S1,B,C03,same_device_same_state_diff_challenge,-0.0455944887860573,frozen_lifecycle
F14,S1,B,C01,F14,S1,B,C04,same_device_same_state_diff_challenge,-0.0769592916728585,frozen_lifecycle
F14,S1,B,C01,F14,S1,B,C05,same_device_same_state_diff_challenge,-0.2703495360853891,frozen_lifecycle
F14,S1,B,C01,F14,S1,B,C06,same_device_same_state_diff_challenge,-0.2921213468501754,frozen_lifecycle
F14,S1,B,C01,F14,S1,B,C07,same_device_same_state_diff_challenge,-0.2815152285084994,frozen_lifecycle
F14,S1,B,C01,F14,S1,B,C08,same_device_same_state_diff_challenge,-0.1407443820155039,frozen_lifecycle
F14,S1,B,C01,F14,S2,B,C01,same_device_diff_state_same_challenge,0.0066827759405821,frozen_lifecycle
F14,S1,B,C01,F15,S1,B,C01,diff_device_same_challenge,0.0107756814440541,frozen_lifecycle
F14,S1,B,C02,F14,S1,B,C03,same_device_same_state_diff_challenge,0.098578246423295,frozen_lifecycle
F14,S1,B,C02,F14,S1,B,C04,same_device_same_state_diff_challenge,0.0082228018846121,frozen_lifecycle
F14,S1,B,C02,F14,S1,B,C05,same_device_same_state_diff_challenge,-0.3414165455941801,frozen_lifecycle
F14,S1,B,C02,F14,S1,B,C06,same_device_same_state_diff_challenge,-0.355563125609962,frozen_lifecycle
F14,S1,B,C02,F14,S1,B,C07,same_device_same_state_diff_challenge,-0.3284991312178153,frozen_lifecycle
F14,S1,B,C02,F14,S1,B,C08,same_device_same_state_diff_challenge,-0.1681641630615339,frozen_lifecycle
F14,S1,B,C02,F14,S2,B,C02,same_device_diff_state_same_challenge,0.0092382094761079,frozen_lifecycle
F14,S1,B,C02,F15,S1,B,C02,diff_device_same_challenge,0.0090983349398538,frozen_lifecycle
F14,S1,B,C03,F14,S1,B,C04,same_device_same_state_diff_challenge,-0.0057635040157127,frozen_lifecycle
F14,S1,B,C03,F14,S1,B,C05,same_device_same_state_diff_challenge,-0.3129032288780798,frozen_lifecycle
F14,S1,B,C03,F14,S1,B,C06,same_device_same_state_diff_challenge,-0.3240425033300647,frozen_lifecycle
F14,S1,B,C03,F14,S1,B,C07,same_device_same_state_diff_challenge,-0.3180027251453746,frozen_lifecycle
F14,S1,B,C03,F14,S1,B,C08,same_device_same_state_diff_challenge,-0.0996087159919839,frozen_lifecycle
F14,S1,B,C03,F14,S2,B,C03,same_device_diff_state_same_challenge,-0.0040629117367783,frozen_lifecycle
F14,S1,B,C03,F15,S1,B,C03,diff_device_same_challenge,-0.0033732078778508,frozen_lifecycle
F14,S1,B,C04,F14,S1,B,C05,same_device_same_state_diff_challenge,-0.246094870562939,frozen_lifecycle
F14,S1,B,C04,F14,S1,B,C06,same_device_same_state_diff_challenge,-0.2415115268237511,frozen_lifecycle
F14,S1,B,C04,F14,S1,B,C07,same_device_same_state_diff_challenge,-0.1919806685207771,frozen_lifecycle
F14,S1,B,C04,F14,S1,B,C08,same_device_same_state_diff_challenge,-0.1858586617014303,frozen_lifecycle
F14,S1,B,C04,F14,S2,B,C04,same_device_diff_state_same_challenge,0.0050656192623952,frozen_lifecycle
F14,S1,B,C04,F15,S1,B,C04,diff_device_same_challenge,0.0081807994883597,frozen_lifecycle
F14,S1,B,C05,F14,S1,B,C06,same_device_same_state_diff_challenge,0.2147472859846537,frozen_lifecycle
F14,S1,B,C05,F14,S1,B,C07,same_device_same_state_diff_challenge,0.1359003708131072,frozen_lifecycle
F14,S1,B,C05,F14,S1,B,C08,same_device_same_state_diff_challenge,-0.1630645166023156,frozen_lifecycle
F14,S1,B,C05,F14,S2,B,C05,same_device_diff_state_same_challenge,0.0008630408906243,frozen_lifecycle
F14,S1,B,C05,F15,S1,B,C05,diff_device_same_challenge,-1.543121230318594e-05,frozen_lifecycle
F14,S1,B,C06,F14,S1,B,C07,same_device_same_state_diff_challenge,0.2166273361519008,frozen_lifecycle
F14,S1,B,C06,F14,S1,B,C08,same_device_same_state_diff_challenge,-0.1932510478834853,frozen_lifecycle
F14,S1,B,C06,F14,S2,B,C06,same_device_diff_state_same_challenge,-0.002703407600948,frozen_lifecycle
F14,S1,B,C06,F15,S1,B,C06,diff_device_same_challenge,0.0066095254789886,frozen_lifecycle
F14,S1,B,C07,F14,S1,B,C08,same_device_same_state_diff_challenge,-0.1991746021729472,frozen_lifecycle
F14,S1,B,C07,F14,S2,B,C07,same_device_diff_state_same_challenge,0.0045651495301984,frozen_lifecycle
F14,S1,B,C07,F15,S1,B,C07,diff_device_same_challenge,0.0009034726310153,frozen_lifecycle
F14,S1,B,C08,F14,S2,B,C08,same_device_diff_state_same_challenge,0.0043237886274365,frozen_lifecycle
F14,S1,B,C08,F15,S1,B,C08,diff_device_same_challenge,0.0039624709038595,frozen_lifecycle
F14,S2,A,C01,F14,S2,A,C02,same_device_same_state_diff_challenge,0.2173404488637596,frozen_lifecycle
F14,S2,A,C01,F14,S2,A,C03,same_device_same_state_diff_challenge,0.0151479522979293,frozen_lifecycle
F14,S2,A,C01,F14,S2,A,C04,same_device_same_state_diff_challenge,-0.2289962151723837,frozen_lifecycle
F14,S2,A,C01,F14,S2,A,C05,same_device_same_state_diff_challenge,-0.2954288643867672,frozen_lifecycle
F14,S2,A,C01,F14,S2,A,C06,same_device_same_state_diff_challenge,-0.2896378225322931,frozen_lifecycle
F14,S2,A,C01,F14,S2,A,C07,same_device_same_state_diff_challenge,-0.2386331831507186,frozen_lifecycle
F14,S2,A,C01,F14,S2,A,C08,same_device_same_state_diff_challenge,-0.1781745425856742,frozen_lifecycle
F14,S2,A,C01,F14,S2,B,C01,same_device_same_state_same_challenge,0.7652231986247415,frozen_lifecycle
F14,S2,A,C01,F15,S2,A,C01,diff_device_same_challenge,-0.004234102581234,frozen_lifecycle
F14,S2,A,C02,F14,S2,A,C03,same_device_same_state_diff_challenge,0.1436128133618097,frozen_lifecycle
F14,S2,A,C02,F14,S2,A,C04,same_device_same_state_diff_challenge,-0.2546529036991505,frozen_lifecycle
F14,S2,A,C02,F14,S2,A,C05,same_device_same_state_diff_challenge,-0.3123090046370778,frozen_lifecycle
F14,S2,A,C02,F14,S2,A,C06,same_device_same_state_diff_challenge,-0.3145583918637711,frozen_lifecycle
F14,S2,A,C02,F14,S2,A,C07,same_device_same_state_diff_challenge,-0.2481344824771971,frozen_lifecycle
F14,S2,A,C02,F14,S2,A,C08,same_device_same_state_diff_challenge,-0.1991172455000818,frozen_lifecycle
F14,S2,A,C02,F14,S2,B,C02,same_device_same_state_same_challenge,0.7832736012931162,frozen_lifecycle
F14,S2,A,C02,F15,S2,A,C02,diff_device_same_challenge,-0.0024418908893598,frozen_lifecycle
F14,S2,A,C03,F14,S2,A,C04,same_device_same_state_diff_challenge,-0.1729921952387979,frozen_lifecycle
F14,S2,A,C03,F14,S2,A,C05,same_device_same_state_diff_challenge,-0.2828138504960003,frozen_lifecycle
F14,S2,A,C03,F14,S2,A,C06,same_device_same_state_diff_challenge,-0.2909254540320427,frozen_lifecycle
F14,S2,A,C03,F14,S2,A,C07,same_device_same_state_diff_challenge,-0.2315899924396613,frozen_lifecycle
F14,S2,A,C03,F14,S2,A,C08,same_device_same_state_diff_challenge,-0.1758899832173041,frozen_lifecycle
F14,S2,A,C03,F14,S2,B,C03,same_device_same_state_same_challenge,0.2988056840873251,frozen_lifecycle
F14,S2,A,C03,F15,S2,A,C03,diff_device_same_challenge,-0.0001279728571597,frozen_lifecycle
F14,S2,A,C04,F14,S2,A,C05,same_device_same_state_diff_challenge,0.1563779604768835,frozen_lifecycle
F14,S2,A,C04,F14,S2,A,C06,same_device_same_state_diff_challenge,-0.0670980586578724,frozen_lifecycle
F14,S2,A,C04,F14,S2,A,C07,same_device_same_state_diff_challenge,-0.2302716021499234,frozen_lifecycle
F14,S2,A,C04,F14,S2,A,C08,same_device_same_state_diff_challenge,-0.1835117245011618,frozen_lifecycle
F14,S2,A,C04,F14,S2,B,C04,same_device_same_state_same_challenge,0.90164796055571,frozen_lifecycle
F14,S2,A,C04,F15,S2,A,C04,diff_device_same_challenge,-0.0035589033582738,frozen_lifecycle
F14,S2,A,C05,F14,S2,A,C06,same_device_same_state_diff_challenge,0.167120233022795,frozen_lifecycle
F14,S2,A,C05,F14,S2,A,C07,same_device_same_state_diff_challenge,-0.1623267457925884,frozen_lifecycle
F14,S2,A,C05,F14,S2,A,C08,same_device_same_state_diff_challenge,-0.2199359825256407,frozen_lifecycle
F14,S2,A,C05,F14,S2,B,C05,same_device_same_state_same_challenge,0.8928331153383906,frozen_lifecycle
F14,S2,A,C05,F15,S2,A,C05,diff_device_same_challenge,0.000585274654945,frozen_lifecycle
F14,S2,A,C06,F14,S2,A,C07,same_device_same_state_diff_challenge,0.0028236154458681,frozen_lifecycle
F14,S2,A,C06,F14,S2,A,C08,same_device_same_state_diff_challenge,-0.1904171703633428,frozen_lifecycle
F14,S2,A,C06,F14,S2,B,C06,same_device_same_state_same_challenge,0.893987516576514,frozen_lifecycle
F14,S2,A,C06,F15,S2,A,C06,diff_device_same_challenge,0.0071946054101099,frozen_lifecycle
F14,S2,A,C07,F14,S2,A,C08,same_device_same_state_diff_challenge,0.0693661070459395,frozen_lifecycle
F14,S2,A,C07,F14,S2,B,C07,same_device_same_state_same_challenge,0.6544300618727533,frozen_lifecycle
F14,S2,A,C07,F15,S2,A,C07,diff_device_same_challenge,0.0018500616893655,frozen_lifecycle
F14,S2,A,C08,F14,S2,B,C08,same_device_same_state_same_challenge,0.9298494546473088,frozen_lifecycle
F14,S2,A,C08,F15,S2,A,C08,diff_device_same_challenge,-0.0089846966677948,frozen_lifecycle
F14,S2,B,C01,F14,S2,B,C02,same_device_same_state_diff_challenge,0.2252728929059337,frozen_lifecycle
F14,S2,B,C01,F14,S2,B,C03,same_device_same_state_diff_challenge,-0.2114497305658806,frozen_lifecycle
F14,S2,B,C01,F14,S2,B,C04,same_device_same_state_diff_challenge,-0.2553353010775592,frozen_lifecycle
F14,S2,B,C01,F14,S2,B,C05,same_device_same_state_diff_challenge,-0.2629443927438248,frozen_lifecycle
F14,S2,B,C01,F14,S2,B,C06,same_device_same_state_diff_challenge,-0.2176447387957496,frozen_lifecycle
F14,S2,B,C01,F14,S2,B,C07,same_device_same_state_diff_challenge,-0.1817347713621574,frozen_lifecycle
F14,S2,B,C01,F14,S2,B,C08,same_device_same_state_diff_challenge,-0.1685669251037069,frozen_lifecycle
F14,S2,B,C01,F15,S2,B,C01,diff_device_same_challenge,-0.0058810092681457,frozen_lifecycle
F14,S2,B,C02,F14,S2,B,C03,same_device_same_state_diff_challenge,-0.1720542439507924,frozen_lifecycle
F14,S2,B,C02,F14,S2,B,C04,same_device_same_state_diff_challenge,-0.2469853417107226,frozen_lifecycle
F14,S2,B,C02,F14,S2,B,C05,same_device_same_state_diff_challenge,-0.2822556357497006,frozen_lifecycle
F14,S2,B,C02,F14,S2,B,C06,same_device_same_state_diff_challenge,-0.2412825007524822,frozen_lifecycle
F14,S2,B,C02,F14,S2,B,C07,same_device_same_state_diff_challenge,-0.173034839160081,frozen_lifecycle
F14,S2,B,C02,F14,S2,B,C08,same_device_same_state_diff_challenge,-0.1720619252125222,frozen_lifecycle
F14,S2,B,C02,F15,S2,B,C02,diff_device_same_challenge,-0.0053832252620887,frozen_lifecycle
F14,S2,B,C03,F14,S2,B,C04,same_device_same_state_diff_challenge,0.1937320992371627,frozen_lifecycle
F14,S2,B,C03,F14,S2,B,C05,same_device_same_state_diff_challenge,-0.0744331852719027,frozen_lifecycle
F14,S2,B,C03,F14,S2,B,C06,same_device_same_state_diff_challenge,-0.1869706684204915,frozen_lifecycle
F14,S2,B,C03,F14,S2,B,C07,same_device_same_state_diff_challenge,-0.2494936299892098,frozen_lifecycle
F14,S2,B,C03,F14,S2,B,C08,same_device_same_state_diff_challenge,-0.2448870655399696,frozen_lifecycle
F14,S2,B,C03,F15,S2,B,C03,diff_device_same_challenge,-0.0049432797512417,frozen_lifecycle
F14,S2,B,C04,F14,S2,B,C05,same_device_same_state_diff_challenge,0.0751432733725584,frozen_lifecycle
F14,S2,B,C04,F14,S2,B,C06,same_device_same_state_diff_challenge,-0.1143362651877842,frozen_lifecycle
F14,S2,B,C04,F14,S2,B,C07,same_device_same_state_diff_challenge,-0.2920020854148552,frozen_lifecycle
F14,S2,B,C04,F14,S2,B,C08,same_device_same_state_diff_challenge,-0.2737447820544627,frozen_lifecycle
F14,S2,B,C04,F15,S2,B,C04,diff_device_same_challenge,0.0054736809797566,frozen_lifecycle
F14,S2,B,C05,F14,S2,B,C06,same_device_same_state_diff_challenge,0.171171292123888,frozen_lifecycle
F14,S2,B,C05,F14,S2,B,C07,same_device_same_state_diff_challenge,-0.2673513786933713,frozen_lifecycle
F14,S2,B,C05,F14,S2,B,C08,same_device_same_state_diff_challenge,-0.2632425717823891,frozen_lifecycle
F14,S2,B,C05,F15,S2,B,C05,diff_device_same_challenge,-0.0019686669495328,frozen_lifecycle
F14,S2,B,C06,F14,S2,B,C07,same_device_same_state_diff_challenge,-0.1631189635716765,frozen_lifecycle
F14,S2,B,C06,F14,S2,B,C08,same_device_same_state_diff_challenge,-0.2121943341258626,frozen_lifecycle
F14,S2,B,C06,F15,S2,B,C06,diff_device_same_challenge,0.0014193682968289,frozen_lifecycle
F14,S2,B,C07,F14,S2,B,C08,same_device_same_state_diff_challenge,0.2714798475378116,frozen_lifecycle
F14,S2,B,C07,F15,S2,B,C07,diff_device_same_challenge,0.0053434024638388,frozen_lifecycle
F14,S2,B,C08,F15,S2,B,C08,diff_device_same_challenge,-0.0026814401345808,frozen_lifecycle
F15,S0,A,C01,F15,S0,A,C02,same_device_same_state_diff_challenge,-0.1143660398762632,frozen_lifecycle
F15,S0,A,C01,F15,S0,A,C03,same_device_same_state_diff_challenge,-0.1450777621575773,frozen_lifecycle
F15,S0,A,C01,F15,S0,A,C04,same_device_same_state_diff_challenge,-0.1768726040841192,frozen_lifecycle
F15,S0,A,C01,F15,S0,A,C05,same_device_same_state_diff_challenge,-0.195447219598619,frozen_lifecycle
F15,S0,A,C01,F15,S0,A,C06,same_device_same_state_diff_challenge,-0.2425081795038528,frozen_lifecycle
F15,S0,A,C01,F15,S0,A,C07,same_device_same_state_diff_challenge,-0.1494725893469847,frozen_lifecycle
F15,S0,A,C01,F15,S0,A,C08,same_device_same_state_diff_challenge,-0.0526313705425103,frozen_lifecycle
F15,S0,A,C01,F15,S0,B,C01,same_device_same_state_same_challenge,0.714118804130248,frozen_lifecycle
F15,S0,A,C01,F15,S1,A,C01,same_device_diff_state_same_challenge,-0.0013300372679202,frozen_lifecycle
F15,S0,A,C01,F15,S2,A,C01,same_device_diff_state_same_challenge,-0.0021168789370985,frozen_lifecycle
F15,S0,A,C02,F15,S0,A,C03,same_device_same_state_diff_challenge,0.1030267146260873,frozen_lifecycle
F15,S0,A,C02,F15,S0,A,C04,same_device_same_state_diff_challenge,-0.1316326838481323,frozen_lifecycle
F15,S0,A,C02,F15,S0,A,C05,same_device_same_state_diff_challenge,-0.2107237186168427,frozen_lifecycle
F15,S0,A,C02,F15,S0,A,C06,same_device_same_state_diff_challenge,-0.2360703213573491,frozen_lifecycle
F15,S0,A,C02,F15,S0,A,C07,same_device_same_state_diff_challenge,-0.1865421811384031,frozen_lifecycle
F15,S0,A,C02,F15,S0,A,C08,same_device_same_state_diff_challenge,-0.1791708396272647,frozen_lifecycle
F15,S0,A,C02,F15,S0,B,C02,same_device_same_state_same_challenge,0.5915208375536227,frozen_lifecycle
F15,S0,A,C02,F15,S1,A,C02,same_device_diff_state_same_challenge,0.0006436620526213,frozen_lifecycle
F15,S0,A,C02,F15,S2,A,C02,same_device_diff_state_same_challenge,-0.0026467266889189,frozen_lifecycle
F15,S0,A,C03,F15,S0,A,C04,same_device_same_state_diff_challenge,0.0469744781668579,frozen_lifecycle
F15,S0,A,C03,F15,S0,A,C05,same_device_same_state_diff_challenge,-0.1290611287381423,frozen_lifecycle
F15,S0,A,C03,F15,S0,A,C06,same_device_same_state_diff_challenge,-0.2619073859194784,frozen_lifecycle
F15,S0,A,C03,F15,S0,A,C07,same_device_same_state_diff_challenge,-0.252426416648983,frozen_lifecycle
F15,S0,A,C03,F15,S0,A,C08,same_device_same_state_diff_challenge,-0.2485360724890363,frozen_lifecycle
F15,S0,A,C03,F15,S0,B,C03,same_device_same_state_same_challenge,0.6162677168474129,frozen_lifecycle
F15,S0,A,C03,F15,S1,A,C03,same_device_diff_state_same_challenge,0.0090334153907246,frozen_lifecycle
F15,S0,A,C03,F15,S2,A,C03,same_device_diff_state_same_challenge,0.0003455102900234,frozen_lifecycle
F15,S0,A,C04,F15,S0,A,C05,same_device_same_state_diff_challenge,-0.1149274451980642,frozen_lifecycle
F15,S0,A,C04,F15,S0,A,C06,same_device_same_state_diff_challenge,-0.1594472050763613,frozen_lifecycle
F15,S0,A,C04,F15,S0,A,C07,same_device_same_state_diff_challenge,-0.2077286275948372,frozen_lifecycle
F15,S0,A,C04,F15,S0,A,C08,same_device_same_state_diff_challenge,-0.1632611107801651,frozen_lifecycle
F15,S0,A,C04,F15,S0,B,C04,same_device_same_state_same_challenge,0.4298544622639511,frozen_lifecycle
F15,S0,A,C04,F15,S1,A,C04,same_device_diff_state_same_challenge,-0.0012611653826579,frozen_lifecycle
F15,S0,A,C04,F15,S2,A,C04,same_device_diff_state_same_challenge,-0.0070045233467036,frozen_lifecycle
F15,S0,A,C05,F15,S0,A,C06,same_device_same_state_diff_challenge,0.0946157527414757,frozen_lifecycle
F15,S0,A,C05,F15,S0,A,C07,same_device_same_state_diff_challenge,-0.141266632975449,frozen_lifecycle
F15,S0,A,C05,F15,S0,A,C08,same_device_same_state_diff_challenge,-0.2477875987537989,frozen_lifecycle
F15,S0,A,C05,F15,S0,B,C05,same_device_same_state_same_challenge,0.6555633226750596,frozen_lifecycle
F15,S0,A,C05,F15,S1,A,C05,same_device_diff_state_same_challenge,-0.0077074883104779,frozen_lifecycle
F15,S0,A,C05,F15,S2,A,C05,same_device_diff_state_same_challenge,-0.0051153227593717,frozen_lifecycle
F15,S0,A,C06,F15,S0,A,C07,same_device_same_state_diff_challenge,0.022463141640001,frozen_lifecycle
F15,S0,A,C06,F15,S0,A,C08,same_device_same_state_diff_challenge,-0.2013393805710691,frozen_lifecycle
F15,S0,A,C06,F15,S0,B,C06,same_device_same_state_same_challenge,0.7419747488484383,frozen_lifecycle
F15,S0,A,C06,F15,S1,A,C06,same_device_diff_state_same_challenge,0.0064238209091283,frozen_lifecycle
F15,S0,A,C06,F15,S2,A,C06,same_device_diff_state_same_challenge,0.0111855563559596,frozen_lifecycle
F15,S0,A,C07,F15,S0,A,C08,same_device_same_state_diff_challenge,-0.0946244434739733,frozen_lifecycle
F15,S0,A,C07,F15,S0,B,C07,same_device_same_state_same_challenge,0.2893670539736092,frozen_lifecycle
F15,S0,A,C07,F15,S1,A,C07,same_device_diff_state_same_challenge,-0.0047408104666342,frozen_lifecycle
F15,S0,A,C07,F15,S2,A,C07,same_device_diff_state_same_challenge,5.622470085446318e-05,frozen_lifecycle
F15,S0,A,C08,F15,S0,B,C08,same_device_same_state_same_challenge,0.8369441372175693,frozen_lifecycle
F15,S0,A,C08,F15,S1,A,C08,same_device_diff_state_same_challenge,0.001612201672608,frozen_lifecycle
F15,S0,A,C08,F15,S2,A,C08,same_device_diff_state_same_challenge,-0.0104603021596778,frozen_lifecycle
F15,S0,B,C01,F15,S0,B,C02,same_device_same_state_diff_challenge,-0.2111491744728901,frozen_lifecycle
F15,S0,B,C01,F15,S0,B,C03,same_device_same_state_diff_challenge,-0.2115219818263265,frozen_lifecycle
F15,S0,B,C01,F15,S0,B,C04,same_device_same_state_diff_challenge,-0.2355040229382744,frozen_lifecycle
F15,S0,B,C01,F15,S0,B,C05,same_device_same_state_diff_challenge,-0.2730406731144585,frozen_lifecycle
F15,S0,B,C01,F15,S0,B,C06,same_device_same_state_diff_challenge,-0.1928556325727305,frozen_lifecycle
F15,S0,B,C01,F15,S0,B,C07,same_device_same_state_diff_challenge,-0.0451526034300443,frozen_lifecycle
F15,S0,B,C01,F15,S0,B,C08,same_device_same_state_diff_challenge,0.030402809597814,frozen_lifecycle
F15,S0,B,C01,F15,S1,B,C01,same_device_diff_state_same_challenge,-0.0023349749281738,frozen_lifecycle
F15,S0,B,C01,F15,S2,B,C01,same_device_diff_state_same_challenge,-0.0044472066680238,frozen_lifecycle
F15,S0,B,C02,F15,S0,B,C03,same_device_same_state_diff_challenge,0.119746364937691,frozen_lifecycle
F15,S0,B,C02,F15,S0,B,C04,same_device_same_state_diff_challenge,-0.100447437355865,frozen_lifecycle
F15,S0,B,C02,F15,S0,B,C05,same_device_same_state_diff_challenge,-0.0893825620364886,frozen_lifecycle
F15,S0,B,C02,F15,S0,B,C06,same_device_same_state_diff_challenge,-0.1342949019866377,frozen_lifecycle
F15,S0,B,C02,F15,S0,B,C07,same_device_same_state_diff_challenge,-0.2534193418363154,frozen_lifecycle
F15,S0,B,C02,F15,S0,B,C08,same_device_same_state_diff_challenge,-0.270514026301859,frozen_lifecycle
F15,S0,B,C02,F15,S1,B,C02,same_device_diff_state_same_challenge,0.0066523566755495,frozen_lifecycle
F15,S0,B,C02,F15,S2,B,C02,same_device_diff_state_same_challenge,-0.000407188144275,frozen_lifecycle
F15,S0,B,C03,F15,S0,B,C04,same_device_same_state_diff_challenge,0.0579582976279783,frozen_lifecycle
F15,S0,B,C03,F15,S0,B,C05,same_device_same_state_diff_challenge,-0.1125668026980884,frozen_lifecycle
F15,S0,B,C03,F15,S0,B,C06,same_device_same_state_diff_challenge,-0.1825558648290607,frozen_lifecycle
F15,S0,B,C03,F15,S0,B,C07,same_device_same_state_diff_challenge,-0.2314333196919102,frozen_lifecycle
F15,S0,B,C03,F15,S0,B,C08,same_device_same_state_diff_challenge,-0.2906611240704506,frozen_lifecycle
F15,S0,B,C03,F15,S1,B,C03,same_device_diff_state_same_challenge,0.0014725302640986,frozen_lifecycle
F15,S0,B,C03,F15,S2,B,C03,same_device_diff_state_same_challenge,0.0006530323814171,frozen_lifecycle
F15,S0,B,C04,F15,S0,B,C05,same_device_same_state_diff_challenge,0.0832526439508524,frozen_lifecycle
F15,S0,B,C04,F15,S0,B,C06,same_device_same_state_diff_challenge,-0.1176071939834417,frozen_lifecycle
F15,S0,B,C04,F15,S0,B,C07,same_device_same_state_diff_challenge,-0.2330573347705703,frozen_lifecycle
F15,S0,B,C04,F15,S0,B,C08,same_device_same_state_diff_challenge,-0.3050720348679566,frozen_lifecycle
F15,S0,B,C04,F15,S1,B,C04,same_device_diff_state_same_challenge,-0.0044735399007894,frozen_lifecycle
F15,S0,B,C04,F15,S2,B,C04,same_device_diff_state_same_challenge,-0.0019063970256127,frozen_lifecycle
F15,S0,B,C05,F15,S0,B,C06,same_device_same_state_diff_challenge,0.0643914053993856,frozen_lifecycle
F15,S0,B,C05,F15,S0,B,C07,same_device_same_state_diff_challenge,-0.2520576555011163,frozen_lifecycle
F15,S0,B,C05,F15,S0,B,C08,same_device_same_state_diff_challenge,-0.2907847909065855,frozen_lifecycle
F15,S0,B,C05,F15,S1,B,C05,same_device_diff_state_same_challenge,-0.0081779180489974,frozen_lifecycle
F15,S0,B,C05,F15,S2,B,C05,same_device_diff_state_same_challenge,0.0051172485330876,frozen_lifecycle
F15,S0,B,C06,F15,S0,B,C07,same_device_same_state_diff_challenge,-0.1925541228706963,frozen_lifecycle
F15,S0,B,C06,F15,S0,B,C08,same_device_same_state_diff_challenge,-0.2156772504474,frozen_lifecycle
F15,S0,B,C06,F15,S1,B,C06,same_device_diff_state_same_challenge,0.0027511688568896,frozen_lifecycle
F15,S0,B,C06,F15,S2,B,C06,same_device_diff_state_same_challenge,0.005732147937165,frozen_lifecycle
F15,S0,B,C07,F15,S0,B,C08,same_device_same_state_diff_challenge,0.1240928876353911,frozen_lifecycle
F15,S0,B,C07,F15,S1,B,C07,same_device_diff_state_same_challenge,-0.0073857104531612,frozen_lifecycle
F15,S0,B,C07,F15,S2,B,C07,same_device_diff_state_same_challenge,-0.0037582743983292,frozen_lifecycle
F15,S0,B,C08,F15,S1,B,C08,same_device_diff_state_same_challenge,0.0072357729043009,frozen_lifecycle
F15,S0,B,C08,F15,S2,B,C08,same_device_diff_state_same_challenge,-0.009102450734997,frozen_lifecycle
F15,S1,A,C01,F15,S1,A,C02,same_device_same_state_diff_challenge,0.0344189868237167,frozen_lifecycle
F15,S1,A,C01,F15,S1,A,C03,same_device_same_state_diff_challenge,-0.0729156892896076,frozen_lifecycle
F15,S1,A,C01,F15,S1,A,C04,same_device_same_state_diff_challenge,-0.1829700162365495,frozen_lifecycle
F15,S1,A,C01,F15,S1,A,C05,same_device_same_state_diff_challenge,-0.2350682367240738,frozen_lifecycle
F15,S1,A,C01,F15,S1,A,C06,same_device_same_state_diff_challenge,-0.2884749040359629,frozen_lifecycle
F15,S1,A,C01,F15,S1,A,C07,same_device_same_state_diff_challenge,-0.2881604424377674,frozen_lifecycle
F15,S1,A,C01,F15,S1,A,C08,same_device_same_state_diff_challenge,-0.2506077786521404,frozen_lifecycle
F15,S1,A,C01,F15,S1,B,C01,same_device_same_state_same_challenge,0.4327656681810517,frozen_lifecycle
F15,S1,A,C01,F15,S2,A,C01,same_device_diff_state_same_challenge,-0.0017769570384402,frozen_lifecycle
F15,S1,A,C02,F15,S1,A,C03,same_device_same_state_diff_challenge,0.3301131752129908,frozen_lifecycle
F15,S1,A,C02,F15,S1,A,C04,same_device_same_state_diff_challenge,-0.1333361534566582,frozen_lifecycle
F15,S1,A,C02,F15,S1,A,C05,same_device_same_state_diff_challenge,-0.3231329053553402,frozen_lifecycle
F15,S1,A,C02,F15,S1,A,C06,same_device_same_state_diff_challenge,-0.412025051030737,frozen_lifecycle
F15,S1,A,C02,F15,S1,A,C07,same_device_same_state_diff_challenge,-0.4106426158418815,frozen_lifecycle
F15,S1,A,C02,F15,S1,A,C08,same_device_same_state_diff_challenge,-0.3690009157191123,frozen_lifecycle
F15,S1,A,C02,F15,S1,B,C02,same_device_same_state_same_challenge,0.6966253184628429,frozen_lifecycle
F15,S1,A,C02,F15,S2,A,C02,same_device_diff_state_same_challenge,-0.0017813615584157,frozen_lifecycle
F15,S1,A,C03,F15,S1,A,C04,same_device_same_state_diff_challenge,0.0945882399133273,frozen_lifecycle
F15,S1,A,C03,F15,S1,A,C05,same_device_same_state_diff_challenge,-0.2876826099231743,frozen_lifecycle
F15,S1,A,C03,F15,S1,A,C06,same_device_same_state_diff_challenge,-0.4229693930316974,frozen_lifecycle
F15,S1,A,C03,F15,S1,A,C07,same_device_same_state_diff_challenge,-0.4221222925081398,frozen_lifecycle
F15,S1,A,C03,F15,S1,A,C08,same_device_same_state_diff_challenge,-0.408464513990998,frozen_lifecycle
F15,S1,A,C03,F15,S1,B,C03,same_device_same_state_same_challenge,0.6556735629261968,frozen_lifecycle
F15,S1,A,C03,F15,S2,A,C03,same_device_diff_state_same_challenge,-0.0030808642378311,frozen_lifecycle
F15,S1,A,C04,F15,S1,A,C05,same_device_same_state_diff_challenge,-0.0826106752843498,frozen_lifecycle
F15,S1,A,C04,F15,S1,A,C06,same_device_same_state_diff_challenge,-0.1577609198396185,frozen_lifecycle
F15,S1,A,C04,F15,S1,A,C07,same_device_same_state_diff_challenge,-0.1781775474935832,frozen_lifecycle
F15,S1,A,C04,F15,S1,A,C08,same_device_same_state_diff_challenge,-0.2689867218782577,frozen_lifecycle
F15,S1,A,C04,F15,S1,B,C04,same_device_same_state_same_challenge,0.4339876257240601,frozen_lifecycle
F15,S1,A,C04,F15,S2,A,C04,same_device_diff_state_same_challenge,-0.0039237597473102,frozen_lifecycle
F15,S1,A,C05,F15,S1,A,C06,same_device_same_state_diff_challenge,0.0948604268386543,frozen_lifecycle
F15,S1,A,C05,F15,S1,A,C07,same_device_same_state_diff_challenge,-0.0039178180432286,frozen_lifecycle
F15,S1,A,C05,F15,S1,A,C08,same_device_same_state_diff_challenge,-0.0310444547917105,frozen_lifecycle
F15,S1,A,C05,F15,S1,B,C05,same_device_same_state_same_challenge,0.6394742911271563,frozen_lifecycle
F15,S1,A,C05,F15,S2,A,C05,same_device_diff_state_same_challenge,0.0021147234230484,frozen_lifecycle
F15,S1,A,C06,F15,S1,A,C07,same_device_same_state_diff_challenge,0.2510177732860356,frozen_lifecycle
F15,S1,A,C06,F15,S1,A,C08,same_device_same_state_diff_challenge,0.1858942747838159,frozen_lifecycle
F15,S1,A,C06,F15,S1,B,C06,same_device_same_state_same_challenge,0.7670863056287084,frozen_lifecycle
F15,S1,A,C06,F15,S2,A,C06,same_device_diff_state_same_challenge,-0.0041363319349822,frozen_lifecycle
F15,S1,A,C07,F15,S1,A,C08,same_device_same_state_diff_challenge,0.3282837482791026,frozen_lifecycle
F15,S1,A,C07,F15,S1,B,C07,same_device_same_state_same_challenge,0.829112382700373,frozen_lifecycle
F15,S1,A,C07,F15,S2,A,C07,same_device_diff_state_same_challenge,0.0031179544556391,frozen_lifecycle
F15,S1,A,C08,F15,S1,B,C08,same_device_same_state_same_challenge,0.863166019536685,frozen_lifecycle
F15,S1,A,C08,F15,S2,A,C08,same_device_diff_state_same_challenge,0.0041213663677531,frozen_lifecycle
F15,S1,B,C01,F15,S1,B,C02,same_device_same_state_diff_challenge,0.1778089421671451,frozen_lifecycle
F15,S1,B,C01,F15,S1,B,C03,same_device_same_state_diff_challenge,-0.0611228834347436,frozen_lifecycle
F15,S1,B,C01,F15,S1,B,C04,same_device_same_state_diff_challenge,-0.2535374535468421,frozen_lifecycle
F15,S1,B,C01,F15,S1,B,C05,same_device_same_state_diff_challenge,-0.3437487181389957,frozen_lifecycle
F15,S1,B,C01,F15,S1,B,C06,same_device_same_state_diff_challenge,-0.2976357644921731,frozen_lifecycle
F15,S1,B,C01,F15,S1,B,C07,same_device_same_state_diff_challenge,-0.3229634626727197,frozen_lifecycle
F15,S1,B,C01,F15,S1,B,C08,same_device_same_state_diff_challenge,-0.2789604452814251,frozen_lifecycle
F15,S1,B,C01,F15,S2,B,C01,same_device_diff_state_same_challenge,0.0002358244416111,frozen_lifecycle
F15,S1,B,C02,F15,S1,B,C03,same_device_same_state_diff_challenge,0.2553612542082514,frozen_lifecycle
F15,S1,B,C02,F15,S1,B,C04,same_device_same_state_diff_challenge,-0.1925573521297262,frozen_lifecycle
F15,S1,B,C02,F15,S1,B,C05,same_device_same_state_diff_challenge,-0.4060343995049504,frozen_lifecycle
F15,S1,B,C02,F15,S1,B,C06,same_device_same_state_diff_challenge,-0.3812416391115912,frozen_lifecycle
F15,S1,B,C02,F15,S1,B,C07,same_device_same_state_diff_challenge,-0.4158732846251006,frozen_lifecycle
F15,S1,B,C02,F15,S1,B,C08,same_device_same_state_diff_challenge,-0.3630194434967948,frozen_lifecycle
F15,S1,B,C02,F15,S2,B,C02,same_device_diff_state_same_challenge,-0.0018265089449274,frozen_lifecycle
F15,S1,B,C03,F15,S1,B,C04,same_device_same_state_diff_challenge,0.0458502783969676,frozen_lifecycle
F15,S1,B,C03,F15,S1,B,C05,same_device_same_state_diff_challenge,-0.2852569226331469,frozen_lifecycle
F15,S1,B,C03,F15,S1,B,C06,same_device_same_state_diff_challenge,-0.3444918780062394,frozen_lifecycle
F15,S1,B,C03,F15,S1,B,C07,same_device_same_state_diff_challenge,-0.4065469515173192,frozen_lifecycle
F15,S1,B,C03,F15,S1,B,C08,same_device_same_state_diff_challenge,-0.3567491834759597,frozen_lifecycle
F15,S1,B,C03,F15,S2,B,C03,same_device_diff_state_same_challenge,-0.0038736725039028,frozen_lifecycle
F15,S1,B,C04,F15,S1,B,C05,same_device_same_state_diff_challenge,0.092732960503275,frozen_lifecycle
F15,S1,B,C04,F15,S1,B,C06,same_device_same_state_diff_challenge,-0.1720958086993735,frozen_lifecycle
F15,S1,B,C04,F15,S1,B,C07,same_device_same_state_diff_challenge,-0.2072814747440979,frozen_lifecycle
F15,S1,B,C04,F15,S1,B,C08,same_device_same_state_diff_challenge,-0.2059033799538989,frozen_lifecycle
F15,S1,B,C04,F15,S2,B,C04,same_device_diff_state_same_challenge,-0.0031924472783147,frozen_lifecycle
F15,S1,B,C05,F15,S1,B,C06,same_device_same_state_diff_challenge,0.1529315202398129,frozen_lifecycle
F15,S1,B,C05,F15,S1,B,C07,same_device_same_state_diff_challenge,0.0776440923543912,frozen_lifecycle
F15,S1,B,C05,F15,S1,B,C08,same_device_same_state_diff_challenge,-0.0043404675744645,frozen_lifecycle
F15,S1,B,C05,F15,S2,B,C05,same_device_diff_state_same_challenge,0.0044927580908007,frozen_lifecycle
F15,S1,B,C06,F15,S1,B,C07,same_device_same_state_diff_challenge,0.2106864512399224,frozen_lifecycle
F15,S1,B,C06,F15,S1,B,C08,same_device_same_state_diff_challenge,0.0834512471769149,frozen_lifecycle
F15,S1,B,C06,F15,S2,B,C06,same_device_diff_state_same_challenge,-0.0043116577119838,frozen_lifecycle
F15,S1,B,C07,F15,S1,B,C08,same_device_same_state_diff_challenge,0.3172289909982959,frozen_lifecycle
F15,S1,B,C07,F15,S2,B,C07,same_device_diff_state_same_challenge,0.0042619114791142,frozen_lifecycle
F15,S1,B,C08,F15,S2,B,C08,same_device_diff_state_same_challenge,-0.0025451995436689,frozen_lifecycle
F15,S2,A,C01,F15,S2,A,C02,same_device_same_state_diff_challenge,0.0069488490442325,frozen_lifecycle
F15,S2,A,C01,F15,S2,A,C03,same_device_same_state_diff_challenge,-0.1055235429169896,frozen_lifecycle
F15,S2,A,C01,F15,S2,A,C04,same_device_same_state_diff_challenge,-0.1939407958686088,frozen_lifecycle
F15,S2,A,C01,F15,S2,A,C05,same_device_same_state_diff_challenge,-0.28128196246373,frozen_lifecycle
F15,S2,A,C01,F15,S2,A,C06,same_device_same_state_diff_challenge,-0.2865411513706328,frozen_lifecycle
F15,S2,A,C01,F15,S2,A,C07,same_device_same_state_diff_challenge,-0.2295865699754403,frozen_lifecycle
F15,S2,A,C01,F15,S2,A,C08,same_device_same_state_diff_challenge,-0.2152725435066858,frozen_lifecycle
F15,S2,A,C01,F15,S2,B,C01,same_device_same_state_same_challenge,0.4387045125276786,frozen_lifecycle
F15,S2,A,C02,F15,S2,A,C03,same_device_same_state_diff_challenge,0.212211775758007,frozen_lifecycle
F15,S2,A,C02,F15,S2,A,C04,same_device_same_state_diff_challenge,-0.2035472981219772,frozen_lifecycle
F15,S2,A,C02,F15,S2,A,C05,same_device_same_state_diff_challenge,-0.3428356667300851,frozen_lifecycle
F15,S2,A,C02,F15,S2,A,C06,same_device_same_state_diff_challenge,-0.3696683365165112,frozen_lifecycle
F15,S2,A,C02,F15,S2,A,C07,same_device_same_state_diff_challenge,-0.3186295265796567,frozen_lifecycle
F15,S2,A,C02,F15,S2,A,C08,same_device_same_state_diff_challenge,-0.2969241234000643,frozen_lifecycle
F15,S2,A,C02,F15,S2,B,C02,same_device_same_state_same_challenge,0.7059991352548631,frozen_lifecycle
F15,S2,A,C03,F15,S2,A,C04,same_device_same_state_diff_challenge,0.0984345801955903,frozen_lifecycle
F15,S2,A,C03,F15,S2,A,C05,same_device_same_state_diff_challenge,-0.290938517578038,frozen_lifecycle
F15,S2,A,C03,F15,S2,A,C06,same_device_same_state_diff_challenge,-0.3924810207097218,frozen_lifecycle
F15,S2,A,C03,F15,S2,A,C07,same_device_same_state_diff_challenge,-0.386696198778943,frozen_lifecycle
F15,S2,A,C03,F15,S2,A,C08,same_device_same_state_diff_challenge,-0.36010597308277,frozen_lifecycle
F15,S2,A,C03,F15,S2,B,C03,same_device_same_state_same_challenge,0.4426185130087808,frozen_lifecycle
F15,S2,A,C04,F15,S2,A,C05,same_device_same_state_diff_challenge,0.0534995624584468,frozen_lifecycle
F15,S2,A,C04,F15,S2,A,C06,same_device_same_state_diff_challenge,-0.1684630048625062,frozen_lifecycle
F15,S2,A,C04,F15,S2,A,C07,same_device_same_state_diff_challenge,-0.2697699481057035,frozen_lifecycle
F15,S2,A,C04,F15,S2,A,C08,same_device_same_state_diff_challenge,-0.251780397378847,frozen_lifecycle
F15,S2,A,C04,F15,S2,B,C04,same_device_same_state_same_challenge,0.3384896888486932,frozen_lifecycle
F15,S2,A,C05,F15,S2,A,C06,same_device_same_state_diff_challenge,0.2265766359070943,frozen_lifecycle
F15,S2,A,C05,F15,S2,A,C07,same_device_same_state_diff_challenge,-0.0273751923901587,frozen_lifecycle
F15,S2,A,C05,F15,S2,A,C08,same_device_same_state_diff_challenge,-0.064427850882466,frozen_lifecycle
F15,S2,A,C05,F15,S2,B,C05,same_device_same_state_same_challenge,0.7247715464513508,frozen_lifecycle
F15,S2,A,C06,F15,S2,A,C07,same_device_same_state_diff_challenge,0.2047636670210547,frozen_lifecycle
F15,S2,A,C06,F15,S2,A,C08,same_device_same_state_diff_challenge,0.1111549940227412,frozen_lifecycle
F15,S2,A,C06,F15,S2,B,C06,same_device_same_state_same_challenge,0.6374492998687457,frozen_lifecycle
F15,S2,A,C07,F15,S2,A,C08,same_device_same_state_diff_challenge,0.2597529755072513,frozen_lifecycle
F15,S2,A,C07,F15,S2,B,C07,same_device_same_state_same_challenge,0.8399598050870394,frozen_lifecycle
F15,S2,A,C08,F15,S2,B,C08,same_device_same_state_same_challenge,0.7199347908048422,frozen_lifecycle
F15,S2,B,C01,F15,S2,B,C02,same_device_same_state_diff_challenge,0.1575700248074885,frozen_lifecycle
F15,S2,B,C01,F15,S2,B,C03,same_device_same_state_diff_challenge,-0.1401301112586155,frozen_lifecycle
F15,S2,B,C01,F15,S2,B,C04,same_device_same_state_diff_challenge,-0.2882435849588831,frozen_lifecycle
F15,S2,B,C01,F15,S2,B,C05,same_device_same_state_diff_challenge,-0.3022824725589387,frozen_lifecycle
F15,S2,B,C01,F15,S2,B,C06,same_device_same_state_diff_challenge,-0.2975527912347,frozen_lifecycle
F15,S2,B,C01,F15,S2,B,C07,same_device_same_state_diff_challenge,-0.2841365553265779,frozen_lifecycle
F15,S2,B,C01,F15,S2,B,C08,same_device_same_state_diff_challenge,-0.1887329575119024,frozen_lifecycle
F15,S2,B,C02,F15,S2,B,C03,same_device_same_state_diff_challenge,0.0791151139545333,frozen_lifecycle
F15,S2,B,C02,F15,S2,B,C04,same_device_same_state_diff_challenge,-0.2588374778495245,frozen_lifecycle
F15,S2,B,C02,F15,S2,B,C05,same_device_same_state_diff_challenge,-0.3274440469039494,frozen_lifecycle
F15,S2,B,C02,F15,S2,B,C06,same_device_same_state_diff_challenge,-0.3575293920975499,frozen_lifecycle
F15,S2,B,C02,F15,S2,B,C07,same_device_same_state_diff_challenge,-0.3490224339567206,frozen_lifecycle
F15,S2,B,C02,F15,S2,B,C08,same_device_same_state_diff_challenge,-0.2607261383063548,frozen_lifecycle
F15,S2,B,C03,F15,S2,B,C04,same_device_same_state_diff_challenge,0.0827657092309089,frozen_lifecycle
F15,S2,B,C03,F15,S2,B,C05,same_device_same_state_diff_challenge,-0.145686485104615,frozen_lifecycle
F15,S2,B,C03,F15,S2,B,C06,same_device_same_state_diff_challenge,-0.3402316737570957,frozen_lifecycle
F15,S2,B,C03,F15,S2,B,C07,same_device_same_state_diff_challenge,-0.3459303576116201,frozen_lifecycle
F15,S2,B,C03,F15,S2,B,C08,same_device_same_state_diff_challenge,-0.2798269337825618,frozen_lifecycle
F15,S2,B,C04,F15,S2,B,C05,same_device_same_state_diff_challenge,0.0743345651352885,frozen_lifecycle
F15,S2,B,C04,F15,S2,B,C06,same_device_same_state_diff_challenge,-0.0739930049739744,frozen_lifecycle
F15,S2,B,C04,F15,S2,B,C07,same_device_same_state_diff_challenge,-0.161489266093882,frozen_lifecycle
F15,S2,B,C04,F15,S2,B,C08,same_device_same_state_diff_challenge,-0.1895658468715165,frozen_lifecycle
F15,S2,B,C05,F15,S2,B,C06,same_device_same_state_diff_challenge,-0.0367944083261756,frozen_lifecycle
F15,S2,B,C05,F15,S2,B,C07,same_device_same_state_diff_challenge,-0.0398307804881251,frozen_lifecycle
F15,S2,B,C05,F15,S2,B,C08,same_device_same_state_diff_challenge,1.4014706161250846e-05,frozen_lifecycle
F15,S2,B,C06,F15,S2,B,C07,same_device_same_state_diff_challenge,0.3831925228885052,frozen_lifecycle
F15,S2,B,C06,F15,S2,B,C08,same_device_same_state_diff_challenge,-0.0074531718310276,frozen_lifecycle
F15,S2,B,C07,F15,S2,B,C08,same_device_same_state_diff_challenge,0.0044608929835721,frozen_lifecycle
F01,S1,A,C04,F01,S1,B,C04,same_device_same_state_same_challenge,0.8568639676402958,corrected_S1_recomputed
F01,S1,A,C05,F01,S1,B,C05,same_device_same_state_same_challenge,0.8372438828939199,corrected_S1_recomputed
F01,S1,A,C06,F01,S1,B,C06,same_device_same_state_same_challenge,0.7216812858588879,corrected_S1_recomputed
F01,S1,A,C07,F01,S1,B,C07,same_device_same_state_same_challenge,0.7916288657834951,corrected_S1_recomputed
F01,S1,A,C08,F01,S1,B,C08,same_device_same_state_same_challenge,0.8872874037082953,corrected_S1_recomputed
F01,S1,A,C04,F01,S1,A,C05,same_device_same_state_diff_challenge,-0.1443432558589547,corrected_S1_recomputed
F01,S1,A,C04,F01,S1,A,C06,same_device_same_state_diff_challenge,-0.25965797162772336,corrected_S1_recomputed
F01,S1,A,C04,F01,S1,A,C07,same_device_same_state_diff_challenge,-0.34281874383359,corrected_S1_recomputed
F01,S1,A,C04,F01,S1,A,C08,same_device_same_state_diff_challenge,-0.2943175053811204,corrected_S1_recomputed
F01,S1,A,C05,F01,S1,A,C06,same_device_same_state_diff_challenge,-0.19550788009127912,corrected_S1_recomputed
F01,S1,A,C05,F01,S1,A,C07,same_device_same_state_diff_challenge,-0.30066912367140036,corrected_S1_recomputed
F01,S1,A,C05,F01,S1,A,C08,same_device_same_state_diff_challenge,-0.3186986588100587,corrected_S1_recomputed
F01,S1,A,C06,F01,S1,A,C07,same_device_same_state_diff_challenge,-0.22678728330987158,corrected_S1_recomputed
F01,S1,A,C06,F01,S1,A,C08,same_device_same_state_diff_challenge,-0.2773702780298043,corrected_S1_recomputed
F01,S1,A,C07,F01,S1,A,C08,same_device_same_state_diff_challenge,-0.13747163289661296,corrected_S1_recomputed
F01,S1,B,C04,F01,S1,B,C05,same_device_same_state_diff_challenge,-0.17725068150041617,corrected_S1_recomputed
F01,S1,B,C04,F01,S1,B,C06,same_device_same_state_diff_challenge,-0.28497258465867403,corrected_S1_recomputed
F01,S1,B,C04,F01,S1,B,C07,same_device_same_state_diff_challenge,-0.2767418633682994,corrected_S1_recomputed
F01,S1,B,C04,F01,S1,B,C08,same_device_same_state_diff_challenge,-0.31602529212356023,corrected_S1_recomputed
F01,S1,B,C05,F01,S1,B,C06,same_device_same_state_diff_challenge,-0.2095040980836859,corrected_S1_recomputed
F01,S1,B,C05,F01,S1,B,C07,same_device_same_state_diff_challenge,-0.26975020813258804,corrected_S1_recomputed
F01,S1,B,C05,F01,S1,B,C08,same_device_same_state_diff_challenge,-0.2932397422370993,corrected_S1_recomputed
F01,S1,B,C06,F01,S1,B,C07,same_device_same_state_diff_challenge,-0.2713142510618312,corrected_S1_recomputed
F01,S1,B,C06,F01,S1,B,C08,same_device_same_state_diff_challenge,-0.24114937203450468,corrected_S1_recomputed
F01,S1,B,C07,F01,S1,B,C08,same_device_same_state_diff_challenge,-0.15737128252172203,corrected_S1_recomputed
F02,S1,A,C01,F02,S1,B,C01,same_device_same_state_same_challenge,0.21482881795947492,corrected_S1_recomputed
F02,S1,A,C02,F02,S1,B,C02,same_device_same_state_same_challenge,0.524732335274403,corrected_S1_recomputed
F02,S1,A,C03,F02,S1,B,C03,same_device_same_state_same_challenge,0.7678941116265722,corrected_S1_recomputed
F02,S1,A,C04,F02,S1,B,C04,same_device_same_state_same_challenge,0.1282389688000841,corrected_S1_recomputed
F02,S1,A,C06,F02,S1,B,C06,same_device_same_state_same_challenge,0.793476520265341,corrected_S1_recomputed
F02,S1,A,C08,F02,S1,B,C08,same_device_same_state_same_challenge,0.9049879152774778,corrected_S1_recomputed
F02,S1,A,C01,F02,S1,A,C02,same_device_same_state_diff_challenge,-0.12915522011638067,corrected_S1_recomputed
F02,S1,A,C01,F02,S1,A,C03,same_device_same_state_diff_challenge,-0.27498582803524735,corrected_S1_recomputed
F02,S1,A,C01,F02,S1,A,C04,same_device_same_state_diff_challenge,-0.29829437392749764,corrected_S1_recomputed
F02,S1,A,C01,F02,S1,A,C06,same_device_same_state_diff_challenge,-0.2691913426744475,corrected_S1_recomputed
F02,S1,A,C01,F02,S1,A,C08,same_device_same_state_diff_challenge,-0.10834461885696217,corrected_S1_recomputed
F02,S1,A,C02,F02,S1,A,C03,same_device_same_state_diff_challenge,-0.08376820310066552,corrected_S1_recomputed
F02,S1,A,C02,F02,S1,A,C04,same_device_same_state_diff_challenge,-0.15245132816776552,corrected_S1_recomputed
F02,S1,A,C02,F02,S1,A,C06,same_device_same_state_diff_challenge,-0.31079524780496104,corrected_S1_recomputed
F02,S1,A,C02,F02,S1,A,C08,same_device_same_state_diff_challenge,-0.33234246833213626,corrected_S1_recomputed
F02,S1,A,C03,F02,S1,A,C04,same_device_same_state_diff_challenge,-0.06008091467718917,corrected_S1_recomputed
F02,S1,A,C03,F02,S1,A,C06,same_device_same_state_diff_challenge,-0.17784865383556936,corrected_S1_recomputed
F02,S1,A,C03,F02,S1,A,C08,same_device_same_state_diff_challenge,-0.2800938881855302,corrected_S1_recomputed
F02,S1,A,C04,F02,S1,A,C06,same_device_same_state_diff_challenge,-0.048767529450435936,corrected_S1_recomputed
F02,S1,A,C04,F02,S1,A,C08,same_device_same_state_diff_challenge,-0.31795273643691,corrected_S1_recomputed
F02,S1,A,C06,F02,S1,A,C08,same_device_same_state_diff_challenge,-0.13199165957739104,corrected_S1_recomputed
F02,S1,B,C01,F02,S1,B,C02,same_device_same_state_diff_challenge,0.06657941101679941,corrected_S1_recomputed
F02,S1,B,C01,F02,S1,B,C03,same_device_same_state_diff_challenge,-0.15520170201961941,corrected_S1_recomputed
F02,S1,B,C01,F02,S1,B,C04,same_device_same_state_diff_challenge,-0.3270753633896298,corrected_S1_recomputed
F02,S1,B,C01,F02,S1,B,C06,same_device_same_state_diff_challenge,-0.350609114950097,corrected_S1_recomputed
F02,S1,B,C01,F02,S1,B,C08,same_device_same_state_diff_challenge,-0.34682918454014866,corrected_S1_recomputed
F02,S1,B,C02,F02,S1,B,C03,same_device_same_state_diff_challenge,0.016034990624840297,corrected_S1_recomputed
F02,S1,B,C02,F02,S1,B,C04,same_device_same_state_diff_challenge,-0.3938148195611031,corrected_S1_recomputed
F02,S1,B,C02,F02,S1,B,C06,same_device_same_state_diff_challenge,-0.3078811810199336,corrected_S1_recomputed
F02,S1,B,C02,F02,S1,B,C08,same_device_same_state_diff_challenge,-0.4102519123081176,corrected_S1_recomputed
F02,S1,B,C03,F02,S1,B,C04,same_device_same_state_diff_challenge,-0.26552849870231426,corrected_S1_recomputed
F02,S1,B,C03,F02,S1,B,C06,same_device_same_state_diff_challenge,-0.1609784862512333,corrected_S1_recomputed
F02,S1,B,C03,F02,S1,B,C08,same_device_same_state_diff_challenge,-0.3458310499293994,corrected_S1_recomputed
F02,S1,B,C04,F02,S1,B,C06,same_device_same_state_diff_challenge,-0.09670297436843328,corrected_S1_recomputed
F02,S1,B,C04,F02,S1,B,C08,same_device_same_state_diff_challenge,0.09583094671851389,corrected_S1_recomputed
F02,S1,B,C06,F02,S1,B,C08,same_device_same_state_diff_challenge,-0.006851496898906161,corrected_S1_recomputed
F03,S1,A,C01,F03,S1,B,C01,same_device_same_state_same_challenge,0.510392713208237,corrected_S1_recomputed
F03,S1,A,C02,F03,S1,B,C02,same_device_same_state_same_challenge,0.1489854101287075,corrected_S1_recomputed
F03,S1,A,C03,F03,S1,B,C03,same_device_same_state_same_challenge,0.035621848551380814,corrected_S1_recomputed
F03,S1,A,C04,F03,S1,B,C04,same_device_same_state_same_challenge,0.14180343136646573,corrected_S1_recomputed
F03,S1,A,C05,F03,S1,B,C05,same_device_same_state_same_challenge,0.6585784296755002,corrected_S1_recomputed
F03,S1,A,C06,F03,S1,B,C06,same_device_same_state_same_challenge,0.054157778746846706,corrected_S1_recomputed
F03,S1,A,C07,F03,S1,B,C07,same_device_same_state_same_challenge,0.69471432462399,corrected_S1_recomputed
F03,S1,A,C01,F03,S1,A,C02,same_device_same_state_diff_challenge,-0.15248904974073677,corrected_S1_recomputed
F03,S1,A,C01,F03,S1,A,C03,same_device_same_state_diff_challenge,-0.25826740762069456,corrected_S1_recomputed
F03,S1,A,C01,F03,S1,A,C04,same_device_same_state_diff_challenge,-0.13726366923077366,corrected_S1_recomputed
F03,S1,A,C01,F03,S1,A,C05,same_device_same_state_diff_challenge,-0.22693487896400094,corrected_S1_recomputed
F03,S1,A,C01,F03,S1,A,C06,same_device_same_state_diff_challenge,-0.08236253625172077,corrected_S1_recomputed
F03,S1,A,C01,F03,S1,A,C07,same_device_same_state_diff_challenge,-0.1795888750462222,corrected_S1_recomputed
F03,S1,A,C02,F03,S1,A,C03,same_device_same_state_diff_challenge,0.05929730848196495,corrected_S1_recomputed
F03,S1,A,C02,F03,S1,A,C04,same_device_same_state_diff_challenge,-0.11135049881925271,corrected_S1_recomputed
F03,S1,A,C02,F03,S1,A,C05,same_device_same_state_diff_challenge,-0.27382534388965296,corrected_S1_recomputed
F03,S1,A,C02,F03,S1,A,C06,same_device_same_state_diff_challenge,-0.25956330192855775,corrected_S1_recomputed
F03,S1,A,C02,F03,S1,A,C07,same_device_same_state_diff_challenge,-0.22226281036595502,corrected_S1_recomputed
F03,S1,A,C03,F03,S1,A,C04,same_device_same_state_diff_challenge,-0.23372038004692414,corrected_S1_recomputed
F03,S1,A,C03,F03,S1,A,C05,same_device_same_state_diff_challenge,-0.06308173493622407,corrected_S1_recomputed
F03,S1,A,C03,F03,S1,A,C06,same_device_same_state_diff_challenge,-0.20379190057258395,corrected_S1_recomputed
F03,S1,A,C03,F03,S1,A,C07,same_device_same_state_diff_challenge,-0.22948593918373247,corrected_S1_recomputed
F03,S1,A,C04,F03,S1,A,C05,same_device_same_state_diff_challenge,-0.22043823401177234,corrected_S1_recomputed
F03,S1,A,C04,F03,S1,A,C06,same_device_same_state_diff_challenge,-0.21299238740374551,corrected_S1_recomputed
F03,S1,A,C04,F03,S1,A,C07,same_device_same_state_diff_challenge,0.012642397665786285,corrected_S1_recomputed
F03,S1,A,C05,F03,S1,A,C06,same_device_same_state_diff_challenge,-0.17302893129655136,corrected_S1_recomputed
F03,S1,A,C05,F03,S1,A,C07,same_device_same_state_diff_challenge,-0.08049025830438346,corrected_S1_recomputed
F03,S1,A,C06,F03,S1,A,C07,same_device_same_state_diff_challenge,-0.23164470734347203,corrected_S1_recomputed
F03,S1,B,C01,F03,S1,B,C02,same_device_same_state_diff_challenge,-0.275447388041806,corrected_S1_recomputed
F03,S1,B,C01,F03,S1,B,C03,same_device_same_state_diff_challenge,0.07226103538552735,corrected_S1_recomputed
F03,S1,B,C01,F03,S1,B,C04,same_device_same_state_diff_challenge,-0.07352318019717717,corrected_S1_recomputed
F03,S1,B,C01,F03,S1,B,C05,same_device_same_state_diff_challenge,-0.31165354282461777,corrected_S1_recomputed
F03,S1,B,C01,F03,S1,B,C06,same_device_same_state_diff_challenge,-0.2896688820804185,corrected_S1_recomputed
F03,S1,B,C01,F03,S1,B,C07,same_device_same_state_diff_challenge,-0.03969831193813149,corrected_S1_recomputed
F03,S1,B,C02,F03,S1,B,C03,same_device_same_state_diff_challenge,-0.2568568583241471,corrected_S1_recomputed
F03,S1,B,C02,F03,S1,B,C04,same_device_same_state_diff_challenge,-0.11941662376960822,corrected_S1_recomputed
F03,S1,B,C02,F03,S1,B,C05,same_device_same_state_diff_challenge,-0.07443121224809623,corrected_S1_recomputed
F03,S1,B,C02,F03,S1,B,C06,same_device_same_state_diff_challenge,-0.12396880641127225,corrected_S1_recomputed
F03,S1,B,C02,F03,S1,B,C07,same_device_same_state_diff_challenge,-0.20507750417264517,corrected_S1_recomputed
F03,S1,B,C03,F03,S1,B,C04,same_device_same_state_diff_challenge,-0.03763765247532223,corrected_S1_recomputed
F03,S1,B,C03,F03,S1,B,C05,same_device_same_state_diff_challenge,-0.2966065360928898,corrected_S1_recomputed
F03,S1,B,C03,F03,S1,B,C06,same_device_same_state_diff_challenge,-0.3005252268387393,corrected_S1_recomputed
F03,S1,B,C03,F03,S1,B,C07,same_device_same_state_diff_challenge,-0.11503789706790679,corrected_S1_recomputed
F03,S1,B,C04,F03,S1,B,C05,same_device_same_state_diff_challenge,-0.22728436594597756,corrected_S1_recomputed
F03,S1,B,C04,F03,S1,B,C06,same_device_same_state_diff_challenge,-0.3591209716139715,corrected_S1_recomputed
F03,S1,B,C04,F03,S1,B,C07,same_device_same_state_diff_challenge,-0.17913804078496592,corrected_S1_recomputed
F03,S1,B,C05,F03,S1,B,C06,same_device_same_state_diff_challenge,0.10119843166526067,corrected_S1_recomputed
F03,S1,B,C05,F03,S1,B,C07,same_device_same_state_diff_challenge,-0.2767325283152553,corrected_S1_recomputed
F03,S1,B,C06,F03,S1,B,C07,same_device_same_state_diff_challenge,-0.10157810306162089,corrected_S1_recomputed
F04,S1,A,C01,F04,S1,B,C01,same_device_same_state_same_challenge,0.4292638094699622,corrected_S1_recomputed
F04,S1,A,C02,F04,S1,B,C02,same_device_same_state_same_challenge,0.783568129890819,corrected_S1_recomputed
F04,S1,A,C03,F04,S1,B,C03,same_device_same_state_same_challenge,0.573206351141257,corrected_S1_recomputed
F04,S1,A,C04,F04,S1,B,C04,same_device_same_state_same_challenge,0.2802564561047901,corrected_S1_recomputed
F04,S1,A,C06,F04,S1,B,C06,same_device_same_state_same_challenge,0.47550529780854217,corrected_S1_recomputed
F04,S1,A,C07,F04,S1,B,C07,same_device_same_state_same_challenge,0.2525165257752684,corrected_S1_recomputed
F04,S1,A,C08,F04,S1,B,C08,same_device_same_state_same_challenge,0.796006114577307,corrected_S1_recomputed
F04,S1,A,C01,F04,S1,A,C02,same_device_same_state_diff_challenge,0.04322542189102582,corrected_S1_recomputed
F04,S1,A,C01,F04,S1,A,C03,same_device_same_state_diff_challenge,-0.06558549399870335,corrected_S1_recomputed
F04,S1,A,C01,F04,S1,A,C04,same_device_same_state_diff_challenge,-0.14036787021520095,corrected_S1_recomputed
F04,S1,A,C01,F04,S1,A,C06,same_device_same_state_diff_challenge,-0.2781149533516548,corrected_S1_recomputed
F04,S1,A,C01,F04,S1,A,C07,same_device_same_state_diff_challenge,-0.29178185135147333,corrected_S1_recomputed
F04,S1,A,C01,F04,S1,A,C08,same_device_same_state_diff_challenge,-0.2724952276292609,corrected_S1_recomputed
F04,S1,A,C02,F04,S1,A,C03,same_device_same_state_diff_challenge,0.058986881888592274,corrected_S1_recomputed
F04,S1,A,C02,F04,S1,A,C04,same_device_same_state_diff_challenge,-0.12788682222298764,corrected_S1_recomputed
F04,S1,A,C02,F04,S1,A,C06,same_device_same_state_diff_challenge,-0.30069902904571194,corrected_S1_recomputed
F04,S1,A,C02,F04,S1,A,C07,same_device_same_state_diff_challenge,-0.31850116400497286,corrected_S1_recomputed
F04,S1,A,C02,F04,S1,A,C08,same_device_same_state_diff_challenge,-0.29313850596100094,corrected_S1_recomputed
F04,S1,A,C03,F04,S1,A,C04,same_device_same_state_diff_challenge,-0.1587151018740517,corrected_S1_recomputed
F04,S1,A,C03,F04,S1,A,C06,same_device_same_state_diff_challenge,-0.2203746390257754,corrected_S1_recomputed
F04,S1,A,C03,F04,S1,A,C07,same_device_same_state_diff_challenge,-0.2938603903639971,corrected_S1_recomputed
F04,S1,A,C03,F04,S1,A,C08,same_device_same_state_diff_challenge,-0.27616177297909844,corrected_S1_recomputed
F04,S1,A,C04,F04,S1,A,C06,same_device_same_state_diff_challenge,-0.26253493747329226,corrected_S1_recomputed
F04,S1,A,C04,F04,S1,A,C07,same_device_same_state_diff_challenge,-0.26749174245876894,corrected_S1_recomputed
F04,S1,A,C04,F04,S1,A,C08,same_device_same_state_diff_challenge,-0.062105170217153616,corrected_S1_recomputed
F04,S1,A,C06,F04,S1,A,C07,same_device_same_state_diff_challenge,0.19049998206784147,corrected_S1_recomputed
F04,S1,A,C06,F04,S1,A,C08,same_device_same_state_diff_challenge,-0.11666007058440475,corrected_S1_recomputed
F04,S1,A,C07,F04,S1,A,C08,same_device_same_state_diff_challenge,-0.042273597022147884,corrected_S1_recomputed
F04,S1,B,C01,F04,S1,B,C02,same_device_same_state_diff_challenge,-0.07375615534124869,corrected_S1_recomputed
F04,S1,B,C01,F04,S1,B,C03,same_device_same_state_diff_challenge,-0.14682659397292086,corrected_S1_recomputed
F04,S1,B,C01,F04,S1,B,C04,same_device_same_state_diff_challenge,-0.1677081740566047,corrected_S1_recomputed
F04,S1,B,C01,F04,S1,B,C06,same_device_same_state_diff_challenge,-0.23252803829073,corrected_S1_recomputed
F04,S1,B,C01,F04,S1,B,C07,same_device_same_state_diff_challenge,-0.2001533594186965,corrected_S1_recomputed
F04,S1,B,C01,F04,S1,B,C08,same_device_same_state_diff_challenge,-0.2481120818988345,corrected_S1_recomputed
F04,S1,B,C02,F04,S1,B,C03,same_device_same_state_diff_challenge,0.027795069214559827,corrected_S1_recomputed
F04,S1,B,C02,F04,S1,B,C04,same_device_same_state_diff_challenge,-0.12202930653752246,corrected_S1_recomputed
F04,S1,B,C02,F04,S1,B,C06,same_device_same_state_diff_challenge,-0.2858821813985329,corrected_S1_recomputed
F04,S1,B,C02,F04,S1,B,C07,same_device_same_state_diff_challenge,-0.25226454319499314,corrected_S1_recomputed
F04,S1,B,C02,F04,S1,B,C08,same_device_same_state_diff_challenge,-0.3224782993582099,corrected_S1_recomputed
F04,S1,B,C03,F04,S1,B,C04,same_device_same_state_diff_challenge,0.06936502398263115,corrected_S1_recomputed
F04,S1,B,C03,F04,S1,B,C06,same_device_same_state_diff_challenge,-0.25467544462451214,corrected_S1_recomputed
F04,S1,B,C03,F04,S1,B,C07,same_device_same_state_diff_challenge,-0.28713146530293715,corrected_S1_recomputed
F04,S1,B,C03,F04,S1,B,C08,same_device_same_state_diff_challenge,-0.291518679737458,corrected_S1_recomputed
F04,S1,B,C04,F04,S1,B,C06,same_device_same_state_diff_challenge,-0.19482440700130355,corrected_S1_recomputed
F04,S1,B,C04,F04,S1,B,C07,same_device_same_state_diff_challenge,-0.27957819887098945,corrected_S1_recomputed
F04,S1,B,C04,F04,S1,B,C08,same_device_same_state_diff_challenge,-0.19183879431212777,corrected_S1_recomputed
F04,S1,B,C06,F04,S1,B,C07,same_device_same_state_diff_challenge,-0.05913550739702195,corrected_S1_recomputed
F04,S1,B,C06,F04,S1,B,C08,same_device_same_state_diff_challenge,0.04858425256741584,corrected_S1_recomputed
F04,S1,B,C07,F04,S1,B,C08,same_device_same_state_diff_challenge,-0.019340619368749538,corrected_S1_recomputed
F05,S1,A,C01,F05,S1,B,C01,same_device_same_state_same_challenge,0.47818538329825155,corrected_S1_recomputed
F05,S1,A,C02,F05,S1,B,C02,same_device_same_state_same_challenge,0.1851559890034349,corrected_S1_recomputed
F05,S1,A,C03,F05,S1,B,C03,same_device_same_state_same_challenge,0.8166807818988857,corrected_S1_recomputed
F05,S1,A,C04,F05,S1,B,C04,same_device_same_state_same_challenge,0.7165743136672731,corrected_S1_recomputed
F05,S1,A,C06,F05,S1,B,C06,same_device_same_state_same_challenge,0.4185748625798797,corrected_S1_recomputed
F05,S1,A,C07,F05,S1,B,C07,same_device_same_state_same_challenge,0.5275321202715745,corrected_S1_recomputed
F05,S1,A,C08,F05,S1,B,C08,same_device_same_state_same_challenge,0.415739572381372,corrected_S1_recomputed
F05,S1,A,C01,F05,S1,A,C02,same_device_same_state_diff_challenge,-0.10956415898375427,corrected_S1_recomputed
F05,S1,A,C01,F05,S1,A,C03,same_device_same_state_diff_challenge,-0.19822183591665096,corrected_S1_recomputed
F05,S1,A,C01,F05,S1,A,C04,same_device_same_state_diff_challenge,-0.19609802451420089,corrected_S1_recomputed
F05,S1,A,C01,F05,S1,A,C06,same_device_same_state_diff_challenge,-0.22951073183606877,corrected_S1_recomputed
F05,S1,A,C01,F05,S1,A,C07,same_device_same_state_diff_challenge,-0.20015789682849727,corrected_S1_recomputed
F05,S1,A,C01,F05,S1,A,C08,same_device_same_state_diff_challenge,-0.22513603315212116,corrected_S1_recomputed
F05,S1,A,C02,F05,S1,A,C03,same_device_same_state_diff_challenge,-0.228107191498649,corrected_S1_recomputed
F05,S1,A,C02,F05,S1,A,C04,same_device_same_state_diff_challenge,-0.2141220820682031,corrected_S1_recomputed
F05,S1,A,C02,F05,S1,A,C06,same_device_same_state_diff_challenge,-0.10801578772900511,corrected_S1_recomputed
F05,S1,A,C02,F05,S1,A,C07,same_device_same_state_diff_challenge,-0.1459856483801324,corrected_S1_recomputed
F05,S1,A,C02,F05,S1,A,C08,same_device_same_state_diff_challenge,-0.21560391816841645,corrected_S1_recomputed
F05,S1,A,C03,F05,S1,A,C04,same_device_same_state_diff_challenge,0.19668110224964752,corrected_S1_recomputed
F05,S1,A,C03,F05,S1,A,C06,same_device_same_state_diff_challenge,-0.3114188577073685,corrected_S1_recomputed
F05,S1,A,C03,F05,S1,A,C07,same_device_same_state_diff_challenge,-0.2832300266690849,corrected_S1_recomputed
F05,S1,A,C03,F05,S1,A,C08,same_device_same_state_diff_challenge,-0.24754202567609476,corrected_S1_recomputed
F05,S1,A,C04,F05,S1,A,C06,same_device_same_state_diff_challenge,-0.32094129913238273,corrected_S1_recomputed
F05,S1,A,C04,F05,S1,A,C07,same_device_same_state_diff_challenge,-0.3015236056482416,corrected_S1_recomputed
F05,S1,A,C04,F05,S1,A,C08,same_device_same_state_diff_challenge,-0.26249326798972733,corrected_S1_recomputed
F05,S1,A,C06,F05,S1,A,C07,same_device_same_state_diff_challenge,0.06962394259418413,corrected_S1_recomputed
F05,S1,A,C06,F05,S1,A,C08,same_device_same_state_diff_challenge,-0.03430294199720686,corrected_S1_recomputed
F05,S1,A,C07,F05,S1,A,C08,same_device_same_state_diff_challenge,0.10526970865620032,corrected_S1_recomputed
F05,S1,B,C01,F05,S1,B,C02,same_device_same_state_diff_challenge,-0.1405853244546259,corrected_S1_recomputed
F05,S1,B,C01,F05,S1,B,C03,same_device_same_state_diff_challenge,-0.202492165500423,corrected_S1_recomputed
F05,S1,B,C01,F05,S1,B,C04,same_device_same_state_diff_challenge,-0.14378840657820935,corrected_S1_recomputed
F05,S1,B,C01,F05,S1,B,C06,same_device_same_state_diff_challenge,-0.22156796968358777,corrected_S1_recomputed
F05,S1,B,C01,F05,S1,B,C07,same_device_same_state_diff_challenge,-0.23764188143847012,corrected_S1_recomputed
F05,S1,B,C01,F05,S1,B,C08,same_device_same_state_diff_challenge,-0.20700766785934707,corrected_S1_recomputed
F05,S1,B,C02,F05,S1,B,C03,same_device_same_state_diff_challenge,-0.12765328321871997,corrected_S1_recomputed
F05,S1,B,C02,F05,S1,B,C04,same_device_same_state_diff_challenge,-0.22105584853020974,corrected_S1_recomputed
F05,S1,B,C02,F05,S1,B,C06,same_device_same_state_diff_challenge,-0.09055440528232796,corrected_S1_recomputed
F05,S1,B,C02,F05,S1,B,C07,same_device_same_state_diff_challenge,-0.19214571349090348,corrected_S1_recomputed
F05,S1,B,C02,F05,S1,B,C08,same_device_same_state_diff_challenge,-0.26701233468756935,corrected_S1_recomputed
F05,S1,B,C03,F05,S1,B,C04,same_device_same_state_diff_challenge,0.08792641775712295,corrected_S1_recomputed
F05,S1,B,C03,F05,S1,B,C06,same_device_same_state_diff_challenge,-0.25670959404372523,corrected_S1_recomputed
F05,S1,B,C03,F05,S1,B,C07,same_device_same_state_diff_challenge,-0.26431495078550005,corrected_S1_recomputed
F05,S1,B,C03,F05,S1,B,C08,same_device_same_state_diff_challenge,-0.20667717320133192,corrected_S1_recomputed
F05,S1,B,C04,F05,S1,B,C06,same_device_same_state_diff_challenge,-0.3029319617318168,corrected_S1_recomputed
F05,S1,B,C04,F05,S1,B,C07,same_device_same_state_diff_challenge,-0.29477735242779485,corrected_S1_recomputed
F05,S1,B,C04,F05,S1,B,C08,same_device_same_state_diff_challenge,-0.18746114761797175,corrected_S1_recomputed
F05,S1,B,C06,F05,S1,B,C07,same_device_same_state_diff_challenge,0.08579304169069567,corrected_S1_recomputed
F05,S1,B,C06,F05,S1,B,C08,same_device_same_state_diff_challenge,-0.11490940544137135,corrected_S1_recomputed
F05,S1,B,C07,F05,S1,B,C08,same_device_same_state_diff_challenge,0.025831347408468132,corrected_S1_recomputed
